mysql> source BAKERY/BAKERY-script.sql
--------------
DROP TABLE IF EXISTS Items, Receipts, Customers, Goods
--------------

Query OK, 0 rows affected, 4 warnings (0.00 sec)

--------------
CREATE TABLE Goods(
   Id VARCHAR(15),
   Flavor VARCHAR(15),
   Food VARCHAR(15),
   Price FLOAT,
   PRIMARY KEY (Id)
   )
--------------

Query OK, 0 rows affected (0.01 sec)

--------------
CREATE TABLE Customers(
   Id INT,
   LastName VARCHAR(15),
   FirstName VARCHAR(15),
   PRIMARY KEY (Id)
   )
--------------

Query OK, 0 rows affected (0.02 sec)

--------------
CREATE TABLE Receipts(
   ReceiptNumber INT,
   Date DATE,
   CustomerId INT,
   PRIMARY KEY (ReceiptNumber),
   FOREIGN KEY (CustomerId) REFERENCES Customers(Id)
   )
--------------

Query OK, 0 rows affected (0.01 sec)

--------------
CREATE TABLE Items(
   Receipt INT,
   Ordinal INT,
   Item VARCHAR(15),
   PRIMARY KEY (Receipt, Ordinal),
   FOREIGN KEY (Receipt) REFERENCES Receipts(ReceiptNumber),
   FOREIGN KEY (Item) REFERENCES Goods(Id)
   )
--------------

Query OK, 0 rows affected (0.04 sec)

--------------
SHOW TABLES
--------------

+-------------------+
| Tables_in_adinh03 |
+-------------------+
| Customers         |
| Goods             |
| Items             |
| Receipts          |
+-------------------+
4 rows in set (0.00 sec)

--------------
INSERT INTO Goods VALUES('20-BC-C-10', 'Chocolate', 'Cake', 8.95)
--------------

Query OK, 1 row affected (0.01 sec)

--------------
INSERT INTO Goods VALUES('20-BC-L-10', 'Lemon', 'Cake', 8.95)
--------------

Query OK, 1 row affected (0.01 sec)

--------------
INSERT INTO Goods VALUES('20-CA-7.5', 'Casino', 'Cake', 15.95)
--------------

Query OK, 1 row affected (0.02 sec)

--------------
INSERT INTO Goods VALUES('24-8x10', 'Opera', 'Cake', 15.95)
--------------

Query OK, 1 row affected (0.01 sec)

--------------
INSERT INTO Goods VALUES('25-STR-9', 'Strawberry', 'Cake', 11.95)
--------------

Query OK, 1 row affected (0.01 sec)

--------------
INSERT INTO Goods VALUES('26-8x10', 'Truffle', 'Cake', 15.95)
--------------

Query OK, 1 row affected (0.00 sec)

--------------
INSERT INTO Goods VALUES('45-CH', 'Chocolate', 'Eclair', 3.25)
--------------

Query OK, 1 row affected (0.01 sec)

--------------
INSERT INTO Goods VALUES('45-CO', 'Coffee', 'Eclair', 3.5)
--------------

Query OK, 1 row affected (0.00 sec)

--------------
INSERT INTO Goods VALUES('45-VA', 'Vanilla', 'Eclair', 3.25)
--------------

Query OK, 1 row affected (0.01 sec)

--------------
INSERT INTO Goods VALUES('46-11', 'Napoleon', 'Cake', 13.49)
--------------

Query OK, 1 row affected (0.01 sec)

--------------
INSERT INTO Goods VALUES('90-ALM-I', 'Almond', 'Tart', 3.75)
--------------

Query OK, 1 row affected (0.01 sec)

--------------
INSERT INTO Goods VALUES('90-APIE-10', 'Apple', 'Pie', 5.25)
--------------

Query OK, 1 row affected (0.00 sec)

--------------
INSERT INTO Goods VALUES('90-APP-11', 'Apple', 'Tart', 3.25)
--------------

Query OK, 1 row affected (0.00 sec)

--------------
INSERT INTO Goods VALUES('90-APR-PF', 'Apricot', 'Tart', 3.25)
--------------

Query OK, 1 row affected (0.01 sec)

--------------
INSERT INTO Goods VALUES('90-BER-11', 'Berry', 'Tart', 3.25)
--------------

Query OK, 1 row affected (0.01 sec)

--------------
INSERT INTO Goods VALUES('90-BLK-PF', 'Blackberry', 'Tart', 3.25)
--------------

Query OK, 1 row affected (0.00 sec)

--------------
INSERT INTO Goods VALUES('90-BLU-11', 'Blueberry', 'Tart', 3.25)
--------------

Query OK, 1 row affected (0.02 sec)

--------------
INSERT INTO Goods VALUES('90-CH-PF', 'Chocolate', 'Tart', 3.75)
--------------

Query OK, 1 row affected (0.01 sec)

--------------
INSERT INTO Goods VALUES('90-CHR-11', 'Cherry', 'Tart', 3.25)
--------------

Query OK, 1 row affected (0.01 sec)

--------------
INSERT INTO Goods VALUES('90-LEM-11', 'Lemon', 'Tart', 3.25)
--------------

Query OK, 1 row affected (0.01 sec)

--------------
INSERT INTO Goods VALUES('90-PEC-11', 'Pecan', 'Tart', 3.75)
--------------

Query OK, 1 row affected (0.01 sec)

--------------
INSERT INTO Goods VALUES('70-GA', 'Ganache', 'Cookie', 1.15)
--------------

Query OK, 1 row affected (0.01 sec)

--------------
INSERT INTO Goods VALUES('70-GON', 'Gongolais', 'Cookie', 1.15)
--------------

Query OK, 1 row affected (0.02 sec)

--------------
INSERT INTO Goods VALUES('70-R', 'Raspberry', 'Cookie', 1.09)
--------------

Query OK, 1 row affected (0.01 sec)

--------------
INSERT INTO Goods VALUES('70-LEM', 'Lemon', 'Cookie', 0.79)
--------------

Query OK, 1 row affected (0.00 sec)

--------------
INSERT INTO Goods VALUES('70-M-CH-DZ', 'Chocolate', 'Meringue', 1.25)
--------------

Query OK, 1 row affected (0.02 sec)

--------------
INSERT INTO Goods VALUES('70-M-VA-SM-DZ', 'Vanilla', 'Meringue', 1.15)
--------------

Query OK, 1 row affected (0.00 sec)

--------------
INSERT INTO Goods VALUES('70-MAR', 'Marzipan', 'Cookie', 1.25)
--------------

Query OK, 1 row affected (0.00 sec)

--------------
INSERT INTO Goods VALUES('70-TU', 'Tuile', 'Cookie', 1.25)
--------------

Query OK, 1 row affected (0.00 sec)

--------------
INSERT INTO Goods VALUES('70-W', 'Walnut', 'Cookie', 0.79)
--------------

Query OK, 1 row affected (0.01 sec)

--------------
INSERT INTO Goods VALUES('50-ALM', 'Almond', 'Croissant', 1.45)
--------------

Query OK, 1 row affected (0.00 sec)

--------------
INSERT INTO Goods VALUES('50-APP', 'Apple', 'Croissant', 1.45)
--------------

Query OK, 1 row affected (0.01 sec)

--------------
INSERT INTO Goods VALUES('50-APR', 'Apricot', 'Croissant', 1.45)
--------------

Query OK, 1 row affected (0.01 sec)

--------------
INSERT INTO Goods VALUES('50-CHS', 'Cheese', 'Croissant', 1.75)
--------------

Query OK, 1 row affected (0.01 sec)

--------------
INSERT INTO Goods VALUES('50-CH', 'Chocolate', 'Croissant', 1.75)
--------------

Query OK, 1 row affected (0.01 sec)

--------------
INSERT INTO Goods VALUES('51-APR', 'Apricot', 'Danish', 1.15)
--------------

Query OK, 1 row affected (0.01 sec)

--------------
INSERT INTO Goods VALUES('51-APP', 'Apple', 'Danish', 1.15)
--------------

Query OK, 1 row affected (0.02 sec)

--------------
INSERT INTO Goods VALUES('51-ATW', 'Almond', 'Twist', 1.15)
--------------

Query OK, 1 row affected (0.01 sec)

--------------
INSERT INTO Goods VALUES('51-BC', 'Almond', 'Bear Claw', 1.95)
--------------

Query OK, 1 row affected (0.01 sec)

--------------
INSERT INTO Goods VALUES('51-BLU', 'Blueberry', 'Danish', 1.15)
--------------

Query OK, 1 row affected (0.01 sec)

--------------
INSERT INTO Customers VALUES(1,  'LOGAN',  'JULIET')
--------------

Query OK, 1 row affected (0.01 sec)

--------------
INSERT INTO Customers VALUES(2,  'ARZT',  'TERRELL')
--------------

Query OK, 1 row affected (0.01 sec)

--------------
INSERT INTO Customers VALUES(3,  'ESPOSITA',  'TRAVIS')
--------------

Query OK, 1 row affected (0.00 sec)

--------------
INSERT INTO Customers VALUES(4,  'ENGLEY',  'SIXTA')
--------------

Query OK, 1 row affected (0.01 sec)

--------------
INSERT INTO Customers VALUES(5,  'DUNLOW',  'OSVALDO')
--------------

Query OK, 1 row affected (0.01 sec)

--------------
INSERT INTO Customers VALUES(6,  'SLINGLAND',  'JOSETTE')
--------------

Query OK, 1 row affected (0.01 sec)

--------------
INSERT INTO Customers VALUES(7,  'TOUSSAND',  'SHARRON')
--------------

Query OK, 1 row affected (0.01 sec)

--------------
INSERT INTO Customers VALUES(8,  'HELING',  'RUPERT')
--------------

Query OK, 1 row affected (0.01 sec)

--------------
INSERT INTO Customers VALUES(9,  'HAFFERKAMP',  'CUC')
--------------

Query OK, 1 row affected (0.00 sec)

--------------
INSERT INTO Customers VALUES(10,  'DUKELOW',  'CORETTA')
--------------

Query OK, 1 row affected (0.02 sec)

--------------
INSERT INTO Customers VALUES(11,  'STADICK',  'MIGDALIA')
--------------

Query OK, 1 row affected (0.00 sec)

--------------
INSERT INTO Customers VALUES(12,  'MCMAHAN',  'MELLIE')
--------------

Query OK, 1 row affected (0.01 sec)

--------------
INSERT INTO Customers VALUES(13,  'ARNN',  'KIP')
--------------

Query OK, 1 row affected (0.01 sec)

--------------
INSERT INTO Customers VALUES(14,  'SOPKO',  'RAYFORD')
--------------

Query OK, 1 row affected (0.01 sec)

--------------
INSERT INTO Customers VALUES(15,  'CALLENDAR',  'DAVID')
--------------

Query OK, 1 row affected (0.01 sec)

--------------
INSERT INTO Customers VALUES(16,  'CRUZEN',  'ARIANE')
--------------

Query OK, 1 row affected (0.02 sec)

--------------
INSERT INTO Customers VALUES(17,  'MESDAQ',  'CHARLENE')
--------------

Query OK, 1 row affected (0.01 sec)

--------------
INSERT INTO Customers VALUES(18,  'DOMKOWSKI',  'ALMETA')
--------------

Query OK, 1 row affected (0.01 sec)

--------------
INSERT INTO Customers VALUES(19,  'STENZ',  'NATACHA')
--------------

Query OK, 1 row affected (0.01 sec)

--------------
INSERT INTO Customers VALUES(20,  'ZEME',  'STEPHEN')
--------------

Query OK, 1 row affected (0.01 sec)

--------------
INSERT INTO Receipts VALUES(18129, '2007/10/28',  15)
--------------

Query OK, 1 row affected (0.01 sec)

--------------
INSERT INTO Receipts VALUES(51991, '2007/10/17',  14)
--------------

Query OK, 1 row affected (0.01 sec)

--------------
INSERT INTO Receipts VALUES(83085, '2007/10/12',  7)
--------------

Query OK, 1 row affected (0.01 sec)

--------------
INSERT INTO Receipts VALUES(70723, '2007/10/28',  20)
--------------

Query OK, 1 row affected (0.01 sec)

--------------
INSERT INTO Receipts VALUES(13355, '2007/10/19',  7)
--------------

Query OK, 1 row affected (0.01 sec)

--------------
INSERT INTO Receipts VALUES(52761, '2007/10/27',  8)
--------------

Query OK, 1 row affected (0.01 sec)

--------------
INSERT INTO Receipts VALUES(99002, '2007/10/13',  20)
--------------

Query OK, 1 row affected (0.01 sec)

--------------
INSERT INTO Receipts VALUES(58770, '2007/10/22',  18)
--------------

Query OK, 1 row affected (0.01 sec)

--------------
INSERT INTO Receipts VALUES(84665, '2007/10/10',  6)
--------------

Query OK, 1 row affected (0.00 sec)

--------------
INSERT INTO Receipts VALUES(55944, '2007/10/16',  19)
--------------

Query OK, 1 row affected (0.01 sec)

--------------
INSERT INTO Receipts VALUES(42166, '2007/10/14',  8)
--------------

Query OK, 1 row affected (0.01 sec)

--------------
INSERT INTO Receipts VALUES(16034, '2007/10/10',  4)
--------------

Query OK, 1 row affected (0.00 sec)

--------------
INSERT INTO Receipts VALUES(25906, '2007/10/29',  15)
--------------

Query OK, 1 row affected (0.01 sec)

--------------
INSERT INTO Receipts VALUES(27741, '2007/10/25',  8)
--------------

Query OK, 1 row affected (0.01 sec)

--------------
INSERT INTO Receipts VALUES(64451, '2007/10/10',  11)
--------------

Query OK, 1 row affected (0.01 sec)

--------------
INSERT INTO Receipts VALUES(41028, '2007/10/6',  17)
--------------

Query OK, 1 row affected (0.01 sec)

--------------
INSERT INTO Receipts VALUES(73716, '2007/10/29',  18)
--------------

Query OK, 1 row affected (0.01 sec)

--------------
INSERT INTO Receipts VALUES(76667, '2007/10/14',  15)
--------------

Query OK, 1 row affected (0.00 sec)

--------------
INSERT INTO Receipts VALUES(21040, '2007/10/3',  6)
--------------

Query OK, 1 row affected (0.01 sec)

--------------
INSERT INTO Receipts VALUES(48332, '2007/10/15',  20)
--------------

Query OK, 1 row affected (0.00 sec)

--------------
INSERT INTO Receipts VALUES(35011, '2007/10/10',  20)
--------------

Query OK, 1 row affected (0.01 sec)

--------------
INSERT INTO Receipts VALUES(95962, '2007/10/26',  8)
--------------

Query OK, 1 row affected (0.00 sec)

--------------
INSERT INTO Receipts VALUES(44798, '2007/10/4',  16)
--------------

Query OK, 1 row affected (0.01 sec)

--------------
INSERT INTO Receipts VALUES(60270, '2007/10/31',  11)
--------------

Query OK, 1 row affected (0.00 sec)

--------------
INSERT INTO Receipts VALUES(21162, '2007/10/4',  8)
--------------

Query OK, 1 row affected (0.00 sec)

--------------
INSERT INTO Receipts VALUES(77406, '2007/10/9',  13)
--------------

Query OK, 1 row affected (0.02 sec)

--------------
INSERT INTO Receipts VALUES(32565, '2007/10/24',  14)
--------------

Query OK, 1 row affected (0.01 sec)

--------------
INSERT INTO Receipts VALUES(36343, '2007/10/31',  19)
--------------

Query OK, 1 row affected (0.00 sec)

--------------
INSERT INTO Receipts VALUES(96619, '2007/10/7',  18)
--------------

Query OK, 1 row affected (0.01 sec)

--------------
INSERT INTO Receipts VALUES(86678, '2007/10/24',  3)
--------------

Query OK, 1 row affected (0.02 sec)

--------------
INSERT INTO Receipts VALUES(44330, '2007/10/20',  18)
--------------

Query OK, 1 row affected (0.01 sec)

--------------
INSERT INTO Receipts VALUES(91937, '2007/10/21',  12)
--------------

Query OK, 1 row affected (0.01 sec)

--------------
INSERT INTO Receipts VALUES(21545, '2007/10/22',  12)
--------------

Query OK, 1 row affected (0.01 sec)

--------------
INSERT INTO Receipts VALUES(29226, '2007/10/26',  14)
--------------

Query OK, 1 row affected (0.01 sec)

--------------
INSERT INTO Receipts VALUES(25121, '2007/10/20',  18)
--------------

Query OK, 1 row affected (0.02 sec)

--------------
INSERT INTO Receipts VALUES(54935, '2007/10/16',  14)
--------------

Query OK, 1 row affected (0.01 sec)

--------------
INSERT INTO Receipts VALUES(36423, '2007/10/24',  16)
--------------

Query OK, 1 row affected (0.01 sec)

--------------
INSERT INTO Receipts VALUES(83437, '2007/10/15',  8)
--------------

Query OK, 1 row affected (0.01 sec)

--------------
INSERT INTO Receipts VALUES(49854, '2007/10/12',  2)
--------------

Query OK, 1 row affected (0.01 sec)

--------------
INSERT INTO Receipts VALUES(99994, '2007/10/21',  6)
--------------

Query OK, 1 row affected (0.01 sec)

--------------
INSERT INTO Receipts VALUES(21622, '2007/10/10',  7)
--------------

Query OK, 1 row affected (0.01 sec)

--------------
INSERT INTO Receipts VALUES(64861, '2007/10/15',  10)
--------------

Query OK, 1 row affected (0.01 sec)

--------------
INSERT INTO Receipts VALUES(33456, '2007/10/5',  16)
--------------

Query OK, 1 row affected (0.00 sec)

--------------
INSERT INTO Receipts VALUES(75468, '2007/10/21',  10)
--------------

Query OK, 1 row affected (0.02 sec)

--------------
INSERT INTO Receipts VALUES(56365, '2007/10/14',  12)
--------------

Query OK, 1 row affected (0.01 sec)

--------------
INSERT INTO Receipts VALUES(91192, '2007/10/10',  5)
--------------

Query OK, 1 row affected (0.00 sec)

--------------
INSERT INTO Receipts VALUES(82056, '2007/10/7',  18)
--------------

Query OK, 1 row affected (0.01 sec)

--------------
INSERT INTO Receipts VALUES(27192, '2007/10/28',  9)
--------------

Query OK, 1 row affected (0.01 sec)

--------------
INSERT INTO Receipts VALUES(59716, '2007/10/30',  2)
--------------

Query OK, 1 row affected (0.01 sec)

--------------
INSERT INTO Receipts VALUES(82795, '2007/10/8',  15)
--------------

Query OK, 1 row affected (0.01 sec)

--------------
INSERT INTO Receipts VALUES(26240, '2007/10/7',  16)
--------------

Query OK, 1 row affected (0.01 sec)

--------------
INSERT INTO Receipts VALUES(56724, '2007/10/9',  13)
--------------

Query OK, 1 row affected (0.02 sec)

--------------
INSERT INTO Receipts VALUES(70796, '2007/10/31',  12)
--------------

Query OK, 1 row affected (0.01 sec)

--------------
INSERT INTO Receipts VALUES(37636, '2007/10/20',  1)
--------------

Query OK, 1 row affected (0.00 sec)

--------------
INSERT INTO Receipts VALUES(63998, '2007/10/13',  20)
--------------

Query OK, 1 row affected (0.01 sec)

--------------
INSERT INTO Receipts VALUES(48981, '2007/10/24',  20)
--------------

Query OK, 1 row affected (0.02 sec)

--------------
INSERT INTO Receipts VALUES(66704, '2007/10/29',  14)
--------------

Query OK, 1 row affected (0.01 sec)

--------------
INSERT INTO Receipts VALUES(12698, '2007/10/23',  19)
--------------

Query OK, 1 row affected (0.01 sec)

--------------
INSERT INTO Receipts VALUES(79287, '2007/10/30',  8)
--------------

Query OK, 1 row affected (0.01 sec)

--------------
INSERT INTO Receipts VALUES(55690, '2007/10/15',  19)
--------------

Query OK, 1 row affected (0.01 sec)

--------------
INSERT INTO Receipts VALUES(94371, '2007/10/22',  8)
--------------

Query OK, 1 row affected (0.02 sec)

--------------
INSERT INTO Receipts VALUES(26148, '2007/10/19',  20)
--------------

Query OK, 1 row affected (0.01 sec)

--------------
INSERT INTO Receipts VALUES(11923, '2007/10/9',  15)
--------------

Query OK, 1 row affected (0.01 sec)

--------------
INSERT INTO Receipts VALUES(46598, '2007/10/3',  14)
--------------

Query OK, 1 row affected (0.00 sec)

--------------
INSERT INTO Receipts VALUES(76951, '2007/10/27',  14)
--------------

Query OK, 1 row affected (0.01 sec)

--------------
INSERT INTO Receipts VALUES(85858, '2007/10/31',  1)
--------------

Query OK, 1 row affected (0.00 sec)

--------------
INSERT INTO Receipts VALUES(85881, '2007/10/13',  1)
--------------

Query OK, 1 row affected (0.00 sec)

--------------
INSERT INTO Receipts VALUES(89937, '2007/10/20',  7)
--------------

Query OK, 1 row affected (0.01 sec)

--------------
INSERT INTO Receipts VALUES(66227, '2007/10/10',  1)
--------------

Query OK, 1 row affected (0.01 sec)

--------------
INSERT INTO Receipts VALUES(60240, '2007/10/17',  17)
--------------

Query OK, 1 row affected (0.00 sec)

--------------
INSERT INTO Receipts VALUES(86085, '2007/10/16',  1)
--------------

Query OK, 1 row affected (0.02 sec)

--------------
INSERT INTO Receipts VALUES(67314, '2007/10/23',  6)
--------------

Query OK, 1 row affected (0.00 sec)

--------------
INSERT INTO Receipts VALUES(10013, '2007/10/17',  15)
--------------

Query OK, 1 row affected (0.01 sec)

--------------
INSERT INTO Receipts VALUES(26741, '2007/10/24',  7)
--------------

Query OK, 1 row affected (0.01 sec)

--------------
INSERT INTO Receipts VALUES(38157, '2007/10/23',  16)
--------------

Query OK, 1 row affected (0.02 sec)

--------------
INSERT INTO Receipts VALUES(45873, '2007/10/5',  13)
--------------

Query OK, 1 row affected (0.01 sec)

--------------
INSERT INTO Receipts VALUES(37540, '2007/10/3',  20)
--------------

Query OK, 1 row affected (0.01 sec)

--------------
INSERT INTO Receipts VALUES(11891, '2007/10/30',  7)
--------------

Query OK, 1 row affected (0.01 sec)

--------------
INSERT INTO Receipts VALUES(61797, '2007/10/30',  8)
--------------

Query OK, 1 row affected (0.01 sec)

--------------
INSERT INTO Receipts VALUES(52369, '2007/10/15',  5)
--------------

Query OK, 1 row affected (0.02 sec)

--------------
INSERT INTO Receipts VALUES(96430, '2007/10/4',  18)
--------------

Query OK, 1 row affected (0.01 sec)

--------------
INSERT INTO Receipts VALUES(64301, '2007/10/12',  14)
--------------

Query OK, 1 row affected (0.01 sec)

--------------
INSERT INTO Receipts VALUES(45976, '2007/10/3',  10)
--------------

Query OK, 1 row affected (0.01 sec)

--------------
INSERT INTO Receipts VALUES(39605, '2007/10/12',  12)
--------------

Query OK, 1 row affected (0.01 sec)

--------------
INSERT INTO Receipts VALUES(52013, '2007/10/5',  13)
--------------

Query OK, 1 row affected (0.02 sec)

--------------
INSERT INTO Receipts VALUES(88626, '2007/10/25',  17)
--------------

Query OK, 1 row affected (0.01 sec)

--------------
INSERT INTO Receipts VALUES(53376, '2007/10/30',  8)
--------------

Query OK, 1 row affected (0.00 sec)

--------------
INSERT INTO Receipts VALUES(15584, '2007/10/13',  3)
--------------

Query OK, 1 row affected (0.01 sec)

--------------
INSERT INTO Receipts VALUES(73437, '2007/10/1',  6)
--------------

Query OK, 1 row affected (0.01 sec)

--------------
INSERT INTO Receipts VALUES(24200, '2007/10/16',  9)
--------------

Query OK, 1 row affected (0.01 sec)

--------------
INSERT INTO Receipts VALUES(92252, '2007/10/25',  7)
--------------

Query OK, 1 row affected (0.02 sec)

--------------
INSERT INTO Receipts VALUES(39685, '2007/10/28',  1)
--------------

Query OK, 1 row affected (0.01 sec)

--------------
INSERT INTO Receipts VALUES(61378, '2007/10/8',  11)
--------------

Query OK, 1 row affected (0.01 sec)

--------------
INSERT INTO Receipts VALUES(96761, '2007/10/14',  20)
--------------

Query OK, 1 row affected (0.01 sec)

--------------
INSERT INTO Receipts VALUES(26198, '2007/10/12',  11)
--------------

Query OK, 1 row affected (0.01 sec)

--------------
INSERT INTO Receipts VALUES(78179, '2007/10/24',  14)
--------------

Query OK, 1 row affected (0.02 sec)

--------------
INSERT INTO Receipts VALUES(68890, '2007/10/27',  7)
--------------

Query OK, 1 row affected (0.01 sec)

--------------
INSERT INTO Receipts VALUES(75526, '2007/10/22',  18)
--------------

Query OK, 1 row affected (0.01 sec)

--------------
INSERT INTO Receipts VALUES(86162, '2007/10/10',  16)
--------------

Query OK, 1 row affected (0.01 sec)

--------------
INSERT INTO Receipts VALUES(13496, '2007/10/30',  11)
--------------

Query OK, 1 row affected (0.01 sec)

--------------
INSERT INTO Receipts VALUES(60469, '2007/10/20',  4)
--------------

Query OK, 1 row affected (0.02 sec)

--------------
INSERT INTO Receipts VALUES(50660, '2007/10/18',  9)
--------------

Query OK, 1 row affected (0.01 sec)

--------------
INSERT INTO Receipts VALUES(64553, '2007/10/8',  17)
--------------

Query OK, 1 row affected (0.01 sec)

--------------
INSERT INTO Receipts VALUES(57784, '2007/10/15',  7)
--------------

Query OK, 1 row affected (0.00 sec)

--------------
INSERT INTO Receipts VALUES(84258, '2007/10/22',  2)
--------------

Query OK, 1 row affected (0.00 sec)

--------------
INSERT INTO Receipts VALUES(68199, '2007/10/4',  9)
--------------

Query OK, 1 row affected (0.01 sec)

--------------
INSERT INTO Receipts VALUES(78187, '2007/10/17',  14)
--------------

Query OK, 1 row affected (0.01 sec)

--------------
INSERT INTO Receipts VALUES(81517, '2007/10/10',  1)
--------------

Query OK, 1 row affected (0.01 sec)

--------------
INSERT INTO Receipts VALUES(18951, '2007/10/14',  20)
--------------

Query OK, 1 row affected (0.00 sec)

--------------
INSERT INTO Receipts VALUES(20411, '2007/10/8',  7)
--------------

Query OK, 1 row affected (0.00 sec)

--------------
INSERT INTO Receipts VALUES(55494, '2007/10/20',  15)
--------------

Query OK, 1 row affected (0.01 sec)

--------------
INSERT INTO Receipts VALUES(42162, '2007/10/16',  7)
--------------

Query OK, 1 row affected (0.01 sec)

--------------
INSERT INTO Receipts VALUES(49977, '2007/10/18',  3)
--------------

Query OK, 1 row affected (0.04 sec)

--------------
INSERT INTO Receipts VALUES(89638, '2007/10/7',  4)
--------------

Query OK, 1 row affected (0.03 sec)

--------------
INSERT INTO Receipts VALUES(73438, '2007/10/18',  10)
--------------

Query OK, 1 row affected (0.02 sec)

--------------
INSERT INTO Receipts VALUES(96258, '2007/10/12',  8)
--------------

Query OK, 1 row affected (0.01 sec)

--------------
INSERT INTO Receipts VALUES(19258, '2007/10/25',  5)
--------------

Query OK, 1 row affected (0.01 sec)

--------------
INSERT INTO Receipts VALUES(12800, '2007/10/22',  11)
--------------

Query OK, 1 row affected (0.01 sec)

--------------
INSERT INTO Receipts VALUES(81368, '2007/10/17',  19)
--------------

Query OK, 1 row affected (0.01 sec)

--------------
INSERT INTO Receipts VALUES(70655, '2007/10/6',  2)
--------------

Query OK, 1 row affected (0.01 sec)

--------------
INSERT INTO Receipts VALUES(19002, '2007/10/19',  6)
--------------

Query OK, 1 row affected (0.01 sec)

--------------
INSERT INTO Receipts VALUES(31874, '2007/10/13',  2)
--------------

Query OK, 1 row affected (0.02 sec)

--------------
INSERT INTO Receipts VALUES(72207, '2007/10/15',  1)
--------------

Query OK, 1 row affected (0.00 sec)

--------------
INSERT INTO Receipts VALUES(65091, '2007/10/9',  17)
--------------

Query OK, 1 row affected (0.01 sec)

--------------
INSERT INTO Receipts VALUES(42833, '2007/10/22',  3)
--------------

Query OK, 1 row affected (0.02 sec)

--------------
INSERT INTO Receipts VALUES(72949, '2007/10/2',  6)
--------------

Query OK, 1 row affected (0.00 sec)

--------------
INSERT INTO Receipts VALUES(46248, '2007/10/12',  11)
--------------

Query OK, 1 row affected (0.01 sec)

--------------
INSERT INTO Receipts VALUES(38849, '2007/10/25',  1)
--------------

Query OK, 1 row affected (0.01 sec)

--------------
INSERT INTO Receipts VALUES(86861, '2007/10/26',  9)
--------------

Query OK, 1 row affected (0.01 sec)

--------------
INSERT INTO Receipts VALUES(32701, '2007/10/19',  16)
--------------

Query OK, 1 row affected (0.02 sec)

--------------
INSERT INTO Receipts VALUES(89182, '2007/10/29',  5)
--------------

Query OK, 1 row affected (0.01 sec)

--------------
INSERT INTO Receipts VALUES(68753, '2007/10/11',  5)
--------------

Query OK, 1 row affected (0.00 sec)

--------------
INSERT INTO Receipts VALUES(39217, '2007/10/19',  20)
--------------

Query OK, 1 row affected (0.01 sec)

--------------
INSERT INTO Receipts VALUES(96531, '2007/10/12',  8)
--------------

Query OK, 1 row affected (0.01 sec)

--------------
INSERT INTO Receipts VALUES(53922, '2007/10/13',  2)
--------------

Query OK, 1 row affected (0.01 sec)

--------------
INSERT INTO Receipts VALUES(64477, '2007/10/16',  6)
--------------

Query OK, 1 row affected (0.02 sec)

--------------
INSERT INTO Receipts VALUES(99058, '2007/10/3',  14)
--------------

Query OK, 1 row affected (0.01 sec)

--------------
INSERT INTO Receipts VALUES(77032, '2007/10/28',  14)
--------------

Query OK, 1 row affected (0.01 sec)

--------------
INSERT INTO Receipts VALUES(15286, '2007/10/11',  6)
--------------

Query OK, 1 row affected (0.01 sec)

--------------
INSERT INTO Receipts VALUES(59774, '2007/10/2',  16)
--------------

Query OK, 1 row affected (0.01 sec)

--------------
INSERT INTO Receipts VALUES(35073, '2007/10/23',  5)
--------------

Query OK, 1 row affected (0.02 sec)

--------------
INSERT INTO Receipts VALUES(34910, '2007/10/7',  20)
--------------

Query OK, 1 row affected (0.00 sec)

--------------
INSERT INTO Receipts VALUES(17685, '2007/10/2',  12)
--------------

Query OK, 1 row affected (0.01 sec)

--------------
INSERT INTO Receipts VALUES(45062, '2007/10/23',  1)
--------------

Query OK, 1 row affected (0.01 sec)

--------------
INSERT INTO Receipts VALUES(39109, '2007/10/2',  16)
--------------

Query OK, 1 row affected (0.01 sec)

--------------
INSERT INTO Receipts VALUES(37063, '2007/10/22',  14)
--------------

Query OK, 1 row affected (0.02 sec)

--------------
INSERT INTO Receipts VALUES(18567, '2007/10/13',  7)
--------------

Query OK, 1 row affected (0.00 sec)

--------------
INSERT INTO Receipts VALUES(37586, '2007/10/3',  8)
--------------

Query OK, 1 row affected (0.01 sec)

--------------
INSERT INTO Receipts VALUES(62707, '2007/10/7',  8)
--------------

Query OK, 1 row affected (0.01 sec)

--------------
INSERT INTO Receipts VALUES(28117, '2007/10/9',  5)
--------------

Query OK, 1 row affected (0.01 sec)

--------------
INSERT INTO Receipts VALUES(64574, '2007/10/2',  6)
--------------

Query OK, 1 row affected (0.01 sec)

--------------
INSERT INTO Receipts VALUES(40305, '2007/10/25',  8)
--------------

Query OK, 1 row affected (0.01 sec)

--------------
INSERT INTO Receipts VALUES(33060, '2007/10/29',  20)
--------------

Query OK, 1 row affected (0.00 sec)

--------------
INSERT INTO Receipts VALUES(12396, '2007/10/10',  10)
--------------

Query OK, 1 row affected (0.01 sec)

--------------
INSERT INTO Receipts VALUES(43103, '2007/10/7',  4)
--------------

Query OK, 1 row affected (0.00 sec)

--------------
INSERT INTO Receipts VALUES(39575, '2007/10/20',  20)
--------------

Query OK, 1 row affected (0.00 sec)

--------------
INSERT INTO Receipts VALUES(70162, '2007/10/9',  19)
--------------

Query OK, 1 row affected (0.01 sec)

--------------
INSERT INTO Receipts VALUES(23034, '2007/10/15',  17)
--------------

Query OK, 1 row affected (0.00 sec)

--------------
INSERT INTO Receipts VALUES(79296, '2007/10/3',  19)
--------------

Query OK, 1 row affected (0.00 sec)

--------------
INSERT INTO Receipts VALUES(74741, '2007/10/12',  20)
--------------

Query OK, 1 row affected (0.01 sec)

--------------
INSERT INTO Receipts VALUES(98806, '2007/10/15',  17)
--------------

Query OK, 1 row affected (0.01 sec)

--------------
INSERT INTO Receipts VALUES(43752, '2007/10/5',  5)
--------------

Query OK, 1 row affected (0.00 sec)

--------------
INSERT INTO Receipts VALUES(47353, '2007/10/12',  6)
--------------

Query OK, 1 row affected (0.01 sec)

--------------
INSERT INTO Receipts VALUES(39829, '2007/10/31',  3)
--------------

Query OK, 1 row affected (0.02 sec)

--------------
INSERT INTO Receipts VALUES(87454, '2007/10/21',  6)
--------------

Query OK, 1 row affected (0.00 sec)

--------------
INSERT INTO Receipts VALUES(76663, '2007/10/4',  10)
--------------

Query OK, 1 row affected (0.01 sec)

--------------
INSERT INTO Receipts VALUES(85492, '2007/10/20',  12)
--------------

Query OK, 1 row affected (0.00 sec)

--------------
INSERT INTO Receipts VALUES(48647, '2007/10/9',  3)
--------------

Query OK, 1 row affected (0.00 sec)

--------------
INSERT INTO Receipts VALUES(61008, '2007/10/9',  14)
--------------

Query OK, 1 row affected (0.01 sec)

--------------
INSERT INTO Receipts VALUES(96402, '2007/10/4',  6)
--------------

Query OK, 1 row affected (0.01 sec)

--------------
INSERT INTO Receipts VALUES(35904, '2007/10/21',  10)
--------------

Query OK, 1 row affected (0.00 sec)

--------------
INSERT INTO Receipts VALUES(49845, '2007/10/31',  20)
--------------

Query OK, 1 row affected (0.01 sec)

--------------
INSERT INTO Receipts VALUES(46014, '2007/10/16',  15)
--------------

Query OK, 1 row affected (0.01 sec)

--------------
INSERT INTO Receipts VALUES(46876, '2007/10/6',  13)
--------------

Query OK, 1 row affected (0.00 sec)

--------------
INSERT INTO Receipts VALUES(34579, '2007/10/8',  7)
--------------

Query OK, 1 row affected (0.01 sec)

--------------
INSERT INTO Receipts VALUES(17729, '2007/10/16',  16)
--------------

Query OK, 1 row affected (0.01 sec)

--------------
INSERT INTO Receipts VALUES(74952, '2007/10/16',  5)
--------------

Query OK, 1 row affected (0.01 sec)

--------------
INSERT INTO Receipts VALUES(61948, '2007/10/4',  5)
--------------

Query OK, 1 row affected (0.01 sec)

--------------
INSERT INTO Receipts VALUES(41064, '2007/10/25',  16)
--------------

Query OK, 1 row affected (0.02 sec)

--------------
INSERT INTO Receipts VALUES(17947, '2007/10/27',  7)
--------------

Query OK, 1 row affected (0.01 sec)

--------------
INSERT INTO Receipts VALUES(20913, '2007/10/7',  8)
--------------

Query OK, 1 row affected (0.01 sec)

--------------
INSERT INTO Receipts VALUES(95514, '2007/10/9',  10)
--------------

Query OK, 1 row affected (0.01 sec)

--------------
INSERT INTO Receipts VALUES(24829, '2007/10/7',  15)
--------------

Query OK, 1 row affected (0.01 sec)

--------------
INSERT INTO Receipts VALUES(44590, '2007/10/12',  1)
--------------

Query OK, 1 row affected (0.01 sec)

--------------
INSERT INTO Receipts VALUES(65165, '2007/10/4',  4)
--------------

Query OK, 1 row affected (0.01 sec)

--------------
INSERT INTO Receipts VALUES(89588, '2007/10/9',  7)
--------------

Query OK, 1 row affected (0.01 sec)

--------------
INSERT INTO Receipts VALUES(53240, '2007/10/3',  14)
--------------

Query OK, 1 row affected (0.00 sec)

--------------
INSERT INTO Receipts VALUES(46674, '2007/10/29',  15)
--------------

Query OK, 1 row affected (0.00 sec)

--------------
INSERT INTO Receipts VALUES(67946, '2007/10/18',  7)
--------------

Query OK, 1 row affected (0.01 sec)

--------------
INSERT INTO Receipts VALUES(31233, '2007/10/20',  13)
--------------

Query OK, 1 row affected (0.01 sec)

--------------
INSERT INTO Receipts VALUES(15904, '2007/10/6',  13)
--------------

Query OK, 1 row affected (0.01 sec)

--------------
INSERT INTO Receipts VALUES(17488, '2007/10/20',  6)
--------------

Query OK, 1 row affected (0.01 sec)

--------------
INSERT INTO Receipts VALUES(97097, '2007/10/23',  9)
--------------

Query OK, 1 row affected (0.01 sec)

--------------
INSERT INTO Receipts VALUES(50512, '2007/10/27',  8)
--------------

Query OK, 1 row affected (0.02 sec)

--------------
INSERT INTO Receipts VALUES(11548, '2007/10/21',  13)
--------------

Query OK, 1 row affected (0.01 sec)

--------------
INSERT INTO Receipts VALUES(29908, '2007/10/14',  13)
--------------

Query OK, 1 row affected (0.00 sec)

--------------
INSERT INTO Receipts VALUES(20127, '2007/10/7',  15)
--------------

Query OK, 1 row affected (0.01 sec)

--------------
INSERT INTO Receipts VALUES(41963, '2007/10/29',  8)
--------------

Query OK, 1 row affected (0.00 sec)

--------------
INSERT INTO Receipts VALUES(16532, '2007/10/21',  4)
--------------

Query OK, 1 row affected (0.01 sec)

--------------
INSERT INTO Receipts VALUES(34378, '2007/10/23',  6)
--------------

Query OK, 1 row affected (0.01 sec)

--------------
INSERT INTO Items VALUES(18129,  1,   '70-TU')
--------------

Query OK, 1 row affected (0.02 sec)

--------------
INSERT INTO Items VALUES(51991,  1,   '90-APIE-10')
--------------

Query OK, 1 row affected (0.00 sec)

--------------
INSERT INTO Items VALUES(51991,  2,   '90-CH-PF')
--------------

Query OK, 1 row affected (0.01 sec)

--------------
INSERT INTO Items VALUES(51991,  3,   '90-APP-11')
--------------

Query OK, 1 row affected (0.01 sec)

--------------
INSERT INTO Items VALUES(51991,  4,   '26-8x10')
--------------

Query OK, 1 row affected (0.00 sec)

--------------
INSERT INTO Items VALUES(83085,  1,   '25-STR-9')
--------------

Query OK, 1 row affected (0.01 sec)

--------------
INSERT INTO Items VALUES(83085,  2,   '24-8x10')
--------------

Query OK, 1 row affected (0.01 sec)

--------------
INSERT INTO Items VALUES(83085,  3,   '90-APR-PF')
--------------

Query OK, 1 row affected (0.01 sec)

--------------
INSERT INTO Items VALUES(83085,  4,   '51-ATW')
--------------

Query OK, 1 row affected (0.01 sec)

--------------
INSERT INTO Items VALUES(83085,  5,   '26-8x10')
--------------

Query OK, 1 row affected (0.00 sec)

--------------
INSERT INTO Items VALUES(70723,  1,   '45-CO')
--------------

Query OK, 1 row affected (0.00 sec)

--------------
INSERT INTO Items VALUES(13355,  1,   '24-8x10')
--------------

Query OK, 1 row affected (0.01 sec)

--------------
INSERT INTO Items VALUES(13355,  2,   '70-LEM')
--------------

Query OK, 1 row affected (0.02 sec)

--------------
INSERT INTO Items VALUES(13355,  3,   '46-11')
--------------

Query OK, 1 row affected (0.01 sec)

--------------
INSERT INTO Items VALUES(52761,  1,   '90-ALM-I')
--------------

Query OK, 1 row affected (0.01 sec)

--------------
INSERT INTO Items VALUES(52761,  2,   '26-8x10')
--------------

Query OK, 1 row affected (0.00 sec)

--------------
INSERT INTO Items VALUES(52761,  3,   '50-CHS')
--------------

Query OK, 1 row affected (0.01 sec)

--------------
INSERT INTO Items VALUES(52761,  4,   '90-BLK-PF')
--------------

Query OK, 1 row affected (0.01 sec)

--------------
INSERT INTO Items VALUES(52761,  5,   '90-ALM-I')
--------------

Query OK, 1 row affected (0.01 sec)

--------------
INSERT INTO Items VALUES(99002,  1,   '50-CHS')
--------------

Query OK, 1 row affected (0.01 sec)

--------------
INSERT INTO Items VALUES(99002,  2,   '45-VA')
--------------

Query OK, 1 row affected (0.01 sec)

--------------
INSERT INTO Items VALUES(58770,  1,   '50-CHS')
--------------

Query OK, 1 row affected (0.01 sec)

--------------
INSERT INTO Items VALUES(58770,  2,   '46-11')
--------------

Query OK, 1 row affected (0.01 sec)

--------------
INSERT INTO Items VALUES(58770,  3,   '45-CH')
--------------

Query OK, 1 row affected (0.01 sec)

--------------
INSERT INTO Items VALUES(58770,  4,   '20-CA-7.5')
--------------

Query OK, 1 row affected (0.01 sec)

--------------
INSERT INTO Items VALUES(84665,  1,   '90-BER-11')
--------------

Query OK, 1 row affected (0.02 sec)

--------------
INSERT INTO Items VALUES(55944,  1,   '20-CA-7.5')
--------------

Query OK, 1 row affected (0.01 sec)

--------------
INSERT INTO Items VALUES(55944,  2,   '90-LEM-11')
--------------

Query OK, 1 row affected (0.01 sec)

--------------
INSERT INTO Items VALUES(55944,  3,   '70-R')
--------------

Query OK, 1 row affected (0.01 sec)

--------------
INSERT INTO Items VALUES(55944,  4,   '70-R')
--------------

Query OK, 1 row affected (0.00 sec)

--------------
INSERT INTO Items VALUES(55944,  5,   '50-CHS')
--------------

Query OK, 1 row affected (0.02 sec)

--------------
INSERT INTO Items VALUES(42166,  1,   '70-M-VA-SM-DZ')
--------------

Query OK, 1 row affected (0.00 sec)

--------------
INSERT INTO Items VALUES(16034,  1,   '46-11')
--------------

Query OK, 1 row affected (0.01 sec)

--------------
INSERT INTO Items VALUES(16034,  2,   '26-8x10')
--------------

Query OK, 1 row affected (0.00 sec)

--------------
INSERT INTO Items VALUES(16034,  3,   '45-CH')
--------------

Query OK, 1 row affected (0.01 sec)

--------------
INSERT INTO Items VALUES(16034,  4,   '70-R')
--------------

Query OK, 1 row affected (0.01 sec)

--------------
INSERT INTO Items VALUES(16034,  5,   '46-11')
--------------

Query OK, 1 row affected (0.01 sec)

--------------
INSERT INTO Items VALUES(25906,  1,   '25-STR-9')
--------------

Query OK, 1 row affected (0.01 sec)

--------------
INSERT INTO Items VALUES(27741,  1,   '90-BLK-PF')
--------------

Query OK, 1 row affected (0.01 sec)

--------------
INSERT INTO Items VALUES(27741,  2,   '51-BC')
--------------

Query OK, 1 row affected (0.01 sec)

--------------
INSERT INTO Items VALUES(27741,  3,   '90-APR-PF')
--------------

Query OK, 1 row affected (0.01 sec)

--------------
INSERT INTO Items VALUES(64451,  1,   '90-BER-11')
--------------

Query OK, 1 row affected (0.02 sec)

--------------
INSERT INTO Items VALUES(64451,  2,   '51-BC')
--------------

Query OK, 1 row affected (0.00 sec)

--------------
INSERT INTO Items VALUES(64451,  3,   '24-8x10')
--------------

Query OK, 1 row affected (0.01 sec)

--------------
INSERT INTO Items VALUES(64451,  4,   '90-BLK-PF')
--------------

Query OK, 1 row affected (0.01 sec)

--------------
INSERT INTO Items VALUES(41028,  1,   '90-BER-11')
--------------

Query OK, 1 row affected (0.02 sec)

--------------
INSERT INTO Items VALUES(73716,  1,   '90-PEC-11')
--------------

Query OK, 1 row affected (0.01 sec)

--------------
INSERT INTO Items VALUES(73716,  2,   '90-ALM-I')
--------------

Query OK, 1 row affected (0.01 sec)

--------------
INSERT INTO Items VALUES(73716,  3,   '70-LEM')
--------------

Query OK, 1 row affected (0.01 sec)

--------------
INSERT INTO Items VALUES(73716,  4,   '50-CH')
--------------

Query OK, 1 row affected (0.01 sec)

--------------
INSERT INTO Items VALUES(76667,  1,   '70-GON')
--------------

Query OK, 1 row affected (0.01 sec)

--------------
INSERT INTO Items VALUES(76667,  2,   '90-LEM-11')
--------------

Query OK, 1 row affected (0.01 sec)

--------------
INSERT INTO Items VALUES(21040,  1,   '70-R')
--------------

Query OK, 1 row affected (0.01 sec)

--------------
INSERT INTO Items VALUES(21040,  2,   '20-BC-L-10')
--------------

Query OK, 1 row affected (0.01 sec)

--------------
INSERT INTO Items VALUES(21040,  3,   '90-CH-PF')
--------------

Query OK, 1 row affected (0.00 sec)

--------------
INSERT INTO Items VALUES(48332,  1,   '70-GA')
--------------

Query OK, 1 row affected (0.01 sec)

--------------
INSERT INTO Items VALUES(48332,  2,   '70-R')
--------------

Query OK, 1 row affected (0.01 sec)

--------------
INSERT INTO Items VALUES(35011,  1,   '50-CHS')
--------------

Query OK, 1 row affected (0.01 sec)

--------------
INSERT INTO Items VALUES(95962,  1,   '90-APR-PF')
--------------

Query OK, 1 row affected (0.00 sec)

--------------
INSERT INTO Items VALUES(95962,  2,   '90-CHR-11')
--------------

Query OK, 1 row affected (0.00 sec)

--------------
INSERT INTO Items VALUES(95962,  3,   '50-CH')
--------------

Query OK, 1 row affected (0.00 sec)

--------------
INSERT INTO Items VALUES(95962,  4,   '45-VA')
--------------

Query OK, 1 row affected (0.01 sec)

--------------
INSERT INTO Items VALUES(44798,  1,   '90-APR-PF')
--------------

Query OK, 1 row affected (0.00 sec)

--------------
INSERT INTO Items VALUES(44798,  2,   '90-CH-PF')
--------------

Query OK, 1 row affected (0.01 sec)

--------------
INSERT INTO Items VALUES(44798,  3,   '90-APIE-10')
--------------

Query OK, 1 row affected (0.00 sec)

--------------
INSERT INTO Items VALUES(44798,  4,   '90-APP-11')
--------------

Query OK, 1 row affected (0.00 sec)

--------------
INSERT INTO Items VALUES(44798,  5,   '25-STR-9')
--------------

Query OK, 1 row affected (0.01 sec)

--------------
INSERT INTO Items VALUES(60270,  1,   '20-BC-L-10')
--------------

Query OK, 1 row affected (0.00 sec)

--------------
INSERT INTO Items VALUES(60270,  2,   '90-BLU-11')
--------------

Query OK, 1 row affected (0.00 sec)

--------------
INSERT INTO Items VALUES(21162,  1,   '90-APP-11')
--------------

Query OK, 1 row affected (0.01 sec)

--------------
INSERT INTO Items VALUES(21162,  2,   '70-TU')
--------------

Query OK, 1 row affected (0.01 sec)

--------------
INSERT INTO Items VALUES(21162,  3,   '90-APR-PF')
--------------

Query OK, 1 row affected (0.00 sec)

--------------
INSERT INTO Items VALUES(77406,  1,   '51-ATW')
--------------

Query OK, 1 row affected (0.02 sec)

--------------
INSERT INTO Items VALUES(77406,  2,   '90-BLK-PF')
--------------

Query OK, 1 row affected (0.01 sec)

--------------
INSERT INTO Items VALUES(77406,  3,   '50-APR')
--------------

Query OK, 1 row affected (0.01 sec)

--------------
INSERT INTO Items VALUES(77406,  4,   '50-APR')
--------------

Query OK, 1 row affected (0.01 sec)

--------------
INSERT INTO Items VALUES(77406,  5,   '24-8x10')
--------------

Query OK, 1 row affected (0.01 sec)

--------------
INSERT INTO Items VALUES(32565,  1,   '50-APP')
--------------

Query OK, 1 row affected (0.02 sec)

--------------
INSERT INTO Items VALUES(32565,  2,   '50-APP')
--------------

Query OK, 1 row affected (0.01 sec)

--------------
INSERT INTO Items VALUES(32565,  3,   '45-VA')
--------------

Query OK, 1 row affected (0.01 sec)

--------------
INSERT INTO Items VALUES(36343,  1,   '51-BC')
--------------

Query OK, 1 row affected (0.01 sec)

--------------
INSERT INTO Items VALUES(36343,  2,   '51-BC')
--------------

Query OK, 1 row affected (0.01 sec)

--------------
INSERT INTO Items VALUES(36343,  3,   '70-M-VA-SM-DZ')
--------------

Query OK, 1 row affected (0.00 sec)

--------------
INSERT INTO Items VALUES(36343,  4,   '50-ALM')
--------------

Query OK, 1 row affected (0.01 sec)

--------------
INSERT INTO Items VALUES(96619,  1,   '90-BLK-PF')
--------------

Query OK, 1 row affected (0.01 sec)

--------------
INSERT INTO Items VALUES(86678,  1,   '70-M-VA-SM-DZ')
--------------

Query OK, 1 row affected (0.01 sec)

--------------
INSERT INTO Items VALUES(86678,  2,   '90-LEM-11')
--------------

Query OK, 1 row affected (0.00 sec)

--------------
INSERT INTO Items VALUES(44330,  1,   '70-R')
--------------

Query OK, 1 row affected (0.00 sec)

--------------
INSERT INTO Items VALUES(44330,  2,   '90-BLU-11')
--------------

Query OK, 1 row affected (0.01 sec)

--------------
INSERT INTO Items VALUES(91937,  1,   '51-BC')
--------------

Query OK, 1 row affected (0.01 sec)

--------------
INSERT INTO Items VALUES(91937,  2,   '51-APR')
--------------

Query OK, 1 row affected (0.02 sec)

--------------
INSERT INTO Items VALUES(21545,  1,   '90-BER-11')
--------------

Query OK, 1 row affected (0.01 sec)

--------------
INSERT INTO Items VALUES(21545,  2,   '70-GA')
--------------

Query OK, 1 row affected (0.01 sec)

--------------
INSERT INTO Items VALUES(21545,  3,   '50-ALM')
--------------

Query OK, 1 row affected (0.01 sec)

--------------
INSERT INTO Items VALUES(21545,  4,   '90-BER-11')
--------------

Query OK, 1 row affected (0.01 sec)

--------------
INSERT INTO Items VALUES(21545,  5,   '45-VA')
--------------

Query OK, 1 row affected (0.02 sec)

--------------
INSERT INTO Items VALUES(29226,  1,   '90-PEC-11')
--------------

Query OK, 1 row affected (0.01 sec)

--------------
INSERT INTO Items VALUES(29226,  2,   '90-APIE-10')
--------------

Query OK, 1 row affected (0.01 sec)

--------------
INSERT INTO Items VALUES(29226,  3,   '51-BC')
--------------

Query OK, 1 row affected (0.01 sec)

--------------
INSERT INTO Items VALUES(29226,  4,   '70-W')
--------------

Query OK, 1 row affected (0.01 sec)

--------------
INSERT INTO Items VALUES(29226,  5,   '50-ALM')
--------------

Query OK, 1 row affected (0.02 sec)

--------------
INSERT INTO Items VALUES(25121,  1,   '50-CHS')
--------------

Query OK, 1 row affected (0.01 sec)

--------------
INSERT INTO Items VALUES(25121,  2,   '90-BER-11')
--------------

Query OK, 1 row affected (0.01 sec)

--------------
INSERT INTO Items VALUES(25121,  3,   '45-CH')
--------------

Query OK, 1 row affected (0.01 sec)

--------------
INSERT INTO Items VALUES(54935,  1,   '70-R')
--------------

Query OK, 1 row affected (0.01 sec)

--------------
INSERT INTO Items VALUES(54935,  2,   '45-CH')
--------------

Query OK, 1 row affected (0.02 sec)

--------------
INSERT INTO Items VALUES(36423,  1,   '45-VA')
--------------

Query OK, 1 row affected (0.01 sec)

--------------
INSERT INTO Items VALUES(83437,  1,   '90-LEM-11')
--------------

Query OK, 1 row affected (0.01 sec)

--------------
INSERT INTO Items VALUES(83437,  2,   '51-APR')
--------------

Query OK, 1 row affected (0.01 sec)

--------------
INSERT INTO Items VALUES(49854,  1,   '90-BER-11')
--------------

Query OK, 1 row affected (0.00 sec)

--------------
INSERT INTO Items VALUES(49854,  2,   '90-APP-11')
--------------

Query OK, 1 row affected (0.02 sec)

--------------
INSERT INTO Items VALUES(99994,  1,   '25-STR-9')
--------------

Query OK, 1 row affected (0.00 sec)

--------------
INSERT INTO Items VALUES(99994,  2,   '26-8x10')
--------------

Query OK, 1 row affected (0.01 sec)

--------------
INSERT INTO Items VALUES(99994,  3,   '90-PEC-11')
--------------

Query OK, 1 row affected (0.01 sec)

--------------
INSERT INTO Items VALUES(99994,  4,   '50-CH')
--------------

Query OK, 1 row affected (0.01 sec)

--------------
INSERT INTO Items VALUES(21622,  1,   '45-CO')
--------------

Query OK, 1 row affected (0.02 sec)

--------------
INSERT INTO Items VALUES(64861,  1,   '50-ALM')
--------------

Query OK, 1 row affected (0.01 sec)

--------------
INSERT INTO Items VALUES(64861,  2,   '46-11')
--------------

Query OK, 1 row affected (0.01 sec)

--------------
INSERT INTO Items VALUES(33456,  1,   '46-11')
--------------

Query OK, 1 row affected (0.01 sec)

--------------
INSERT INTO Items VALUES(33456,  2,   '90-BLK-PF')
--------------

Query OK, 1 row affected (0.01 sec)

--------------
INSERT INTO Items VALUES(75468,  1,   '70-M-CH-DZ')
--------------

Query OK, 1 row affected (0.01 sec)

--------------
INSERT INTO Items VALUES(75468,  2,   '70-M-CH-DZ')
--------------

Query OK, 1 row affected (0.01 sec)

--------------
INSERT INTO Items VALUES(75468,  3,   '90-CHR-11')
--------------

Query OK, 1 row affected (0.02 sec)

--------------
INSERT INTO Items VALUES(56365,  1,   '50-APR')
--------------

Query OK, 1 row affected (0.01 sec)

--------------
INSERT INTO Items VALUES(91192,  1,   '51-APP')
--------------

Query OK, 1 row affected (0.01 sec)

--------------
INSERT INTO Items VALUES(91192,  2,   '51-ATW')
--------------

Query OK, 1 row affected (0.01 sec)

--------------
INSERT INTO Items VALUES(91192,  3,   '50-APP')
--------------

Query OK, 1 row affected (0.01 sec)

--------------
INSERT INTO Items VALUES(82056,  1,   '90-APP-11')
--------------

Query OK, 1 row affected (0.02 sec)

--------------
INSERT INTO Items VALUES(82056,  2,   '50-CH')
--------------

Query OK, 1 row affected (0.01 sec)

--------------
INSERT INTO Items VALUES(82056,  3,   '90-BLK-PF')
--------------

Query OK, 1 row affected (0.00 sec)

--------------
INSERT INTO Items VALUES(82056,  4,   '45-CO')
--------------

Query OK, 1 row affected (0.00 sec)

--------------
INSERT INTO Items VALUES(27192,  1,   '70-R')
--------------

Query OK, 1 row affected (0.02 sec)

--------------
INSERT INTO Items VALUES(27192,  2,   '90-BLU-11')
--------------

Query OK, 1 row affected (0.01 sec)

--------------
INSERT INTO Items VALUES(27192,  3,   '70-TU')
--------------

Query OK, 1 row affected (0.01 sec)

--------------
INSERT INTO Items VALUES(59716,  1,   '51-APR')
--------------

Query OK, 1 row affected (0.01 sec)

--------------
INSERT INTO Items VALUES(59716,  2,   '70-MAR')
--------------

Query OK, 1 row affected (0.01 sec)

--------------
INSERT INTO Items VALUES(59716,  3,   '90-BLU-11')
--------------

Query OK, 1 row affected (0.01 sec)

--------------
INSERT INTO Items VALUES(59716,  4,   '45-CO')
--------------

Query OK, 1 row affected (0.01 sec)

--------------
INSERT INTO Items VALUES(59716,  5,   '90-APP-11')
--------------

Query OK, 1 row affected (0.02 sec)

--------------
INSERT INTO Items VALUES(82795,  1,   '90-APR-PF')
--------------

Query OK, 1 row affected (0.00 sec)

--------------
INSERT INTO Items VALUES(26240,  1,   '20-CA-7.5')
--------------

Query OK, 1 row affected (0.01 sec)

--------------
INSERT INTO Items VALUES(56724,  1,   '70-M-VA-SM-DZ')
--------------

Query OK, 1 row affected (0.00 sec)

--------------
INSERT INTO Items VALUES(70796,  1,   '45-CO')
--------------

Query OK, 1 row affected (0.01 sec)

--------------
INSERT INTO Items VALUES(70796,  2,   '20-BC-L-10')
--------------

Query OK, 1 row affected (0.00 sec)

--------------
INSERT INTO Items VALUES(70796,  3,   '45-CH')
--------------

Query OK, 1 row affected (0.01 sec)

--------------
INSERT INTO Items VALUES(70796,  4,   '90-BLU-11')
--------------

Query OK, 1 row affected (0.01 sec)

--------------
INSERT INTO Items VALUES(37636,  1,   '90-APR-PF')
--------------

Query OK, 1 row affected (0.02 sec)

--------------
INSERT INTO Items VALUES(37636,  2,   '90-CH-PF')
--------------

Query OK, 1 row affected (0.01 sec)

--------------
INSERT INTO Items VALUES(37636,  3,   '24-8x10')
--------------

Query OK, 1 row affected (0.00 sec)

--------------
INSERT INTO Items VALUES(63998,  1,   '70-M-VA-SM-DZ')
--------------

Query OK, 1 row affected (0.01 sec)

--------------
INSERT INTO Items VALUES(48981,  1,   '90-CHR-11')
--------------

Query OK, 1 row affected (0.02 sec)

--------------
INSERT INTO Items VALUES(48981,  2,   '50-CHS')
--------------

Query OK, 1 row affected (0.01 sec)

--------------
INSERT INTO Items VALUES(66704,  1,   '90-BER-11')
--------------

Query OK, 1 row affected (0.01 sec)

--------------
INSERT INTO Items VALUES(66704,  2,   '51-APR')
--------------

Query OK, 1 row affected (0.01 sec)

--------------
INSERT INTO Items VALUES(66704,  3,   '70-LEM')
--------------

Query OK, 1 row affected (0.01 sec)

--------------
INSERT INTO Items VALUES(12698,  1,   '51-APP')
--------------

Query OK, 1 row affected (0.02 sec)

--------------
INSERT INTO Items VALUES(12698,  2,   '70-R')
--------------

Query OK, 1 row affected (0.00 sec)

--------------
INSERT INTO Items VALUES(12698,  3,   '26-8x10')
--------------

Query OK, 1 row affected (0.01 sec)

--------------
INSERT INTO Items VALUES(79287,  1,   '90-PEC-11')
--------------

Query OK, 1 row affected (0.01 sec)

--------------
INSERT INTO Items VALUES(79287,  2,   '45-VA')
--------------

Query OK, 1 row affected (0.01 sec)

--------------
INSERT INTO Items VALUES(79287,  3,   '90-LEM-11')
--------------

Query OK, 1 row affected (0.01 sec)

--------------
INSERT INTO Items VALUES(79287,  4,   '90-APP-11')
--------------

Query OK, 1 row affected (0.01 sec)

--------------
INSERT INTO Items VALUES(79287,  5,   '51-BLU')
--------------

Query OK, 1 row affected (0.02 sec)

--------------
INSERT INTO Items VALUES(55690,  1,   '70-M-CH-DZ')
--------------

Query OK, 1 row affected (0.01 sec)

--------------
INSERT INTO Items VALUES(55690,  2,   '51-BLU')
--------------

Query OK, 1 row affected (0.00 sec)

--------------
INSERT INTO Items VALUES(55690,  3,   '90-APP-11')
--------------

Query OK, 1 row affected (0.00 sec)

--------------
INSERT INTO Items VALUES(94371,  1,   '51-BLU')
--------------

Query OK, 1 row affected (0.02 sec)

--------------
INSERT INTO Items VALUES(26148,  1,   '20-CA-7.5')
--------------

Query OK, 1 row affected (0.01 sec)

--------------
INSERT INTO Items VALUES(26148,  2,   '90-BLU-11')
--------------

Query OK, 1 row affected (0.01 sec)

--------------
INSERT INTO Items VALUES(26148,  3,   '51-BLU')
--------------

Query OK, 1 row affected (0.00 sec)

--------------
INSERT INTO Items VALUES(26148,  4,   '70-M-CH-DZ')
--------------

Query OK, 1 row affected (0.01 sec)

--------------
INSERT INTO Items VALUES(11923,  1,   '70-LEM')
--------------

Query OK, 1 row affected (0.01 sec)

--------------
INSERT INTO Items VALUES(46598,  1,   '70-R')
--------------

Query OK, 1 row affected (0.01 sec)

--------------
INSERT INTO Items VALUES(46598,  2,   '70-W')
--------------

Query OK, 1 row affected (0.02 sec)

--------------
INSERT INTO Items VALUES(46598,  3,   '70-R')
--------------

Query OK, 1 row affected (0.01 sec)

--------------
INSERT INTO Items VALUES(76951,  1,   '51-BLU')
--------------

Query OK, 1 row affected (0.00 sec)

--------------
INSERT INTO Items VALUES(85858,  1,   '20-CA-7.5')
--------------

Query OK, 1 row affected (0.00 sec)

--------------
INSERT INTO Items VALUES(85858,  2,   '70-M-VA-SM-DZ')
--------------

Query OK, 1 row affected (0.00 sec)

--------------
INSERT INTO Items VALUES(85858,  3,   '51-BLU')
--------------

Query OK, 1 row affected (0.01 sec)

--------------
INSERT INTO Items VALUES(85881,  1,   '90-APP-11')
--------------

Query OK, 1 row affected (0.01 sec)

--------------
INSERT INTO Items VALUES(89937,  1,   '51-BLU')
--------------

Query OK, 1 row affected (0.00 sec)

--------------
INSERT INTO Items VALUES(89937,  2,   '51-BC')
--------------

Query OK, 1 row affected (0.01 sec)

--------------
INSERT INTO Items VALUES(89937,  3,   '90-BER-11')
--------------

Query OK, 1 row affected (0.00 sec)

--------------
INSERT INTO Items VALUES(89937,  4,   '70-R')
--------------

Query OK, 1 row affected (0.01 sec)

--------------
INSERT INTO Items VALUES(66227,  1,   '90-APP-11')
--------------

Query OK, 1 row affected (0.01 sec)

--------------
INSERT INTO Items VALUES(66227,  2,   '90-APIE-10')
--------------

Query OK, 1 row affected (0.01 sec)

--------------
INSERT INTO Items VALUES(66227,  3,   '70-MAR')
--------------

Query OK, 1 row affected (0.01 sec)

--------------
INSERT INTO Items VALUES(66227,  4,   '90-BLK-PF')
--------------

Query OK, 1 row affected (0.01 sec)

--------------
INSERT INTO Items VALUES(60240,  1,   '90-APP-11')
--------------

Query OK, 1 row affected (0.01 sec)

--------------
INSERT INTO Items VALUES(60240,  2,   '50-ALM')
--------------

Query OK, 1 row affected (0.01 sec)

--------------
INSERT INTO Items VALUES(86085,  1,   '50-APR')
--------------

Query OK, 1 row affected (0.01 sec)

--------------
INSERT INTO Items VALUES(86085,  2,   '50-APP')
--------------

Query OK, 1 row affected (0.02 sec)

--------------
INSERT INTO Items VALUES(86085,  3,   '90-APR-PF')
--------------

Query OK, 1 row affected (0.01 sec)

--------------
INSERT INTO Items VALUES(86085,  4,   '51-ATW')
--------------

Query OK, 1 row affected (0.01 sec)

--------------
INSERT INTO Items VALUES(67314,  1,   '51-BC')
--------------

Query OK, 1 row affected (0.01 sec)

--------------
INSERT INTO Items VALUES(67314,  2,   '50-CHS')
--------------

Query OK, 1 row affected (0.02 sec)

--------------
INSERT INTO Items VALUES(67314,  3,   '70-TU')
--------------

Query OK, 1 row affected (0.01 sec)

--------------
INSERT INTO Items VALUES(67314,  4,   '20-CA-7.5')
--------------

Query OK, 1 row affected (0.01 sec)

--------------
INSERT INTO Items VALUES(10013,  1,   '70-M-CH-DZ')
--------------

Query OK, 1 row affected (0.01 sec)

--------------
INSERT INTO Items VALUES(26741,  1,   '70-GA')
--------------

Query OK, 1 row affected (0.01 sec)

--------------
INSERT INTO Items VALUES(26741,  2,   '50-APP')
--------------

Query OK, 1 row affected (0.01 sec)

--------------
INSERT INTO Items VALUES(38157,  1,   '70-MAR')
--------------

Query OK, 1 row affected (0.02 sec)

--------------
INSERT INTO Items VALUES(38157,  2,   '90-CHR-11')
--------------

Query OK, 1 row affected (0.01 sec)

--------------
INSERT INTO Items VALUES(38157,  3,   '70-LEM')
--------------

Query OK, 1 row affected (0.01 sec)

--------------
INSERT INTO Items VALUES(38157,  4,   '90-CHR-11')
--------------

Query OK, 1 row affected (0.01 sec)

--------------
INSERT INTO Items VALUES(45873,  1,   '70-M-VA-SM-DZ')
--------------

Query OK, 1 row affected (0.01 sec)

--------------
INSERT INTO Items VALUES(37540,  1,   '45-CO')
--------------

Query OK, 1 row affected (0.02 sec)

--------------
INSERT INTO Items VALUES(37540,  2,   '51-APR')
--------------

Query OK, 1 row affected (0.00 sec)

--------------
INSERT INTO Items VALUES(11891,  1,   '45-CO')
--------------

Query OK, 1 row affected (0.00 sec)

--------------
INSERT INTO Items VALUES(11891,  2,   '50-APR')
--------------

Query OK, 1 row affected (0.02 sec)

--------------
INSERT INTO Items VALUES(11891,  3,   '46-11')
--------------

Query OK, 1 row affected (0.01 sec)

--------------
INSERT INTO Items VALUES(61797,  1,   '70-GON')
--------------

Query OK, 1 row affected (0.01 sec)

--------------
INSERT INTO Items VALUES(61797,  2,   '90-CH-PF')
--------------

Query OK, 1 row affected (0.01 sec)

--------------
INSERT INTO Items VALUES(61797,  3,   '70-M-VA-SM-DZ')
--------------

Query OK, 1 row affected (0.00 sec)

--------------
INSERT INTO Items VALUES(61797,  4,   '70-M-CH-DZ')
--------------

Query OK, 1 row affected (0.02 sec)

--------------
INSERT INTO Items VALUES(61797,  5,   '90-BER-11')
--------------

Query OK, 1 row affected (0.01 sec)

--------------
INSERT INTO Items VALUES(52369,  1,   '90-CHR-11')
--------------

Query OK, 1 row affected (0.00 sec)

--------------
INSERT INTO Items VALUES(52369,  2,   '70-TU')
--------------

Query OK, 1 row affected (0.01 sec)

--------------
INSERT INTO Items VALUES(96430,  1,   '90-PEC-11')
--------------

Query OK, 1 row affected (0.00 sec)

--------------
INSERT INTO Items VALUES(64301,  1,   '70-W')
--------------

Query OK, 1 row affected (0.01 sec)

--------------
INSERT INTO Items VALUES(64301,  2,   '51-APR')
--------------

Query OK, 1 row affected (0.00 sec)

--------------
INSERT INTO Items VALUES(64301,  3,   '90-BER-11')
--------------

Query OK, 1 row affected (0.01 sec)

--------------
INSERT INTO Items VALUES(45976,  1,   '24-8x10')
--------------

Query OK, 1 row affected (0.01 sec)

--------------
INSERT INTO Items VALUES(45976,  2,   '51-BC')
--------------

Query OK, 1 row affected (0.00 sec)

--------------
INSERT INTO Items VALUES(39605,  1,   '90-BER-11')
--------------

Query OK, 1 row affected (0.01 sec)

--------------
INSERT INTO Items VALUES(52013,  1,   '70-W')
--------------

Query OK, 1 row affected (0.00 sec)

--------------
INSERT INTO Items VALUES(52013,  2,   '50-ALM')
--------------

Query OK, 1 row affected (0.00 sec)

--------------
INSERT INTO Items VALUES(52013,  3,   '90-ALM-I')
--------------

Query OK, 1 row affected (0.01 sec)

--------------
INSERT INTO Items VALUES(52013,  4,   '90-APP-11')
--------------

Query OK, 1 row affected (0.02 sec)

--------------
INSERT INTO Items VALUES(88626,  1,   '90-APP-11')
--------------

Query OK, 1 row affected (0.01 sec)

--------------
INSERT INTO Items VALUES(53376,  1,   '51-APR')
--------------

Query OK, 1 row affected (0.00 sec)

--------------
INSERT INTO Items VALUES(53376,  2,   '90-CHR-11')
--------------

Query OK, 1 row affected (0.02 sec)

--------------
INSERT INTO Items VALUES(53376,  3,   '90-APIE-10')
--------------

Query OK, 1 row affected (0.00 sec)

--------------
INSERT INTO Items VALUES(53376,  4,   '46-11')
--------------

Query OK, 1 row affected (0.00 sec)

--------------
INSERT INTO Items VALUES(53376,  5,   '90-BLU-11')
--------------

Query OK, 1 row affected (0.01 sec)

--------------
INSERT INTO Items VALUES(15584,  1,   '70-LEM')
--------------

Query OK, 1 row affected (0.01 sec)

--------------
INSERT INTO Items VALUES(73437,  1,   '70-M-CH-DZ')
--------------

Query OK, 1 row affected (0.01 sec)

--------------
INSERT INTO Items VALUES(24200,  1,   '50-CHS')
--------------

Query OK, 1 row affected (0.00 sec)

--------------
INSERT INTO Items VALUES(92252,  1,   '70-GON')
--------------

Query OK, 1 row affected (0.02 sec)

--------------
INSERT INTO Items VALUES(92252,  2,   '51-ATW')
--------------

Query OK, 1 row affected (0.01 sec)

--------------
INSERT INTO Items VALUES(92252,  3,   '51-BLU')
--------------

Query OK, 1 row affected (0.01 sec)

--------------
INSERT INTO Items VALUES(92252,  4,   '45-VA')
--------------

Query OK, 1 row affected (0.01 sec)

--------------
INSERT INTO Items VALUES(92252,  5,   '70-M-VA-SM-DZ')
--------------

Query OK, 1 row affected (0.01 sec)

--------------
INSERT INTO Items VALUES(39685,  1,   '50-APP')
--------------

Query OK, 1 row affected (0.02 sec)

--------------
INSERT INTO Items VALUES(39685,  2,   '70-M-CH-DZ')
--------------

Query OK, 1 row affected (0.01 sec)

--------------
INSERT INTO Items VALUES(39685,  3,   '90-APR-PF')
--------------

Query OK, 1 row affected (0.01 sec)

--------------
INSERT INTO Items VALUES(39685,  4,   '90-APIE-10')
--------------

Query OK, 1 row affected (0.00 sec)

--------------
INSERT INTO Items VALUES(61378,  1,   '51-APR')
--------------

Query OK, 1 row affected (0.01 sec)

--------------
INSERT INTO Items VALUES(61378,  2,   '90-BLK-PF')
--------------

Query OK, 1 row affected (0.01 sec)

--------------
INSERT INTO Items VALUES(96761,  1,   '26-8x10')
--------------

Query OK, 1 row affected (0.01 sec)

--------------
INSERT INTO Items VALUES(96761,  2,   '70-LEM')
--------------

Query OK, 1 row affected (0.01 sec)

--------------
INSERT INTO Items VALUES(96761,  3,   '50-CHS')
--------------

Query OK, 1 row affected (0.01 sec)

--------------
INSERT INTO Items VALUES(96761,  4,   '50-CHS')
--------------

Query OK, 1 row affected (0.01 sec)

--------------
INSERT INTO Items VALUES(26198,  1,   '70-GA')
--------------

Query OK, 1 row affected (0.01 sec)

--------------
INSERT INTO Items VALUES(26198,  2,   '70-GON')
--------------

Query OK, 1 row affected (0.00 sec)

--------------
INSERT INTO Items VALUES(26198,  3,   '50-APP')
--------------

Query OK, 1 row affected (0.02 sec)

--------------
INSERT INTO Items VALUES(26198,  4,   '20-BC-L-10')
--------------

Query OK, 1 row affected (0.01 sec)

--------------
INSERT INTO Items VALUES(26198,  5,   '70-R')
--------------

Query OK, 1 row affected (0.01 sec)

--------------
INSERT INTO Items VALUES(78179,  1,   '51-BLU')
--------------

Query OK, 1 row affected (0.01 sec)

--------------
INSERT INTO Items VALUES(78179,  2,   '50-CHS')
--------------

Query OK, 1 row affected (0.01 sec)

--------------
INSERT INTO Items VALUES(78179,  3,   '90-BLK-PF')
--------------

Query OK, 1 row affected (0.02 sec)

--------------
INSERT INTO Items VALUES(78179,  4,   '45-CO')
--------------

Query OK, 1 row affected (0.00 sec)

--------------
INSERT INTO Items VALUES(78179,  5,   '70-R')
--------------

Query OK, 1 row affected (0.01 sec)

--------------
INSERT INTO Items VALUES(68890,  1,   '50-ALM')
--------------

Query OK, 1 row affected (0.00 sec)

--------------
INSERT INTO Items VALUES(75526,  1,   '90-LEM-11')
--------------

Query OK, 1 row affected (0.01 sec)

--------------
INSERT INTO Items VALUES(86162,  1,   '51-BLU')
--------------

Query OK, 1 row affected (0.01 sec)

--------------
INSERT INTO Items VALUES(86162,  2,   '50-ALM')
--------------

Query OK, 1 row affected (0.02 sec)

--------------
INSERT INTO Items VALUES(86162,  3,   '50-CHS')
--------------

Query OK, 1 row affected (0.01 sec)

--------------
INSERT INTO Items VALUES(86162,  4,   '70-TU')
--------------

Query OK, 1 row affected (0.01 sec)

--------------
INSERT INTO Items VALUES(86162,  5,   '50-ALM')
--------------

Query OK, 1 row affected (0.01 sec)

--------------
INSERT INTO Items VALUES(13496,  1,   '70-W')
--------------

Query OK, 1 row affected (0.01 sec)

--------------
INSERT INTO Items VALUES(13496,  2,   '90-ALM-I')
--------------

Query OK, 1 row affected (0.02 sec)

--------------
INSERT INTO Items VALUES(13496,  3,   '51-ATW')
--------------

Query OK, 1 row affected (0.01 sec)

--------------
INSERT INTO Items VALUES(13496,  4,   '50-APP')
--------------

Query OK, 1 row affected (0.01 sec)

--------------
INSERT INTO Items VALUES(60469,  1,   '51-APR')
--------------

Query OK, 1 row affected (0.00 sec)

--------------
INSERT INTO Items VALUES(50660,  1,   '70-TU')
--------------

Query OK, 1 row affected (0.01 sec)

--------------
INSERT INTO Items VALUES(50660,  2,   '90-APIE-10')
--------------

Query OK, 1 row affected (0.00 sec)

--------------
INSERT INTO Items VALUES(64553,  1,   '51-BC')
--------------

Query OK, 1 row affected (0.01 sec)

--------------
INSERT INTO Items VALUES(64553,  2,   '90-APP-11')
--------------

Query OK, 1 row affected (0.01 sec)

--------------
INSERT INTO Items VALUES(64553,  3,   '70-LEM')
--------------

Query OK, 1 row affected (0.01 sec)

--------------
INSERT INTO Items VALUES(64553,  4,   '90-APP-11')
--------------

Query OK, 1 row affected (0.01 sec)

--------------
INSERT INTO Items VALUES(57784,  1,   '90-CH-PF')
--------------

Query OK, 1 row affected (0.02 sec)

--------------
INSERT INTO Items VALUES(84258,  1,   '51-APP')
--------------

Query OK, 1 row affected (0.01 sec)

--------------
INSERT INTO Items VALUES(84258,  2,   '51-BC')
--------------

Query OK, 1 row affected (0.01 sec)

--------------
INSERT INTO Items VALUES(68199,  1,   '51-APR')
--------------

Query OK, 1 row affected (0.01 sec)

--------------
INSERT INTO Items VALUES(68199,  2,   '24-8x10')
--------------

Query OK, 1 row affected (0.01 sec)

--------------
INSERT INTO Items VALUES(78187,  1,   '51-ATW')
--------------

Query OK, 1 row affected (0.01 sec)

--------------
INSERT INTO Items VALUES(78187,  2,   '51-ATW')
--------------

Query OK, 1 row affected (0.00 sec)

--------------
INSERT INTO Items VALUES(81517,  1,   '70-M-CH-DZ')
--------------

Query OK, 1 row affected (0.01 sec)

--------------
INSERT INTO Items VALUES(81517,  2,   '51-ATW')
--------------

Query OK, 1 row affected (0.00 sec)

--------------
INSERT INTO Items VALUES(18951,  1,   '51-APR')
--------------

Query OK, 1 row affected (0.01 sec)

--------------
INSERT INTO Items VALUES(20411,  1,   '90-APP-11')
--------------

Query OK, 1 row affected (0.01 sec)

--------------
INSERT INTO Items VALUES(20411,  2,   '90-APR-PF')
--------------

Query OK, 1 row affected (0.01 sec)

--------------
INSERT INTO Items VALUES(55494,  1,   '90-APP-11')
--------------

Query OK, 1 row affected (0.01 sec)

--------------
INSERT INTO Items VALUES(55494,  2,   '45-VA')
--------------

Query OK, 1 row affected (0.01 sec)

--------------
INSERT INTO Items VALUES(42162,  1,   '70-M-VA-SM-DZ')
--------------

Query OK, 1 row affected (0.01 sec)

--------------
INSERT INTO Items VALUES(49977,  1,   '26-8x10')
--------------

Query OK, 1 row affected (0.01 sec)

--------------
INSERT INTO Items VALUES(49977,  2,   '45-CO')
--------------

Query OK, 1 row affected (0.00 sec)

--------------
INSERT INTO Items VALUES(49977,  3,   '45-CH')
--------------

Query OK, 1 row affected (0.00 sec)

--------------
INSERT INTO Items VALUES(49977,  4,   '20-BC-L-10')
--------------

Query OK, 1 row affected (0.01 sec)

--------------
INSERT INTO Items VALUES(89638,  1,   '70-M-CH-DZ')
--------------

Query OK, 1 row affected (0.01 sec)

--------------
INSERT INTO Items VALUES(89638,  2,   '70-M-CH-DZ')
--------------

Query OK, 1 row affected (0.01 sec)

--------------
INSERT INTO Items VALUES(89638,  3,   '50-ALM')
--------------

Query OK, 1 row affected (0.01 sec)

--------------
INSERT INTO Items VALUES(89638,  4,   '90-CH-PF')
--------------

Query OK, 1 row affected (0.01 sec)

--------------
INSERT INTO Items VALUES(73438,  1,   '90-CHR-11')
--------------

Query OK, 1 row affected (0.01 sec)

--------------
INSERT INTO Items VALUES(73438,  2,   '50-APR')
--------------

Query OK, 1 row affected (0.00 sec)

--------------
INSERT INTO Items VALUES(96258,  1,   '90-CHR-11')
--------------

Query OK, 1 row affected (0.01 sec)

--------------
INSERT INTO Items VALUES(96258,  2,   '90-BLK-PF')
--------------

Query OK, 1 row affected (0.00 sec)

--------------
INSERT INTO Items VALUES(96258,  3,   '24-8x10')
--------------

Query OK, 1 row affected (0.00 sec)

--------------
INSERT INTO Items VALUES(96258,  4,   '70-LEM')
--------------

Query OK, 1 row affected (0.01 sec)

--------------
INSERT INTO Items VALUES(19258,  1,   '90-CHR-11')
--------------

Query OK, 1 row affected (0.01 sec)

--------------
INSERT INTO Items VALUES(12800,  1,   '70-LEM')
--------------

Query OK, 1 row affected (0.00 sec)

--------------
INSERT INTO Items VALUES(12800,  2,   '20-CA-7.5')
--------------

Query OK, 1 row affected (0.00 sec)

--------------
INSERT INTO Items VALUES(12800,  3,   '90-ALM-I')
--------------

Query OK, 1 row affected (0.01 sec)

--------------
INSERT INTO Items VALUES(12800,  4,   '90-APR-PF')
--------------

Query OK, 1 row affected (0.02 sec)

--------------
INSERT INTO Items VALUES(81368,  1,   '50-CHS')
--------------

Query OK, 1 row affected (0.01 sec)

--------------
INSERT INTO Items VALUES(81368,  2,   '90-CH-PF')
--------------

Query OK, 1 row affected (0.01 sec)

--------------
INSERT INTO Items VALUES(70655,  1,   '26-8x10')
--------------

Query OK, 1 row affected (0.00 sec)

--------------
INSERT INTO Items VALUES(70655,  2,   '70-TU')
--------------

Query OK, 1 row affected (0.01 sec)

--------------
INSERT INTO Items VALUES(70655,  3,   '90-ALM-I')
--------------

Query OK, 1 row affected (0.01 sec)

--------------
INSERT INTO Items VALUES(70655,  4,   '45-CO')
--------------

Query OK, 1 row affected (0.01 sec)

--------------
INSERT INTO Items VALUES(19002,  1,   '26-8x10')
--------------

Query OK, 1 row affected (0.01 sec)

--------------
INSERT INTO Items VALUES(19002,  2,   '25-STR-9')
--------------

Query OK, 1 row affected (0.00 sec)

--------------
INSERT INTO Items VALUES(31874,  1,   '70-MAR')
--------------

Query OK, 1 row affected (0.01 sec)

--------------
INSERT INTO Items VALUES(31874,  2,   '70-MAR')
--------------

Query OK, 1 row affected (0.01 sec)

--------------
INSERT INTO Items VALUES(31874,  3,   '90-LEM-11')
--------------

Query OK, 1 row affected (0.00 sec)

--------------
INSERT INTO Items VALUES(72207,  1,   '70-MAR')
--------------

Query OK, 1 row affected (0.02 sec)

--------------
INSERT INTO Items VALUES(72207,  2,   '20-CA-7.5')
--------------

Query OK, 1 row affected (0.01 sec)

--------------
INSERT INTO Items VALUES(65091,  1,   '51-APR')
--------------

Query OK, 1 row affected (0.01 sec)

--------------
INSERT INTO Items VALUES(42833,  1,   '90-CHR-11')
--------------

Query OK, 1 row affected (0.00 sec)

--------------
INSERT INTO Items VALUES(42833,  2,   '70-W')
--------------

Query OK, 1 row affected (0.01 sec)

--------------
INSERT INTO Items VALUES(42833,  3,   '51-BC')
--------------

Query OK, 1 row affected (0.00 sec)

--------------
INSERT INTO Items VALUES(72949,  1,   '51-APR')
--------------

Query OK, 1 row affected (0.01 sec)

--------------
INSERT INTO Items VALUES(72949,  2,   '70-LEM')
--------------

Query OK, 1 row affected (0.00 sec)

--------------
INSERT INTO Items VALUES(72949,  3,   '90-BLK-PF')
--------------

Query OK, 1 row affected (0.01 sec)

--------------
INSERT INTO Items VALUES(72949,  4,   '51-BLU')
--------------

Query OK, 1 row affected (0.01 sec)

--------------
INSERT INTO Items VALUES(72949,  5,   '70-W')
--------------

Query OK, 1 row affected (0.01 sec)

--------------
INSERT INTO Items VALUES(46248,  1,   '70-M-CH-DZ')
--------------

Query OK, 1 row affected (0.01 sec)

--------------
INSERT INTO Items VALUES(38849,  1,   '45-VA')
--------------

Query OK, 1 row affected (0.00 sec)

--------------
INSERT INTO Items VALUES(38849,  2,   '70-M-VA-SM-DZ')
--------------

Query OK, 1 row affected (0.01 sec)

--------------
INSERT INTO Items VALUES(38849,  3,   '46-11')
--------------

Query OK, 1 row affected (0.01 sec)

--------------
INSERT INTO Items VALUES(38849,  4,   '51-ATW')
--------------

Query OK, 1 row affected (0.01 sec)

--------------
INSERT INTO Items VALUES(38849,  5,   '50-APR')
--------------

Query OK, 1 row affected (0.02 sec)

--------------
INSERT INTO Items VALUES(86861,  1,   '20-BC-L-10')
--------------

Query OK, 1 row affected (0.00 sec)

--------------
INSERT INTO Items VALUES(86861,  2,   '50-CHS')
--------------

Query OK, 1 row affected (0.01 sec)

--------------
INSERT INTO Items VALUES(86861,  3,   '70-GON')
--------------

Query OK, 1 row affected (0.00 sec)

--------------
INSERT INTO Items VALUES(86861,  4,   '51-BLU')
--------------

Query OK, 1 row affected (0.01 sec)

--------------
INSERT INTO Items VALUES(32701,  1,   '90-BLK-PF')
--------------

Query OK, 1 row affected (0.00 sec)

--------------
INSERT INTO Items VALUES(32701,  2,   '50-APR')
--------------

Query OK, 1 row affected (0.01 sec)

--------------
INSERT INTO Items VALUES(32701,  3,   '20-CA-7.5')
--------------

Query OK, 1 row affected (0.00 sec)

--------------
INSERT INTO Items VALUES(89182,  1,   '51-APR')
--------------

Query OK, 1 row affected (0.01 sec)

--------------
INSERT INTO Items VALUES(89182,  2,   '51-APP')
--------------

Query OK, 1 row affected (0.00 sec)

--------------
INSERT INTO Items VALUES(89182,  3,   '70-LEM')
--------------

Query OK, 1 row affected (0.01 sec)

--------------
INSERT INTO Items VALUES(89182,  4,   '50-ALM')
--------------

Query OK, 1 row affected (0.01 sec)

--------------
INSERT INTO Items VALUES(89182,  5,   '45-CH')
--------------

Query OK, 1 row affected (0.01 sec)

--------------
INSERT INTO Items VALUES(68753,  1,   '70-R')
--------------

Query OK, 1 row affected (0.01 sec)

--------------
INSERT INTO Items VALUES(68753,  2,   '46-11')
--------------

Query OK, 1 row affected (0.02 sec)

--------------
INSERT INTO Items VALUES(68753,  3,   '51-BLU')
--------------

Query OK, 1 row affected (0.00 sec)

--------------
INSERT INTO Items VALUES(68753,  4,   '70-W')
--------------

Query OK, 1 row affected (0.01 sec)

--------------
INSERT INTO Items VALUES(68753,  5,   '51-BC')
--------------

Query OK, 1 row affected (0.00 sec)

--------------
INSERT INTO Items VALUES(39217,  1,   '90-ALM-I')
--------------

Query OK, 1 row affected (0.01 sec)

--------------
INSERT INTO Items VALUES(39217,  2,   '51-ATW')
--------------

Query OK, 1 row affected (0.01 sec)

--------------
INSERT INTO Items VALUES(39217,  3,   '45-CH')
--------------

Query OK, 1 row affected (0.01 sec)

--------------
INSERT INTO Items VALUES(39217,  4,   '90-BLK-PF')
--------------

Query OK, 1 row affected (0.02 sec)

--------------
INSERT INTO Items VALUES(96531,  1,   '24-8x10')
--------------

Query OK, 1 row affected (0.01 sec)

--------------
INSERT INTO Items VALUES(96531,  2,   '50-APP')
--------------

Query OK, 1 row affected (0.00 sec)

--------------
INSERT INTO Items VALUES(96531,  3,   '70-GA')
--------------

Query OK, 1 row affected (0.01 sec)

--------------
INSERT INTO Items VALUES(96531,  4,   '50-CHS')
--------------

Query OK, 1 row affected (0.01 sec)

--------------
INSERT INTO Items VALUES(53922,  1,   '70-M-VA-SM-DZ')
--------------

Query OK, 1 row affected (0.01 sec)

--------------
INSERT INTO Items VALUES(53922,  2,   '46-11')
--------------

Query OK, 1 row affected (0.02 sec)

--------------
INSERT INTO Items VALUES(53922,  3,   '20-BC-L-10')
--------------

Query OK, 1 row affected (0.01 sec)

--------------
INSERT INTO Items VALUES(53922,  4,   '70-GON')
--------------

Query OK, 1 row affected (0.01 sec)

--------------
INSERT INTO Items VALUES(64477,  1,   '70-TU')
--------------

Query OK, 1 row affected (0.01 sec)

--------------
INSERT INTO Items VALUES(64477,  2,   '90-PEC-11')
--------------

Query OK, 1 row affected (0.01 sec)

--------------
INSERT INTO Items VALUES(64477,  3,   '90-BLK-PF')
--------------

Query OK, 1 row affected (0.02 sec)

--------------
INSERT INTO Items VALUES(64477,  4,   '51-ATW')
--------------

Query OK, 1 row affected (0.01 sec)

--------------
INSERT INTO Items VALUES(64477,  5,   '20-CA-7.5')
--------------

Query OK, 1 row affected (0.01 sec)

--------------
INSERT INTO Items VALUES(99058,  1,   '50-CHS')
--------------

Query OK, 1 row affected (0.01 sec)

--------------
INSERT INTO Items VALUES(99058,  2,   '90-BLU-11')
--------------

Query OK, 1 row affected (0.01 sec)

--------------
INSERT INTO Items VALUES(99058,  3,   '51-BLU')
--------------

Query OK, 1 row affected (0.02 sec)

--------------
INSERT INTO Items VALUES(99058,  4,   '45-CH')
--------------

Query OK, 1 row affected (0.01 sec)

--------------
INSERT INTO Items VALUES(99058,  5,   '90-CHR-11')
--------------

Query OK, 1 row affected (0.01 sec)

--------------
INSERT INTO Items VALUES(77032,  1,   '50-CH')
--------------

Query OK, 1 row affected (0.00 sec)

--------------
INSERT INTO Items VALUES(77032,  2,   '46-11')
--------------

Query OK, 1 row affected (0.01 sec)

--------------
INSERT INTO Items VALUES(77032,  3,   '50-ALM')
--------------

Query OK, 1 row affected (0.01 sec)

--------------
INSERT INTO Items VALUES(77032,  4,   '70-MAR')
--------------

Query OK, 1 row affected (0.00 sec)

--------------
INSERT INTO Items VALUES(15286,  1,   '70-MAR')
--------------

Query OK, 1 row affected (0.02 sec)

--------------
INSERT INTO Items VALUES(15286,  2,   '50-APP')
--------------

Query OK, 1 row affected (0.01 sec)

--------------
INSERT INTO Items VALUES(15286,  3,   '90-APR-PF')
--------------

Query OK, 1 row affected (0.00 sec)

--------------
INSERT INTO Items VALUES(59774,  1,   '51-BLU')
--------------

Query OK, 1 row affected (0.01 sec)

--------------
INSERT INTO Items VALUES(59774,  2,   '70-GA')
--------------

Query OK, 1 row affected (0.01 sec)

--------------
INSERT INTO Items VALUES(59774,  3,   '90-ALM-I')
--------------

Query OK, 1 row affected (0.01 sec)

--------------
INSERT INTO Items VALUES(35073,  1,   '90-CHR-11')
--------------

Query OK, 1 row affected (0.01 sec)

--------------
INSERT INTO Items VALUES(35073,  2,   '70-GON')
--------------

Query OK, 1 row affected (0.02 sec)

--------------
INSERT INTO Items VALUES(34910,  1,   '51-APP')
--------------

Query OK, 1 row affected (0.02 sec)

--------------
INSERT INTO Items VALUES(34910,  2,   '24-8x10')
--------------

Query OK, 1 row affected (0.00 sec)

--------------
INSERT INTO Items VALUES(34910,  3,   '90-PEC-11')
--------------

Query OK, 1 row affected (0.01 sec)

--------------
INSERT INTO Items VALUES(34910,  4,   '51-BC')
--------------

Query OK, 1 row affected (0.00 sec)

--------------
INSERT INTO Items VALUES(17685,  1,   '20-BC-L-10')
--------------

Query OK, 1 row affected (0.01 sec)

--------------
INSERT INTO Items VALUES(17685,  2,   '50-APP')
--------------

Query OK, 1 row affected (0.01 sec)

--------------
INSERT INTO Items VALUES(17685,  3,   '51-ATW')
--------------

Query OK, 1 row affected (0.00 sec)

--------------
INSERT INTO Items VALUES(17685,  4,   '70-MAR')
--------------

Query OK, 1 row affected (0.01 sec)

--------------
INSERT INTO Items VALUES(45062,  1,   '50-CHS')
--------------

Query OK, 1 row affected (0.00 sec)

--------------
INSERT INTO Items VALUES(45062,  2,   '20-CA-7.5')
--------------

Query OK, 1 row affected (0.01 sec)

--------------
INSERT INTO Items VALUES(39109,  1,   '90-APIE-10')
--------------

Query OK, 1 row affected (0.01 sec)

--------------
INSERT INTO Items VALUES(39109,  2,   '90-APP-11')
--------------

Query OK, 1 row affected (0.00 sec)

--------------
INSERT INTO Items VALUES(37063,  1,   '70-TU')
--------------

Query OK, 1 row affected (0.01 sec)

--------------
INSERT INTO Items VALUES(37063,  2,   '90-APP-11')
--------------

Query OK, 1 row affected (0.01 sec)

--------------
INSERT INTO Items VALUES(37063,  3,   '70-W')
--------------

Query OK, 1 row affected (0.01 sec)

--------------
INSERT INTO Items VALUES(18567,  1,   '70-LEM')
--------------

Query OK, 1 row affected (0.01 sec)

--------------
INSERT INTO Items VALUES(18567,  2,   '90-APR-PF')
--------------

Query OK, 1 row affected (0.01 sec)

--------------
INSERT INTO Items VALUES(37586,  1,   '70-TU')
--------------

Query OK, 1 row affected (0.01 sec)

--------------
INSERT INTO Items VALUES(62707,  1,   '70-R')
--------------

Query OK, 1 row affected (0.01 sec)

--------------
INSERT INTO Items VALUES(62707,  2,   '90-CHR-11')
--------------

Query OK, 1 row affected (0.00 sec)

--------------
INSERT INTO Items VALUES(62707,  3,   '20-BC-L-10')
--------------

Query OK, 1 row affected (0.01 sec)

--------------
INSERT INTO Items VALUES(62707,  4,   '90-APR-PF')
--------------

Query OK, 1 row affected (0.02 sec)

--------------
INSERT INTO Items VALUES(28117,  1,   '90-CH-PF')
--------------

Query OK, 1 row affected (0.01 sec)

--------------
INSERT INTO Items VALUES(28117,  2,   '50-APP')
--------------

Query OK, 1 row affected (0.00 sec)

--------------
INSERT INTO Items VALUES(28117,  3,   '25-STR-9')
--------------

Query OK, 1 row affected (0.00 sec)

--------------
INSERT INTO Items VALUES(64574,  1,   '51-ATW')
--------------

Query OK, 1 row affected (0.02 sec)

--------------
INSERT INTO Items VALUES(64574,  2,   '70-TU')
--------------

Query OK, 1 row affected (0.01 sec)

--------------
INSERT INTO Items VALUES(64574,  3,   '70-W')
--------------

Query OK, 1 row affected (0.01 sec)

--------------
INSERT INTO Items VALUES(40305,  1,   '20-CA-7.5')
--------------

Query OK, 1 row affected (0.01 sec)

--------------
INSERT INTO Items VALUES(40305,  2,   '70-GA')
--------------

Query OK, 1 row affected (0.01 sec)

--------------
INSERT INTO Items VALUES(33060,  1,   '45-CO')
--------------

Query OK, 1 row affected (0.01 sec)

--------------
INSERT INTO Items VALUES(33060,  2,   '46-11')
--------------

Query OK, 1 row affected (0.01 sec)

--------------
INSERT INTO Items VALUES(33060,  3,   '90-BLK-PF')
--------------

Query OK, 1 row affected (0.01 sec)

--------------
INSERT INTO Items VALUES(12396,  1,   '90-BER-11')
--------------

Query OK, 1 row affected (0.01 sec)

--------------
INSERT INTO Items VALUES(12396,  2,   '70-M-VA-SM-DZ')
--------------

Query OK, 1 row affected (0.02 sec)

--------------
INSERT INTO Items VALUES(12396,  3,   '51-BC')
--------------

Query OK, 1 row affected (0.01 sec)

--------------
INSERT INTO Items VALUES(12396,  4,   '90-APR-PF')
--------------

Query OK, 1 row affected (0.01 sec)

--------------
INSERT INTO Items VALUES(12396,  5,   '20-CA-7.5')
--------------

Query OK, 1 row affected (0.01 sec)

--------------
INSERT INTO Items VALUES(43103,  1,   '70-M-CH-DZ')
--------------

Query OK, 1 row affected (0.01 sec)

--------------
INSERT INTO Items VALUES(39575,  1,   '70-M-CH-DZ')
--------------

Query OK, 1 row affected (0.01 sec)

--------------
INSERT INTO Items VALUES(70162,  1,   '46-11')
--------------

Query OK, 1 row affected (0.01 sec)

--------------
INSERT INTO Items VALUES(70162,  2,   '70-M-CH-DZ')
--------------

Query OK, 1 row affected (0.00 sec)

--------------
INSERT INTO Items VALUES(70162,  3,   '50-APR')
--------------

Query OK, 1 row affected (0.00 sec)

--------------
INSERT INTO Items VALUES(70162,  4,   '70-MAR')
--------------

Query OK, 1 row affected (0.01 sec)

--------------
INSERT INTO Items VALUES(23034,  1,   '70-M-CH-DZ')
--------------

Query OK, 1 row affected (0.02 sec)

--------------
INSERT INTO Items VALUES(23034,  2,   '90-APR-PF')
--------------

Query OK, 1 row affected (0.01 sec)

--------------
INSERT INTO Items VALUES(79296,  1,   '90-PEC-11')
--------------

Query OK, 1 row affected (0.01 sec)

--------------
INSERT INTO Items VALUES(79296,  2,   '50-APR')
--------------

Query OK, 1 row affected (0.01 sec)

--------------
INSERT INTO Items VALUES(79296,  3,   '90-ALM-I')
--------------

Query OK, 1 row affected (0.01 sec)

--------------
INSERT INTO Items VALUES(79296,  4,   '51-BC')
--------------

Query OK, 1 row affected (0.02 sec)

--------------
INSERT INTO Items VALUES(79296,  5,   '90-PEC-11')
--------------

Query OK, 1 row affected (0.01 sec)

--------------
INSERT INTO Items VALUES(74741,  1,   '90-APP-11')
--------------

Query OK, 1 row affected (0.01 sec)

--------------
INSERT INTO Items VALUES(74741,  2,   '51-APP')
--------------

Query OK, 1 row affected (0.01 sec)

--------------
INSERT INTO Items VALUES(74741,  3,   '70-MAR')
--------------

Query OK, 1 row affected (0.01 sec)

--------------
INSERT INTO Items VALUES(98806,  1,   '26-8x10')
--------------

Query OK, 1 row affected (0.02 sec)

--------------
INSERT INTO Items VALUES(98806,  2,   '50-APR')
--------------

Query OK, 1 row affected (0.01 sec)

--------------
INSERT INTO Items VALUES(98806,  3,   '90-APIE-10')
--------------

Query OK, 1 row affected (0.01 sec)

--------------
INSERT INTO Items VALUES(98806,  4,   '51-APP')
--------------

Query OK, 1 row affected (0.01 sec)

--------------
INSERT INTO Items VALUES(43752,  1,   '90-BLU-11')
--------------

Query OK, 1 row affected (0.01 sec)

--------------
INSERT INTO Items VALUES(47353,  1,   '90-APR-PF')
--------------

Query OK, 1 row affected (0.01 sec)

--------------
INSERT INTO Items VALUES(47353,  2,   '90-APIE-10')
--------------

Query OK, 1 row affected (0.02 sec)

--------------
INSERT INTO Items VALUES(47353,  3,   '70-TU')
--------------

Query OK, 1 row affected (0.01 sec)

--------------
INSERT INTO Items VALUES(47353,  4,   '90-BLK-PF')
--------------

Query OK, 1 row affected (0.00 sec)

--------------
INSERT INTO Items VALUES(39829,  1,   '20-BC-L-10')
--------------

Query OK, 1 row affected (0.01 sec)

--------------
INSERT INTO Items VALUES(87454,  1,   '90-APIE-10')
--------------

Query OK, 1 row affected (0.01 sec)

--------------
INSERT INTO Items VALUES(87454,  2,   '50-APP')
--------------

Query OK, 1 row affected (0.00 sec)

--------------
INSERT INTO Items VALUES(76663,  1,   '25-STR-9')
--------------

Query OK, 1 row affected (0.01 sec)

--------------
INSERT INTO Items VALUES(76663,  2,   '90-APP-11')
--------------

Query OK, 1 row affected (0.01 sec)

--------------
INSERT INTO Items VALUES(85492,  1,   '70-M-CH-DZ')
--------------

Query OK, 1 row affected (0.01 sec)

--------------
INSERT INTO Items VALUES(85492,  2,   '25-STR-9')
--------------

Query OK, 1 row affected (0.02 sec)

--------------
INSERT INTO Items VALUES(85492,  3,   '90-BLU-11')
--------------

Query OK, 1 row affected (0.00 sec)

--------------
INSERT INTO Items VALUES(85492,  4,   '70-M-CH-DZ')
--------------

Query OK, 1 row affected (0.00 sec)

--------------
INSERT INTO Items VALUES(48647,  1,   '51-BC')
--------------

Query OK, 1 row affected (0.02 sec)

--------------
INSERT INTO Items VALUES(48647,  2,   '90-APIE-10')
--------------

Query OK, 1 row affected (0.01 sec)

--------------
INSERT INTO Items VALUES(48647,  3,   '90-CHR-11')
--------------

Query OK, 1 row affected (0.01 sec)

--------------
INSERT INTO Items VALUES(61008,  1,   '20-CA-7.5')
--------------

Query OK, 1 row affected (0.01 sec)

--------------
INSERT INTO Items VALUES(61008,  2,   '90-APP-11')
--------------

Query OK, 1 row affected (0.01 sec)

--------------
INSERT INTO Items VALUES(96402,  1,   '50-ALM')
--------------

Query OK, 1 row affected (0.01 sec)

--------------
INSERT INTO Items VALUES(96402,  2,   '20-CA-7.5')
--------------

Query OK, 1 row affected (0.02 sec)

--------------
INSERT INTO Items VALUES(96402,  3,   '90-APP-11')
--------------

Query OK, 1 row affected (0.01 sec)

--------------
INSERT INTO Items VALUES(35904,  1,   '46-11')
--------------

Query OK, 1 row affected (0.01 sec)

--------------
INSERT INTO Items VALUES(35904,  2,   '90-APR-PF')
--------------

Query OK, 1 row affected (0.01 sec)

--------------
INSERT INTO Items VALUES(49845,  1,   '90-BLK-PF')
--------------

Query OK, 1 row affected (0.01 sec)

--------------
INSERT INTO Items VALUES(49845,  2,   '70-LEM')
--------------

Query OK, 1 row affected (0.02 sec)

--------------
INSERT INTO Items VALUES(49845,  3,   '50-CH')
--------------

Query OK, 1 row affected (0.01 sec)

--------------
INSERT INTO Items VALUES(49845,  4,   '90-PEC-11')
--------------

Query OK, 1 row affected (0.01 sec)

--------------
INSERT INTO Items VALUES(46014,  1,   '51-ATW')
--------------

Query OK, 1 row affected (0.01 sec)

--------------
INSERT INTO Items VALUES(46014,  2,   '90-APR-PF')
--------------

Query OK, 1 row affected (0.01 sec)

--------------
INSERT INTO Items VALUES(46014,  3,   '45-VA')
--------------

Query OK, 1 row affected (0.02 sec)

--------------
INSERT INTO Items VALUES(46014,  4,   '90-CH-PF')
--------------

Query OK, 1 row affected (0.01 sec)

--------------
INSERT INTO Items VALUES(46014,  5,   '90-BLK-PF')
--------------

Query OK, 1 row affected (0.01 sec)

--------------
INSERT INTO Items VALUES(46876,  1,   '70-TU')
--------------

Query OK, 1 row affected (0.01 sec)

--------------
INSERT INTO Items VALUES(46876,  2,   '51-APP')
--------------

Query OK, 1 row affected (0.01 sec)

--------------
INSERT INTO Items VALUES(34579,  1,   '24-8x10')
--------------

Query OK, 1 row affected (0.02 sec)

--------------
INSERT INTO Items VALUES(34579,  2,   '70-GA')
--------------

Query OK, 1 row affected (0.00 sec)

--------------
INSERT INTO Items VALUES(34579,  3,   '70-TU')
--------------

Query OK, 1 row affected (0.01 sec)

--------------
INSERT INTO Items VALUES(34579,  4,   '26-8x10')
--------------

Query OK, 1 row affected (0.02 sec)

--------------
INSERT INTO Items VALUES(17729,  1,   '51-ATW')
--------------

Query OK, 1 row affected (0.01 sec)

--------------
INSERT INTO Items VALUES(17729,  2,   '50-APP')
--------------

Query OK, 1 row affected (0.01 sec)

--------------
INSERT INTO Items VALUES(17729,  3,   '90-BLU-11')
--------------

Query OK, 1 row affected (0.01 sec)

--------------
INSERT INTO Items VALUES(17729,  4,   '90-CH-PF')
--------------

Query OK, 1 row affected (0.01 sec)

--------------
INSERT INTO Items VALUES(17729,  5,   '20-CA-7.5')
--------------

Query OK, 1 row affected (0.02 sec)

--------------
INSERT INTO Items VALUES(74952,  1,   '45-VA')
--------------

Query OK, 1 row affected (0.01 sec)

--------------
INSERT INTO Items VALUES(74952,  2,   '90-APP-11')
--------------

Query OK, 1 row affected (0.00 sec)

--------------
INSERT INTO Items VALUES(74952,  3,   '90-BER-11')
--------------

Query OK, 1 row affected (0.01 sec)

--------------
INSERT INTO Items VALUES(61948,  1,   '70-MAR')
--------------

Query OK, 1 row affected (0.01 sec)

--------------
INSERT INTO Items VALUES(61948,  2,   '70-GON')
--------------

Query OK, 1 row affected (0.01 sec)

--------------
INSERT INTO Items VALUES(61948,  3,   '45-CH')
--------------

Query OK, 1 row affected (0.01 sec)

--------------
INSERT INTO Items VALUES(61948,  4,   '24-8x10')
--------------

Query OK, 1 row affected (0.01 sec)

--------------
INSERT INTO Items VALUES(41064,  1,   '70-R')
--------------

Query OK, 1 row affected (0.01 sec)

--------------
INSERT INTO Items VALUES(41064,  2,   '90-APR-PF')
--------------

Query OK, 1 row affected (0.01 sec)

--------------
INSERT INTO Items VALUES(41064,  3,   '51-APP')
--------------

Query OK, 1 row affected (0.01 sec)

--------------
INSERT INTO Items VALUES(17947,  1,   '50-APP')
--------------

Query OK, 1 row affected (0.01 sec)

--------------
INSERT INTO Items VALUES(20913,  1,   '90-LEM-11')
--------------

Query OK, 1 row affected (0.02 sec)

--------------
INSERT INTO Items VALUES(20913,  2,   '70-M-CH-DZ')
--------------

Query OK, 1 row affected (0.01 sec)

--------------
INSERT INTO Items VALUES(20913,  3,   '70-LEM')
--------------

Query OK, 1 row affected (0.01 sec)

--------------
INSERT INTO Items VALUES(95514,  1,   '45-CH')
--------------

Query OK, 1 row affected (0.01 sec)

--------------
INSERT INTO Items VALUES(95514,  2,   '46-11')
--------------

Query OK, 1 row affected (0.00 sec)

--------------
INSERT INTO Items VALUES(95514,  3,   '70-MAR')
--------------

Query OK, 1 row affected (0.01 sec)

--------------
INSERT INTO Items VALUES(95514,  4,   '51-APP')
--------------

Query OK, 1 row affected (0.01 sec)

--------------
INSERT INTO Items VALUES(24829,  1,   '20-CA-7.5')
--------------

Query OK, 1 row affected (0.01 sec)

--------------
INSERT INTO Items VALUES(44590,  1,   '90-BLU-11')
--------------

Query OK, 1 row affected (0.01 sec)

--------------
INSERT INTO Items VALUES(44590,  2,   '24-8x10')
--------------

Query OK, 1 row affected (0.01 sec)

--------------
INSERT INTO Items VALUES(44590,  3,   '90-BLU-11')
--------------

Query OK, 1 row affected (0.02 sec)

--------------
INSERT INTO Items VALUES(44590,  4,   '45-CH')
--------------

Query OK, 1 row affected (0.01 sec)

--------------
INSERT INTO Items VALUES(44590,  5,   '90-PEC-11')
--------------

Query OK, 1 row affected (0.01 sec)

--------------
INSERT INTO Items VALUES(65165,  1,   '24-8x10')
--------------

Query OK, 1 row affected (0.01 sec)

--------------
INSERT INTO Items VALUES(65165,  2,   '90-ALM-I')
--------------

Query OK, 1 row affected (0.01 sec)

--------------
INSERT INTO Items VALUES(65165,  3,   '70-R')
--------------

Query OK, 1 row affected (0.02 sec)

--------------
INSERT INTO Items VALUES(65165,  4,   '45-CO')
--------------

Query OK, 1 row affected (0.01 sec)

--------------
INSERT INTO Items VALUES(89588,  1,   '90-BLK-PF')
--------------

Query OK, 1 row affected (0.00 sec)

--------------
INSERT INTO Items VALUES(53240,  1,   '25-STR-9')
--------------

Query OK, 1 row affected (0.01 sec)

--------------
INSERT INTO Items VALUES(53240,  2,   '51-ATW')
--------------

Query OK, 1 row affected (0.01 sec)

--------------
INSERT INTO Items VALUES(46674,  1,   '51-BC')
--------------

Query OK, 1 row affected (0.01 sec)

--------------
INSERT INTO Items VALUES(67946,  1,   '90-PEC-11')
--------------

Query OK, 1 row affected (0.01 sec)

--------------
INSERT INTO Items VALUES(67946,  2,   '90-APR-PF')
--------------

Query OK, 1 row affected (0.01 sec)

--------------
INSERT INTO Items VALUES(67946,  3,   '90-APR-PF')
--------------

Query OK, 1 row affected (0.01 sec)

--------------
INSERT INTO Items VALUES(67946,  4,   '90-LEM-11')
--------------

Query OK, 1 row affected (0.01 sec)

--------------
INSERT INTO Items VALUES(31233,  1,   '70-M-VA-SM-DZ')
--------------

Query OK, 1 row affected (0.00 sec)

--------------
INSERT INTO Items VALUES(31233,  2,   '50-APR')
--------------

Query OK, 1 row affected (0.01 sec)

--------------
INSERT INTO Items VALUES(31233,  3,   '50-CHS')
--------------

Query OK, 1 row affected (0.01 sec)

--------------
INSERT INTO Items VALUES(31233,  4,   '51-BC')
--------------

Query OK, 1 row affected (0.01 sec)

--------------
INSERT INTO Items VALUES(15904,  1,   '90-CH-PF')
--------------

Query OK, 1 row affected (0.02 sec)

--------------
INSERT INTO Items VALUES(17488,  1,   '50-APP')
--------------

Query OK, 1 row affected (0.01 sec)

--------------
INSERT INTO Items VALUES(97097,  1,   '70-MAR')
--------------

Query OK, 1 row affected (0.00 sec)

--------------
INSERT INTO Items VALUES(50512,  1,   '90-APP-11')
--------------

Query OK, 1 row affected (0.00 sec)

--------------
INSERT INTO Items VALUES(11548,  1,   '45-CO')
--------------

Query OK, 1 row affected (0.02 sec)

--------------
INSERT INTO Items VALUES(11548,  2,   '90-APIE-10')
--------------

Query OK, 1 row affected (0.00 sec)

--------------
INSERT INTO Items VALUES(29908,  1,   '45-VA')
--------------

Query OK, 1 row affected (0.01 sec)

--------------
INSERT INTO Items VALUES(29908,  2,   '51-ATW')
--------------

Query OK, 1 row affected (0.00 sec)

--------------
INSERT INTO Items VALUES(29908,  3,   '25-STR-9')
--------------

Query OK, 1 row affected (0.00 sec)

--------------
INSERT INTO Items VALUES(29908,  4,   '70-GA')
--------------

Query OK, 1 row affected (0.01 sec)

--------------
INSERT INTO Items VALUES(29908,  5,   '90-CH-PF')
--------------

Query OK, 1 row affected (0.00 sec)

--------------
INSERT INTO Items VALUES(20127,  1,   '90-BER-11')
--------------

Query OK, 1 row affected (0.01 sec)

--------------
INSERT INTO Items VALUES(20127,  2,   '70-M-CH-DZ')
--------------

Query OK, 1 row affected (0.00 sec)

--------------
INSERT INTO Items VALUES(41963,  1,   '50-ALM')
--------------

Query OK, 1 row affected (0.02 sec)

--------------
INSERT INTO Items VALUES(41963,  2,   '90-CH-PF')
--------------

Query OK, 1 row affected (0.01 sec)

--------------
INSERT INTO Items VALUES(16532,  1,   '50-APP')
--------------

Query OK, 1 row affected (0.01 sec)

--------------
INSERT INTO Items VALUES(16532,  2,   '70-MAR')
--------------

Query OK, 1 row affected (0.01 sec)

--------------
INSERT INTO Items VALUES(16532,  3,   '70-TU')
--------------

Query OK, 1 row affected (0.01 sec)

--------------
INSERT INTO Items VALUES(16532,  4,   '24-8x10')
--------------

Query OK, 1 row affected (0.00 sec)

--------------
INSERT INTO Items VALUES(34378,  1,   '90-CHR-11')
--------------

Query OK, 1 row affected (0.01 sec)

--------------
INSERT INTO Items VALUES(34378,  2,   '45-VA')
--------------

Query OK, 1 row affected (0.01 sec)

--------------
SELECT * FROM Goods
--------------

+---------------+------------+-----------+-------+
| Id            | Flavor     | Food      | Price |
+---------------+------------+-----------+-------+
| 20-BC-C-10    | Chocolate  | Cake      |  8.95 |
| 20-BC-L-10    | Lemon      | Cake      |  8.95 |
| 20-CA-7.5     | Casino     | Cake      | 15.95 |
| 24-8x10       | Opera      | Cake      | 15.95 |
| 25-STR-9      | Strawberry | Cake      | 11.95 |
| 26-8x10       | Truffle    | Cake      | 15.95 |
| 45-CH         | Chocolate  | Eclair    |  3.25 |
| 45-CO         | Coffee     | Eclair    |   3.5 |
| 45-VA         | Vanilla    | Eclair    |  3.25 |
| 46-11         | Napoleon   | Cake      | 13.49 |
| 50-ALM        | Almond     | Croissant |  1.45 |
| 50-APP        | Apple      | Croissant |  1.45 |
| 50-APR        | Apricot    | Croissant |  1.45 |
| 50-CH         | Chocolate  | Croissant |  1.75 |
| 50-CHS        | Cheese     | Croissant |  1.75 |
| 51-APP        | Apple      | Danish    |  1.15 |
| 51-APR        | Apricot    | Danish    |  1.15 |
| 51-ATW        | Almond     | Twist     |  1.15 |
| 51-BC         | Almond     | Bear Claw |  1.95 |
| 51-BLU        | Blueberry  | Danish    |  1.15 |
| 70-GA         | Ganache    | Cookie    |  1.15 |
| 70-GON        | Gongolais  | Cookie    |  1.15 |
| 70-LEM        | Lemon      | Cookie    |  0.79 |
| 70-M-CH-DZ    | Chocolate  | Meringue  |  1.25 |
| 70-M-VA-SM-DZ | Vanilla    | Meringue  |  1.15 |
| 70-MAR        | Marzipan   | Cookie    |  1.25 |
| 70-R          | Raspberry  | Cookie    |  1.09 |
| 70-TU         | Tuile      | Cookie    |  1.25 |
| 70-W          | Walnut     | Cookie    |  0.79 |
| 90-ALM-I      | Almond     | Tart      |  3.75 |
| 90-APIE-10    | Apple      | Pie       |  5.25 |
| 90-APP-11     | Apple      | Tart      |  3.25 |
| 90-APR-PF     | Apricot    | Tart      |  3.25 |
| 90-BER-11     | Berry      | Tart      |  3.25 |
| 90-BLK-PF     | Blackberry | Tart      |  3.25 |
| 90-BLU-11     | Blueberry  | Tart      |  3.25 |
| 90-CH-PF      | Chocolate  | Tart      |  3.75 |
| 90-CHR-11     | Cherry     | Tart      |  3.25 |
| 90-LEM-11     | Lemon      | Tart      |  3.25 |
| 90-PEC-11     | Pecan      | Tart      |  3.75 |
+---------------+------------+-----------+-------+
40 rows in set (0.00 sec)

--------------
SELECT COUNT(*) FROM Goods
--------------

+----------+
| COUNT(*) |
+----------+
|       40 |
+----------+
1 row in set (0.00 sec)

--------------
SELECT * FROM Customers
--------------

+----+------------+-----------+
| Id | LastName   | FirstName |
+----+------------+-----------+
|  1 | LOGAN      | JULIET    |
|  2 | ARZT       | TERRELL   |
|  3 | ESPOSITA   | TRAVIS    |
|  4 | ENGLEY     | SIXTA     |
|  5 | DUNLOW     | OSVALDO   |
|  6 | SLINGLAND  | JOSETTE   |
|  7 | TOUSSAND   | SHARRON   |
|  8 | HELING     | RUPERT    |
|  9 | HAFFERKAMP | CUC       |
| 10 | DUKELOW    | CORETTA   |
| 11 | STADICK    | MIGDALIA  |
| 12 | MCMAHAN    | MELLIE    |
| 13 | ARNN       | KIP       |
| 14 | SOPKO      | RAYFORD   |
| 15 | CALLENDAR  | DAVID     |
| 16 | CRUZEN     | ARIANE    |
| 17 | MESDAQ     | CHARLENE  |
| 18 | DOMKOWSKI  | ALMETA    |
| 19 | STENZ      | NATACHA   |
| 20 | ZEME       | STEPHEN   |
+----+------------+-----------+
20 rows in set (0.00 sec)

--------------
SELECT COUNT(*) FROM Customers
--------------

+----------+
| COUNT(*) |
+----------+
|       20 |
+----------+
1 row in set (0.00 sec)

--------------
SELECT * FROM Receipts
--------------

+---------------+------------+------------+
| ReceiptNumber | Date       | CustomerId |
+---------------+------------+------------+
|         10013 | 2007-10-17 |         15 |
|         11548 | 2007-10-21 |         13 |
|         11891 | 2007-10-30 |          7 |
|         11923 | 2007-10-09 |         15 |
|         12396 | 2007-10-10 |         10 |
|         12698 | 2007-10-23 |         19 |
|         12800 | 2007-10-22 |         11 |
|         13355 | 2007-10-19 |          7 |
|         13496 | 2007-10-30 |         11 |
|         15286 | 2007-10-11 |          6 |
|         15584 | 2007-10-13 |          3 |
|         15904 | 2007-10-06 |         13 |
|         16034 | 2007-10-10 |          4 |
|         16532 | 2007-10-21 |          4 |
|         17488 | 2007-10-20 |          6 |
|         17685 | 2007-10-02 |         12 |
|         17729 | 2007-10-16 |         16 |
|         17947 | 2007-10-27 |          7 |
|         18129 | 2007-10-28 |         15 |
|         18567 | 2007-10-13 |          7 |
|         18951 | 2007-10-14 |         20 |
|         19002 | 2007-10-19 |          6 |
|         19258 | 2007-10-25 |          5 |
|         20127 | 2007-10-07 |         15 |
|         20411 | 2007-10-08 |          7 |
|         20913 | 2007-10-07 |          8 |
|         21040 | 2007-10-03 |          6 |
|         21162 | 2007-10-04 |          8 |
|         21545 | 2007-10-22 |         12 |
|         21622 | 2007-10-10 |          7 |
|         23034 | 2007-10-15 |         17 |
|         24200 | 2007-10-16 |          9 |
|         24829 | 2007-10-07 |         15 |
|         25121 | 2007-10-20 |         18 |
|         25906 | 2007-10-29 |         15 |
|         26148 | 2007-10-19 |         20 |
|         26198 | 2007-10-12 |         11 |
|         26240 | 2007-10-07 |         16 |
|         26741 | 2007-10-24 |          7 |
|         27192 | 2007-10-28 |          9 |
|         27741 | 2007-10-25 |          8 |
|         28117 | 2007-10-09 |          5 |
|         29226 | 2007-10-26 |         14 |
|         29908 | 2007-10-14 |         13 |
|         31233 | 2007-10-20 |         13 |
|         31874 | 2007-10-13 |          2 |
|         32565 | 2007-10-24 |         14 |
|         32701 | 2007-10-19 |         16 |
|         33060 | 2007-10-29 |         20 |
|         33456 | 2007-10-05 |         16 |
|         34378 | 2007-10-23 |          6 |
|         34579 | 2007-10-08 |          7 |
|         34910 | 2007-10-07 |         20 |
|         35011 | 2007-10-10 |         20 |
|         35073 | 2007-10-23 |          5 |
|         35904 | 2007-10-21 |         10 |
|         36343 | 2007-10-31 |         19 |
|         36423 | 2007-10-24 |         16 |
|         37063 | 2007-10-22 |         14 |
|         37540 | 2007-10-03 |         20 |
|         37586 | 2007-10-03 |          8 |
|         37636 | 2007-10-20 |          1 |
|         38157 | 2007-10-23 |         16 |
|         38849 | 2007-10-25 |          1 |
|         39109 | 2007-10-02 |         16 |
|         39217 | 2007-10-19 |         20 |
|         39575 | 2007-10-20 |         20 |
|         39605 | 2007-10-12 |         12 |
|         39685 | 2007-10-28 |          1 |
|         39829 | 2007-10-31 |          3 |
|         40305 | 2007-10-25 |          8 |
|         41028 | 2007-10-06 |         17 |
|         41064 | 2007-10-25 |         16 |
|         41963 | 2007-10-29 |          8 |
|         42162 | 2007-10-16 |          7 |
|         42166 | 2007-10-14 |          8 |
|         42833 | 2007-10-22 |          3 |
|         43103 | 2007-10-07 |          4 |
|         43752 | 2007-10-05 |          5 |
|         44330 | 2007-10-20 |         18 |
|         44590 | 2007-10-12 |          1 |
|         44798 | 2007-10-04 |         16 |
|         45062 | 2007-10-23 |          1 |
|         45873 | 2007-10-05 |         13 |
|         45976 | 2007-10-03 |         10 |
|         46014 | 2007-10-16 |         15 |
|         46248 | 2007-10-12 |         11 |
|         46598 | 2007-10-03 |         14 |
|         46674 | 2007-10-29 |         15 |
|         46876 | 2007-10-06 |         13 |
|         47353 | 2007-10-12 |          6 |
|         48332 | 2007-10-15 |         20 |
|         48647 | 2007-10-09 |          3 |
|         48981 | 2007-10-24 |         20 |
|         49845 | 2007-10-31 |         20 |
|         49854 | 2007-10-12 |          2 |
|         49977 | 2007-10-18 |          3 |
|         50512 | 2007-10-27 |          8 |
|         50660 | 2007-10-18 |          9 |
|         51991 | 2007-10-17 |         14 |
|         52013 | 2007-10-05 |         13 |
|         52369 | 2007-10-15 |          5 |
|         52761 | 2007-10-27 |          8 |
|         53240 | 2007-10-03 |         14 |
|         53376 | 2007-10-30 |          8 |
|         53922 | 2007-10-13 |          2 |
|         54935 | 2007-10-16 |         14 |
|         55494 | 2007-10-20 |         15 |
|         55690 | 2007-10-15 |         19 |
|         55944 | 2007-10-16 |         19 |
|         56365 | 2007-10-14 |         12 |
|         56724 | 2007-10-09 |         13 |
|         57784 | 2007-10-15 |          7 |
|         58770 | 2007-10-22 |         18 |
|         59716 | 2007-10-30 |          2 |
|         59774 | 2007-10-02 |         16 |
|         60240 | 2007-10-17 |         17 |
|         60270 | 2007-10-31 |         11 |
|         60469 | 2007-10-20 |          4 |
|         61008 | 2007-10-09 |         14 |
|         61378 | 2007-10-08 |         11 |
|         61797 | 2007-10-30 |          8 |
|         61948 | 2007-10-04 |          5 |
|         62707 | 2007-10-07 |          8 |
|         63998 | 2007-10-13 |         20 |
|         64301 | 2007-10-12 |         14 |
|         64451 | 2007-10-10 |         11 |
|         64477 | 2007-10-16 |          6 |
|         64553 | 2007-10-08 |         17 |
|         64574 | 2007-10-02 |          6 |
|         64861 | 2007-10-15 |         10 |
|         65091 | 2007-10-09 |         17 |
|         65165 | 2007-10-04 |          4 |
|         66227 | 2007-10-10 |          1 |
|         66704 | 2007-10-29 |         14 |
|         67314 | 2007-10-23 |          6 |
|         67946 | 2007-10-18 |          7 |
|         68199 | 2007-10-04 |          9 |
|         68753 | 2007-10-11 |          5 |
|         68890 | 2007-10-27 |          7 |
|         70162 | 2007-10-09 |         19 |
|         70655 | 2007-10-06 |          2 |
|         70723 | 2007-10-28 |         20 |
|         70796 | 2007-10-31 |         12 |
|         72207 | 2007-10-15 |          1 |
|         72949 | 2007-10-02 |          6 |
|         73437 | 2007-10-01 |          6 |
|         73438 | 2007-10-18 |         10 |
|         73716 | 2007-10-29 |         18 |
|         74741 | 2007-10-12 |         20 |
|         74952 | 2007-10-16 |          5 |
|         75468 | 2007-10-21 |         10 |
|         75526 | 2007-10-22 |         18 |
|         76663 | 2007-10-04 |         10 |
|         76667 | 2007-10-14 |         15 |
|         76951 | 2007-10-27 |         14 |
|         77032 | 2007-10-28 |         14 |
|         77406 | 2007-10-09 |         13 |
|         78179 | 2007-10-24 |         14 |
|         78187 | 2007-10-17 |         14 |
|         79287 | 2007-10-30 |          8 |
|         79296 | 2007-10-03 |         19 |
|         81368 | 2007-10-17 |         19 |
|         81517 | 2007-10-10 |          1 |
|         82056 | 2007-10-07 |         18 |
|         82795 | 2007-10-08 |         15 |
|         83085 | 2007-10-12 |          7 |
|         83437 | 2007-10-15 |          8 |
|         84258 | 2007-10-22 |          2 |
|         84665 | 2007-10-10 |          6 |
|         85492 | 2007-10-20 |         12 |
|         85858 | 2007-10-31 |          1 |
|         85881 | 2007-10-13 |          1 |
|         86085 | 2007-10-16 |          1 |
|         86162 | 2007-10-10 |         16 |
|         86678 | 2007-10-24 |          3 |
|         86861 | 2007-10-26 |          9 |
|         87454 | 2007-10-21 |          6 |
|         88626 | 2007-10-25 |         17 |
|         89182 | 2007-10-29 |          5 |
|         89588 | 2007-10-09 |          7 |
|         89638 | 2007-10-07 |          4 |
|         89937 | 2007-10-20 |          7 |
|         91192 | 2007-10-10 |          5 |
|         91937 | 2007-10-21 |         12 |
|         92252 | 2007-10-25 |          7 |
|         94371 | 2007-10-22 |          8 |
|         95514 | 2007-10-09 |         10 |
|         95962 | 2007-10-26 |          8 |
|         96258 | 2007-10-12 |          8 |
|         96402 | 2007-10-04 |          6 |
|         96430 | 2007-10-04 |         18 |
|         96531 | 2007-10-12 |          8 |
|         96619 | 2007-10-07 |         18 |
|         96761 | 2007-10-14 |         20 |
|         97097 | 2007-10-23 |          9 |
|         98806 | 2007-10-15 |         17 |
|         99002 | 2007-10-13 |         20 |
|         99058 | 2007-10-03 |         14 |
|         99994 | 2007-10-21 |          6 |
+---------------+------------+------------+
200 rows in set (0.00 sec)

--------------
SELECT COUNT(*) FROM Receipts
--------------

+----------+
| COUNT(*) |
+----------+
|      200 |
+----------+
1 row in set (0.01 sec)

--------------
SELECT * FROM Items
--------------

+---------+---------+---------------+
| Receipt | Ordinal | Item          |
+---------+---------+---------------+
|   17685 |       1 | 20-BC-L-10    |
|   21040 |       2 | 20-BC-L-10    |
|   26198 |       4 | 20-BC-L-10    |
|   39829 |       1 | 20-BC-L-10    |
|   49977 |       4 | 20-BC-L-10    |
|   53922 |       3 | 20-BC-L-10    |
|   60270 |       1 | 20-BC-L-10    |
|   62707 |       3 | 20-BC-L-10    |
|   70796 |       2 | 20-BC-L-10    |
|   86861 |       1 | 20-BC-L-10    |
|   12396 |       5 | 20-CA-7.5     |
|   12800 |       2 | 20-CA-7.5     |
|   17729 |       5 | 20-CA-7.5     |
|   24829 |       1 | 20-CA-7.5     |
|   26148 |       1 | 20-CA-7.5     |
|   26240 |       1 | 20-CA-7.5     |
|   32701 |       3 | 20-CA-7.5     |
|   40305 |       1 | 20-CA-7.5     |
|   45062 |       2 | 20-CA-7.5     |
|   55944 |       1 | 20-CA-7.5     |
|   58770 |       4 | 20-CA-7.5     |
|   61008 |       1 | 20-CA-7.5     |
|   64477 |       5 | 20-CA-7.5     |
|   67314 |       4 | 20-CA-7.5     |
|   72207 |       2 | 20-CA-7.5     |
|   85858 |       1 | 20-CA-7.5     |
|   96402 |       2 | 20-CA-7.5     |
|   13355 |       1 | 24-8x10       |
|   16532 |       4 | 24-8x10       |
|   34579 |       1 | 24-8x10       |
|   34910 |       2 | 24-8x10       |
|   37636 |       3 | 24-8x10       |
|   44590 |       2 | 24-8x10       |
|   45976 |       1 | 24-8x10       |
|   61948 |       4 | 24-8x10       |
|   64451 |       3 | 24-8x10       |
|   65165 |       1 | 24-8x10       |
|   68199 |       2 | 24-8x10       |
|   77406 |       5 | 24-8x10       |
|   83085 |       2 | 24-8x10       |
|   96258 |       3 | 24-8x10       |
|   96531 |       1 | 24-8x10       |
|   19002 |       2 | 25-STR-9      |
|   25906 |       1 | 25-STR-9      |
|   28117 |       3 | 25-STR-9      |
|   29908 |       3 | 25-STR-9      |
|   44798 |       5 | 25-STR-9      |
|   53240 |       1 | 25-STR-9      |
|   76663 |       1 | 25-STR-9      |
|   83085 |       1 | 25-STR-9      |
|   85492 |       2 | 25-STR-9      |
|   99994 |       1 | 25-STR-9      |
|   12698 |       3 | 26-8x10       |
|   16034 |       2 | 26-8x10       |
|   19002 |       1 | 26-8x10       |
|   34579 |       4 | 26-8x10       |
|   49977 |       1 | 26-8x10       |
|   51991 |       4 | 26-8x10       |
|   52761 |       2 | 26-8x10       |
|   70655 |       1 | 26-8x10       |
|   83085 |       5 | 26-8x10       |
|   96761 |       1 | 26-8x10       |
|   98806 |       1 | 26-8x10       |
|   99994 |       2 | 26-8x10       |
|   16034 |       3 | 45-CH         |
|   25121 |       3 | 45-CH         |
|   39217 |       3 | 45-CH         |
|   44590 |       4 | 45-CH         |
|   49977 |       3 | 45-CH         |
|   54935 |       2 | 45-CH         |
|   58770 |       3 | 45-CH         |
|   61948 |       3 | 45-CH         |
|   70796 |       3 | 45-CH         |
|   89182 |       5 | 45-CH         |
|   95514 |       1 | 45-CH         |
|   99058 |       4 | 45-CH         |
|   11548 |       1 | 45-CO         |
|   11891 |       1 | 45-CO         |
|   21622 |       1 | 45-CO         |
|   33060 |       1 | 45-CO         |
|   37540 |       1 | 45-CO         |
|   49977 |       2 | 45-CO         |
|   59716 |       4 | 45-CO         |
|   65165 |       4 | 45-CO         |
|   70655 |       4 | 45-CO         |
|   70723 |       1 | 45-CO         |
|   70796 |       1 | 45-CO         |
|   78179 |       4 | 45-CO         |
|   82056 |       4 | 45-CO         |
|   21545 |       5 | 45-VA         |
|   29908 |       1 | 45-VA         |
|   32565 |       3 | 45-VA         |
|   34378 |       2 | 45-VA         |
|   36423 |       1 | 45-VA         |
|   38849 |       1 | 45-VA         |
|   46014 |       3 | 45-VA         |
|   55494 |       2 | 45-VA         |
|   74952 |       1 | 45-VA         |
|   79287 |       2 | 45-VA         |
|   92252 |       4 | 45-VA         |
|   95962 |       4 | 45-VA         |
|   99002 |       2 | 45-VA         |
|   11891 |       3 | 46-11         |
|   13355 |       3 | 46-11         |
|   16034 |       1 | 46-11         |
|   16034 |       5 | 46-11         |
|   33060 |       2 | 46-11         |
|   33456 |       1 | 46-11         |
|   35904 |       1 | 46-11         |
|   38849 |       3 | 46-11         |
|   53376 |       4 | 46-11         |
|   53922 |       2 | 46-11         |
|   58770 |       2 | 46-11         |
|   64861 |       2 | 46-11         |
|   68753 |       2 | 46-11         |
|   70162 |       1 | 46-11         |
|   77032 |       2 | 46-11         |
|   95514 |       2 | 46-11         |
|   21545 |       3 | 50-ALM        |
|   29226 |       5 | 50-ALM        |
|   36343 |       4 | 50-ALM        |
|   41963 |       1 | 50-ALM        |
|   52013 |       2 | 50-ALM        |
|   60240 |       2 | 50-ALM        |
|   64861 |       1 | 50-ALM        |
|   68890 |       1 | 50-ALM        |
|   77032 |       3 | 50-ALM        |
|   86162 |       2 | 50-ALM        |
|   86162 |       5 | 50-ALM        |
|   89182 |       4 | 50-ALM        |
|   89638 |       3 | 50-ALM        |
|   96402 |       1 | 50-ALM        |
|   13496 |       4 | 50-APP        |
|   15286 |       2 | 50-APP        |
|   16532 |       1 | 50-APP        |
|   17488 |       1 | 50-APP        |
|   17685 |       2 | 50-APP        |
|   17729 |       2 | 50-APP        |
|   17947 |       1 | 50-APP        |
|   26198 |       3 | 50-APP        |
|   26741 |       2 | 50-APP        |
|   28117 |       2 | 50-APP        |
|   32565 |       1 | 50-APP        |
|   32565 |       2 | 50-APP        |
|   39685 |       1 | 50-APP        |
|   86085 |       2 | 50-APP        |
|   87454 |       2 | 50-APP        |
|   91192 |       3 | 50-APP        |
|   96531 |       2 | 50-APP        |
|   11891 |       2 | 50-APR        |
|   31233 |       2 | 50-APR        |
|   32701 |       2 | 50-APR        |
|   38849 |       5 | 50-APR        |
|   56365 |       1 | 50-APR        |
|   70162 |       3 | 50-APR        |
|   73438 |       2 | 50-APR        |
|   77406 |       3 | 50-APR        |
|   77406 |       4 | 50-APR        |
|   79296 |       2 | 50-APR        |
|   86085 |       1 | 50-APR        |
|   98806 |       2 | 50-APR        |
|   49845 |       3 | 50-CH         |
|   73716 |       4 | 50-CH         |
|   77032 |       1 | 50-CH         |
|   82056 |       2 | 50-CH         |
|   95962 |       3 | 50-CH         |
|   99994 |       4 | 50-CH         |
|   24200 |       1 | 50-CHS        |
|   25121 |       1 | 50-CHS        |
|   31233 |       3 | 50-CHS        |
|   35011 |       1 | 50-CHS        |
|   45062 |       1 | 50-CHS        |
|   48981 |       2 | 50-CHS        |
|   52761 |       3 | 50-CHS        |
|   55944 |       5 | 50-CHS        |
|   58770 |       1 | 50-CHS        |
|   67314 |       2 | 50-CHS        |
|   78179 |       2 | 50-CHS        |
|   81368 |       1 | 50-CHS        |
|   86162 |       3 | 50-CHS        |
|   86861 |       2 | 50-CHS        |
|   96531 |       4 | 50-CHS        |
|   96761 |       3 | 50-CHS        |
|   96761 |       4 | 50-CHS        |
|   99002 |       1 | 50-CHS        |
|   99058 |       1 | 50-CHS        |
|   12698 |       1 | 51-APP        |
|   34910 |       1 | 51-APP        |
|   41064 |       3 | 51-APP        |
|   46876 |       2 | 51-APP        |
|   74741 |       2 | 51-APP        |
|   84258 |       1 | 51-APP        |
|   89182 |       2 | 51-APP        |
|   91192 |       1 | 51-APP        |
|   95514 |       4 | 51-APP        |
|   98806 |       4 | 51-APP        |
|   18951 |       1 | 51-APR        |
|   37540 |       2 | 51-APR        |
|   53376 |       1 | 51-APR        |
|   59716 |       1 | 51-APR        |
|   60469 |       1 | 51-APR        |
|   61378 |       1 | 51-APR        |
|   64301 |       2 | 51-APR        |
|   65091 |       1 | 51-APR        |
|   66704 |       2 | 51-APR        |
|   68199 |       1 | 51-APR        |
|   72949 |       1 | 51-APR        |
|   83437 |       2 | 51-APR        |
|   89182 |       1 | 51-APR        |
|   91937 |       2 | 51-APR        |
|   13496 |       3 | 51-ATW        |
|   17685 |       3 | 51-ATW        |
|   17729 |       1 | 51-ATW        |
|   29908 |       2 | 51-ATW        |
|   38849 |       4 | 51-ATW        |
|   39217 |       2 | 51-ATW        |
|   46014 |       1 | 51-ATW        |
|   53240 |       2 | 51-ATW        |
|   64477 |       4 | 51-ATW        |
|   64574 |       1 | 51-ATW        |
|   77406 |       1 | 51-ATW        |
|   78187 |       1 | 51-ATW        |
|   78187 |       2 | 51-ATW        |
|   81517 |       2 | 51-ATW        |
|   83085 |       4 | 51-ATW        |
|   86085 |       4 | 51-ATW        |
|   91192 |       2 | 51-ATW        |
|   92252 |       2 | 51-ATW        |
|   12396 |       3 | 51-BC         |
|   27741 |       2 | 51-BC         |
|   29226 |       3 | 51-BC         |
|   31233 |       4 | 51-BC         |
|   34910 |       4 | 51-BC         |
|   36343 |       1 | 51-BC         |
|   36343 |       2 | 51-BC         |
|   42833 |       3 | 51-BC         |
|   45976 |       2 | 51-BC         |
|   46674 |       1 | 51-BC         |
|   48647 |       1 | 51-BC         |
|   64451 |       2 | 51-BC         |
|   64553 |       1 | 51-BC         |
|   67314 |       1 | 51-BC         |
|   68753 |       5 | 51-BC         |
|   79296 |       4 | 51-BC         |
|   84258 |       2 | 51-BC         |
|   89937 |       2 | 51-BC         |
|   91937 |       1 | 51-BC         |
|   26148 |       3 | 51-BLU        |
|   55690 |       2 | 51-BLU        |
|   59774 |       1 | 51-BLU        |
|   68753 |       3 | 51-BLU        |
|   72949 |       4 | 51-BLU        |
|   76951 |       1 | 51-BLU        |
|   78179 |       1 | 51-BLU        |
|   79287 |       5 | 51-BLU        |
|   85858 |       3 | 51-BLU        |
|   86162 |       1 | 51-BLU        |
|   86861 |       4 | 51-BLU        |
|   89937 |       1 | 51-BLU        |
|   92252 |       3 | 51-BLU        |
|   94371 |       1 | 51-BLU        |
|   99058 |       3 | 51-BLU        |
|   21545 |       2 | 70-GA         |
|   26198 |       1 | 70-GA         |
|   26741 |       1 | 70-GA         |
|   29908 |       4 | 70-GA         |
|   34579 |       2 | 70-GA         |
|   40305 |       2 | 70-GA         |
|   48332 |       1 | 70-GA         |
|   59774 |       2 | 70-GA         |
|   96531 |       3 | 70-GA         |
|   26198 |       2 | 70-GON        |
|   35073 |       2 | 70-GON        |
|   53922 |       4 | 70-GON        |
|   61797 |       1 | 70-GON        |
|   61948 |       2 | 70-GON        |
|   76667 |       1 | 70-GON        |
|   86861 |       3 | 70-GON        |
|   92252 |       1 | 70-GON        |
|   11923 |       1 | 70-LEM        |
|   12800 |       1 | 70-LEM        |
|   13355 |       2 | 70-LEM        |
|   15584 |       1 | 70-LEM        |
|   18567 |       1 | 70-LEM        |
|   20913 |       3 | 70-LEM        |
|   38157 |       3 | 70-LEM        |
|   49845 |       2 | 70-LEM        |
|   64553 |       3 | 70-LEM        |
|   66704 |       3 | 70-LEM        |
|   72949 |       2 | 70-LEM        |
|   73716 |       3 | 70-LEM        |
|   89182 |       3 | 70-LEM        |
|   96258 |       4 | 70-LEM        |
|   96761 |       2 | 70-LEM        |
|   10013 |       1 | 70-M-CH-DZ    |
|   20127 |       2 | 70-M-CH-DZ    |
|   20913 |       2 | 70-M-CH-DZ    |
|   23034 |       1 | 70-M-CH-DZ    |
|   26148 |       4 | 70-M-CH-DZ    |
|   39575 |       1 | 70-M-CH-DZ    |
|   39685 |       2 | 70-M-CH-DZ    |
|   43103 |       1 | 70-M-CH-DZ    |
|   46248 |       1 | 70-M-CH-DZ    |
|   55690 |       1 | 70-M-CH-DZ    |
|   61797 |       4 | 70-M-CH-DZ    |
|   70162 |       2 | 70-M-CH-DZ    |
|   73437 |       1 | 70-M-CH-DZ    |
|   75468 |       1 | 70-M-CH-DZ    |
|   75468 |       2 | 70-M-CH-DZ    |
|   81517 |       1 | 70-M-CH-DZ    |
|   85492 |       1 | 70-M-CH-DZ    |
|   85492 |       4 | 70-M-CH-DZ    |
|   89638 |       1 | 70-M-CH-DZ    |
|   89638 |       2 | 70-M-CH-DZ    |
|   12396 |       2 | 70-M-VA-SM-DZ |
|   31233 |       1 | 70-M-VA-SM-DZ |
|   36343 |       3 | 70-M-VA-SM-DZ |
|   38849 |       2 | 70-M-VA-SM-DZ |
|   42162 |       1 | 70-M-VA-SM-DZ |
|   42166 |       1 | 70-M-VA-SM-DZ |
|   45873 |       1 | 70-M-VA-SM-DZ |
|   53922 |       1 | 70-M-VA-SM-DZ |
|   56724 |       1 | 70-M-VA-SM-DZ |
|   61797 |       3 | 70-M-VA-SM-DZ |
|   63998 |       1 | 70-M-VA-SM-DZ |
|   85858 |       2 | 70-M-VA-SM-DZ |
|   86678 |       1 | 70-M-VA-SM-DZ |
|   92252 |       5 | 70-M-VA-SM-DZ |
|   15286 |       1 | 70-MAR        |
|   16532 |       2 | 70-MAR        |
|   17685 |       4 | 70-MAR        |
|   31874 |       1 | 70-MAR        |
|   31874 |       2 | 70-MAR        |
|   38157 |       1 | 70-MAR        |
|   59716 |       2 | 70-MAR        |
|   61948 |       1 | 70-MAR        |
|   66227 |       3 | 70-MAR        |
|   70162 |       4 | 70-MAR        |
|   72207 |       1 | 70-MAR        |
|   74741 |       3 | 70-MAR        |
|   77032 |       4 | 70-MAR        |
|   95514 |       3 | 70-MAR        |
|   97097 |       1 | 70-MAR        |
|   12698 |       2 | 70-R          |
|   16034 |       4 | 70-R          |
|   21040 |       1 | 70-R          |
|   26198 |       5 | 70-R          |
|   27192 |       1 | 70-R          |
|   41064 |       1 | 70-R          |
|   44330 |       1 | 70-R          |
|   46598 |       1 | 70-R          |
|   46598 |       3 | 70-R          |
|   48332 |       2 | 70-R          |
|   54935 |       1 | 70-R          |
|   55944 |       3 | 70-R          |
|   55944 |       4 | 70-R          |
|   62707 |       1 | 70-R          |
|   65165 |       3 | 70-R          |
|   68753 |       1 | 70-R          |
|   78179 |       5 | 70-R          |
|   89937 |       4 | 70-R          |
|   16532 |       3 | 70-TU         |
|   18129 |       1 | 70-TU         |
|   21162 |       2 | 70-TU         |
|   27192 |       3 | 70-TU         |
|   34579 |       3 | 70-TU         |
|   37063 |       1 | 70-TU         |
|   37586 |       1 | 70-TU         |
|   46876 |       1 | 70-TU         |
|   47353 |       3 | 70-TU         |
|   50660 |       1 | 70-TU         |
|   52369 |       2 | 70-TU         |
|   64477 |       1 | 70-TU         |
|   64574 |       2 | 70-TU         |
|   67314 |       3 | 70-TU         |
|   70655 |       2 | 70-TU         |
|   86162 |       4 | 70-TU         |
|   13496 |       1 | 70-W          |
|   29226 |       4 | 70-W          |
|   37063 |       3 | 70-W          |
|   42833 |       2 | 70-W          |
|   46598 |       2 | 70-W          |
|   52013 |       1 | 70-W          |
|   64301 |       1 | 70-W          |
|   64574 |       3 | 70-W          |
|   68753 |       4 | 70-W          |
|   72949 |       5 | 70-W          |
|   12800 |       3 | 90-ALM-I      |
|   13496 |       2 | 90-ALM-I      |
|   39217 |       1 | 90-ALM-I      |
|   52013 |       3 | 90-ALM-I      |
|   52761 |       1 | 90-ALM-I      |
|   52761 |       5 | 90-ALM-I      |
|   59774 |       3 | 90-ALM-I      |
|   65165 |       2 | 90-ALM-I      |
|   70655 |       3 | 90-ALM-I      |
|   73716 |       2 | 90-ALM-I      |
|   79296 |       3 | 90-ALM-I      |
|   11548 |       2 | 90-APIE-10    |
|   29226 |       2 | 90-APIE-10    |
|   39109 |       1 | 90-APIE-10    |
|   39685 |       4 | 90-APIE-10    |
|   44798 |       3 | 90-APIE-10    |
|   47353 |       2 | 90-APIE-10    |
|   48647 |       2 | 90-APIE-10    |
|   50660 |       2 | 90-APIE-10    |
|   51991 |       1 | 90-APIE-10    |
|   53376 |       3 | 90-APIE-10    |
|   66227 |       2 | 90-APIE-10    |
|   87454 |       1 | 90-APIE-10    |
|   98806 |       3 | 90-APIE-10    |
|   20411 |       1 | 90-APP-11     |
|   21162 |       1 | 90-APP-11     |
|   37063 |       2 | 90-APP-11     |
|   39109 |       2 | 90-APP-11     |
|   44798 |       4 | 90-APP-11     |
|   49854 |       2 | 90-APP-11     |
|   50512 |       1 | 90-APP-11     |
|   51991 |       3 | 90-APP-11     |
|   52013 |       4 | 90-APP-11     |
|   55494 |       1 | 90-APP-11     |
|   55690 |       3 | 90-APP-11     |
|   59716 |       5 | 90-APP-11     |
|   60240 |       1 | 90-APP-11     |
|   61008 |       2 | 90-APP-11     |
|   64553 |       2 | 90-APP-11     |
|   64553 |       4 | 90-APP-11     |
|   66227 |       1 | 90-APP-11     |
|   74741 |       1 | 90-APP-11     |
|   74952 |       2 | 90-APP-11     |
|   76663 |       2 | 90-APP-11     |
|   79287 |       4 | 90-APP-11     |
|   82056 |       1 | 90-APP-11     |
|   85881 |       1 | 90-APP-11     |
|   88626 |       1 | 90-APP-11     |
|   96402 |       3 | 90-APP-11     |
|   12396 |       4 | 90-APR-PF     |
|   12800 |       4 | 90-APR-PF     |
|   15286 |       3 | 90-APR-PF     |
|   18567 |       2 | 90-APR-PF     |
|   20411 |       2 | 90-APR-PF     |
|   21162 |       3 | 90-APR-PF     |
|   23034 |       2 | 90-APR-PF     |
|   27741 |       3 | 90-APR-PF     |
|   35904 |       2 | 90-APR-PF     |
|   37636 |       1 | 90-APR-PF     |
|   39685 |       3 | 90-APR-PF     |
|   41064 |       2 | 90-APR-PF     |
|   44798 |       1 | 90-APR-PF     |
|   46014 |       2 | 90-APR-PF     |
|   47353 |       1 | 90-APR-PF     |
|   62707 |       4 | 90-APR-PF     |
|   67946 |       2 | 90-APR-PF     |
|   67946 |       3 | 90-APR-PF     |
|   82795 |       1 | 90-APR-PF     |
|   83085 |       3 | 90-APR-PF     |
|   86085 |       3 | 90-APR-PF     |
|   95962 |       1 | 90-APR-PF     |
|   12396 |       1 | 90-BER-11     |
|   20127 |       1 | 90-BER-11     |
|   21545 |       1 | 90-BER-11     |
|   21545 |       4 | 90-BER-11     |
|   25121 |       2 | 90-BER-11     |
|   39605 |       1 | 90-BER-11     |
|   41028 |       1 | 90-BER-11     |
|   49854 |       1 | 90-BER-11     |
|   61797 |       5 | 90-BER-11     |
|   64301 |       3 | 90-BER-11     |
|   64451 |       1 | 90-BER-11     |
|   66704 |       1 | 90-BER-11     |
|   74952 |       3 | 90-BER-11     |
|   84665 |       1 | 90-BER-11     |
|   89937 |       3 | 90-BER-11     |
|   27741 |       1 | 90-BLK-PF     |
|   32701 |       1 | 90-BLK-PF     |
|   33060 |       3 | 90-BLK-PF     |
|   33456 |       2 | 90-BLK-PF     |
|   39217 |       4 | 90-BLK-PF     |
|   46014 |       5 | 90-BLK-PF     |
|   47353 |       4 | 90-BLK-PF     |
|   49845 |       1 | 90-BLK-PF     |
|   52761 |       4 | 90-BLK-PF     |
|   61378 |       2 | 90-BLK-PF     |
|   64451 |       4 | 90-BLK-PF     |
|   64477 |       3 | 90-BLK-PF     |
|   66227 |       4 | 90-BLK-PF     |
|   72949 |       3 | 90-BLK-PF     |
|   77406 |       2 | 90-BLK-PF     |
|   78179 |       3 | 90-BLK-PF     |
|   82056 |       3 | 90-BLK-PF     |
|   89588 |       1 | 90-BLK-PF     |
|   96258 |       2 | 90-BLK-PF     |
|   96619 |       1 | 90-BLK-PF     |
|   17729 |       3 | 90-BLU-11     |
|   26148 |       2 | 90-BLU-11     |
|   27192 |       2 | 90-BLU-11     |
|   43752 |       1 | 90-BLU-11     |
|   44330 |       2 | 90-BLU-11     |
|   44590 |       1 | 90-BLU-11     |
|   44590 |       3 | 90-BLU-11     |
|   53376 |       5 | 90-BLU-11     |
|   59716 |       3 | 90-BLU-11     |
|   60270 |       2 | 90-BLU-11     |
|   70796 |       4 | 90-BLU-11     |
|   85492 |       3 | 90-BLU-11     |
|   99058 |       2 | 90-BLU-11     |
|   15904 |       1 | 90-CH-PF      |
|   17729 |       4 | 90-CH-PF      |
|   21040 |       3 | 90-CH-PF      |
|   28117 |       1 | 90-CH-PF      |
|   29908 |       5 | 90-CH-PF      |
|   37636 |       2 | 90-CH-PF      |
|   41963 |       2 | 90-CH-PF      |
|   44798 |       2 | 90-CH-PF      |
|   46014 |       4 | 90-CH-PF      |
|   51991 |       2 | 90-CH-PF      |
|   57784 |       1 | 90-CH-PF      |
|   61797 |       2 | 90-CH-PF      |
|   81368 |       2 | 90-CH-PF      |
|   89638 |       4 | 90-CH-PF      |
|   19258 |       1 | 90-CHR-11     |
|   34378 |       1 | 90-CHR-11     |
|   35073 |       1 | 90-CHR-11     |
|   38157 |       2 | 90-CHR-11     |
|   38157 |       4 | 90-CHR-11     |
|   42833 |       1 | 90-CHR-11     |
|   48647 |       3 | 90-CHR-11     |
|   48981 |       1 | 90-CHR-11     |
|   52369 |       1 | 90-CHR-11     |
|   53376 |       2 | 90-CHR-11     |
|   62707 |       2 | 90-CHR-11     |
|   73438 |       1 | 90-CHR-11     |
|   75468 |       3 | 90-CHR-11     |
|   95962 |       2 | 90-CHR-11     |
|   96258 |       1 | 90-CHR-11     |
|   99058 |       5 | 90-CHR-11     |
|   20913 |       1 | 90-LEM-11     |
|   31874 |       3 | 90-LEM-11     |
|   55944 |       2 | 90-LEM-11     |
|   67946 |       4 | 90-LEM-11     |
|   75526 |       1 | 90-LEM-11     |
|   76667 |       2 | 90-LEM-11     |
|   79287 |       3 | 90-LEM-11     |
|   83437 |       1 | 90-LEM-11     |
|   86678 |       2 | 90-LEM-11     |
|   29226 |       1 | 90-PEC-11     |
|   34910 |       3 | 90-PEC-11     |
|   44590 |       5 | 90-PEC-11     |
|   49845 |       4 | 90-PEC-11     |
|   64477 |       2 | 90-PEC-11     |
|   67946 |       1 | 90-PEC-11     |
|   73716 |       1 | 90-PEC-11     |
|   79287 |       1 | 90-PEC-11     |
|   79296 |       1 | 90-PEC-11     |
|   79296 |       5 | 90-PEC-11     |
|   96430 |       1 | 90-PEC-11     |
|   99994 |       3 | 90-PEC-11     |
+---------+---------+---------------+
557 rows in set (0.00 sec)

--------------
SELECT COUNT(*) FROM Items
--------------

+----------+
| COUNT(*) |
+----------+
|      557 |
+----------+
1 row in set (0.00 sec)

--------------
DROP TABLE Items
--------------

Query OK, 0 rows affected (0.01 sec)

--------------
DROP TABLE Receipts
--------------

Query OK, 0 rows affected (0.01 sec)

--------------
DROP TABLE Customers
--------------

Query OK, 0 rows affected (0.00 sec)

--------------
DROP TABLE Goods
--------------

Query OK, 0 rows affected (0.01 sec)

--------------
SHOW TABLES
--------------

Empty set (0.00 sec)

mysql> notee
