mysql> source MARATHON/MARATHON-script.sql
--------------
DROP TABLE IF EXISTS Marathon
--------------

Query OK, 0 rows affected, 1 warning (0.00 sec)

--------------
CREATE TABLE Marathon(
   Place INT,
   Time TIME,
   Pace TIME,
   GroupPlace INT,
   GroupRange VARCHAR(5),
   Age INT,
   Sex CHAR(1),
   BIBNumber VARCHAR(15),
   FirstName VARCHAR(15),
   LastName VARCHAR(15),
   Town VARCHAR(15),
   State CHAR(2),
   PRIMARY KEY(Place)
   )
--------------

Query OK, 0 rows affected (0.01 sec)

--------------
SHOW TABLES
--------------

+-------------------+
| Tables_in_adinh03 |
+-------------------+
| Marathon          |
+-------------------+
1 row in set (0.00 sec)

--------------
INSERT INTO Marathon VALUES(1, '1:09:47', '00:5:20', 1, '20-39', 37, 'M', 340, 'ANDRE',  'PELLAM',  'HALIFAX', 'MA')
--------------

Query OK, 1 row affected (0.00 sec)

--------------
INSERT INTO Marathon VALUES(2, '1:11:08', '00:5:26', 2, '20-39', 29, 'M', 34, 'HORACE',  'KARPOWICZ',  'BREWSTER', 'MA')
--------------

Query OK, 1 row affected (0.01 sec)

--------------
INSERT INTO Marathon VALUES(3, '1:15:43', '00:5:47', 3, '20-39', 27, 'M', 399, 'MILES',  'ROSELLA',  'PEACEDALE', 'RI')
--------------

Query OK, 1 row affected (0.01 sec)

--------------
INSERT INTO Marathon VALUES(4, '1:16:18', '00:5:49', 4, '20-39', 35, 'M', 18, 'FRANKLYN',  'GIRARDIN',  'N PROV', 'RI')
--------------

Query OK, 1 row affected (0.01 sec)

--------------
INSERT INTO Marathon VALUES(5, '1:18:29', '00:5:59', 5, '20-39', 23, 'M', 262, 'AL',  'LEMASTER',  'WESTERLY', 'RI')
--------------

Query OK, 1 row affected (0.00 sec)

--------------
INSERT INTO Marathon VALUES(6, '1:18:36', '00:6:00', 1, '40-49', 46, 'M', 308, 'CRUZ',  'TAILOR',  'SAUNDERTOWN', 'RI')
--------------

Query OK, 1 row affected (0.00 sec)

--------------
INSERT INTO Marathon VALUES(7, '1:18:46', '00:6:01', 6, '20-39', 38, 'M', 45, 'DEWEY',  'HEAIVILIN',  'ST CHARLES', 'MO')
--------------

Query OK, 1 row affected (0.01 sec)

--------------
INSERT INTO Marathon VALUES(8, '1:19:05', '00:6:02', 7, '20-39', 37, 'M', 16, 'HYMAN',  'CURIE',  'WRENTHAM', 'MA')
--------------

Query OK, 1 row affected (0.01 sec)

--------------
INSERT INTO Marathon VALUES(9, '1:19:09', '00:6:03', 2, '40-49', 41, 'M', 42, 'BRENTON',  'FAGO',  'WESTERLY', 'RI')
--------------

Query OK, 1 row affected (0.01 sec)

--------------
INSERT INTO Marathon VALUES(10, '1:19:16', '00:6:03', 3, '40-49', 41, 'M', 420, 'CHARLES',  'FARLESS',  'CRANSTON', 'RI')
--------------

Query OK, 1 row affected (0.01 sec)

--------------
INSERT INTO Marathon VALUES(11, '1:19:22', '00:6:04', 4, '40-49', 45, 'M', 177, 'WILBER',  'VANORDER',  'W YARM', 'MA')
--------------

Query OK, 1 row affected (0.01 sec)

--------------
INSERT INTO Marathon VALUES(12, '1:20:08', '00:6:07', 8, '20-39', 39, 'M', 225, 'ABE',  'VIELLE',  'DEERFIELD', 'NH')
--------------

Query OK, 1 row affected (0.01 sec)

--------------
INSERT INTO Marathon VALUES(13, '1:20:34', '00:6:09', 9, '20-39', 22, 'M', 145, 'JAMES',  'SAMANTHA',  'RICHMOND', 'RI')
--------------

Query OK, 1 row affected (0.02 sec)

--------------
INSERT INTO Marathon VALUES(14, '1:20:45', '00:6:10', 10, '20-39', 31, 'M', 431, 'HERSHEL',  'MACHINSKY',  'JOHNSTON', 'RI')
--------------

Query OK, 1 row affected (0.01 sec)

--------------
INSERT INTO Marathon VALUES(15, '1:21:02', '00:6:11', 11, '20-39', 33, 'M', 478, 'BRADLY',  'WAGMAN',  'CAMBRIDGE', 'MA')
--------------

Query OK, 1 row affected (0.01 sec)

--------------
INSERT INTO Marathon VALUES(16, '1:21:24', '00:6:13', 1, '01-19', 18, 'M', 484, 'KENDRICK',  'HOLZ',  'PROV', 'RI')
--------------

Query OK, 1 row affected (0.01 sec)

--------------
INSERT INTO Marathon VALUES(17, '1:22:11', '00:6:16', 1, '20-39', 36, 'F', 380, 'JAMA',  'PEAD',  'NEPTUNE BEACH', 'FL')
--------------

Query OK, 1 row affected (0.01 sec)

--------------
INSERT INTO Marathon VALUES(18, '1:22:21', '00:6:17', 12, '20-39', 34, 'M', 61, 'EZRA',  'ITTNER',  'CANTON', 'RI')
--------------

Query OK, 1 row affected (0.02 sec)

--------------
INSERT INTO Marathon VALUES(19, '1:22:36', '00:6:18', 5, '40-49', 41, 'M', 76, 'ROMEO',  'UNVARSKY',  'NPT', 'RI')
--------------

Query OK, 1 row affected (0.01 sec)

--------------
INSERT INTO Marathon VALUES(20, '1:22:56', '00:6:20', 13, '20-39', 39, 'M', 200, 'HERIBERTO',  'CHANDRASEKHAR',  'LAKEVILLE', 'CT')
--------------

Query OK, 1 row affected (0.01 sec)

--------------
INSERT INTO Marathon VALUES(21, '1:23:17', '00:6:21', 6, '40-49', 40, 'M', 422, 'TED',  'HARRELSON',  'WARWICK', 'RI')
--------------

Query OK, 1 row affected (0.01 sec)

--------------
INSERT INTO Marathon VALUES(22, '1:23:45', '00:6:24', 14, '20-39', 21, 'M', 29, 'ANDRES',  'AMOE',  'HALIFAX', 'MA')
--------------

Query OK, 1 row affected (0.01 sec)

--------------
INSERT INTO Marathon VALUES(23, '1:24:07', '00:6:25', 7, '40-49', 48, 'M', 350, 'OMAR',  'MELLOS',  'S BOSTON', 'MA')
--------------

Query OK, 1 row affected (0.02 sec)

--------------
INSERT INTO Marathon VALUES(24, '1:24:12', '00:6:26', 15, '20-39', 27, 'M', 396, 'KEENAN',  'LUSKIN',  'WARWICK', 'RI')
--------------

Query OK, 1 row affected (0.01 sec)

--------------
INSERT INTO Marathon VALUES(25, '1:24:28', '00:6:27', 16, '20-39', 35, 'M', 24, 'CHUNG',  'GAGLIO',  'CHARLESTOWN', 'MA')
--------------

Query OK, 1 row affected (0.01 sec)

--------------
INSERT INTO Marathon VALUES(26, '1:24:33', '00:6:27', 8, '40-49', 40, 'M', 109, 'NATHAN',  'CASSARA',  'ASSONET', 'MA')
--------------

Query OK, 1 row affected (0.01 sec)

--------------
INSERT INTO Marathon VALUES(27, '1:24:44', '00:6:28', 17, '20-39', 30, 'M', 417, 'MARK',  'COUTERMARSH',  'CAMBRIDGE', 'MA')
--------------

Query OK, 1 row affected (0.02 sec)

--------------
INSERT INTO Marathon VALUES(28, '1:25:04', '00:6:30', 18, '20-39', 32, 'M', 163, 'GRANVILLE',  'REVEAL',  'N PROV', 'RI')
--------------

Query OK, 1 row affected (0.01 sec)

--------------
INSERT INTO Marathon VALUES(29, '1:25:20', '00:6:31', 19, '20-39', 29, 'M', 58, 'PAT',  'KIRSHNER',  'TIVERTON', 'RI')
--------------

Query OK, 1 row affected (0.01 sec)

--------------
INSERT INTO Marathon VALUES(30, '1:25:57', '00:6:34', 9, '40-49', 41, 'M', 208, 'PERCY',  'GREIBER',  'ARLINGTON', 'MA')
--------------

Query OK, 1 row affected (0.01 sec)

--------------
INSERT INTO Marathon VALUES(31, '1:26:03', '00:6:34', 10, '40-49', 44, 'M', 248, 'JESSE',  'FRENNER',  'NARRAGANSETT', 'RI')
--------------

Query OK, 1 row affected (0.01 sec)

--------------
INSERT INTO Marathon VALUES(32, '1:26:13', '00:6:35', 20, '20-39', 33, 'M', 367, 'RUBEN',  'FAMBROUGH',  'RIVERSIDE', 'RI')
--------------

Query OK, 1 row affected (0.02 sec)

--------------
INSERT INTO Marathon VALUES(33, '1:26:21', '00:6:35', 11, '40-49', 41, 'M', 205, 'MARCEL',  'MORDECI',  'NEW MILFORD', 'CT')
--------------

Query OK, 1 row affected (0.01 sec)

--------------
INSERT INTO Marathon VALUES(34, '1:26:25', '00:6:36', 21, '20-39', 37, 'M', 320, 'ARNULFO',  'MISKA',  'STOUGHTON', 'MA')
--------------

Query OK, 1 row affected (0.01 sec)

--------------
INSERT INTO Marathon VALUES(35, '1:26:46', '00:6:37', 12, '40-49', 41, 'M', 323, 'EMMANUEL',  'DJURIC',  'DARTMOUTH', 'MA')
--------------

Query OK, 1 row affected (0.01 sec)

--------------
INSERT INTO Marathon VALUES(36, '1:26:51', '00:6:38', 1, '50-59', 51, 'M', 376, 'ALEXIS',  'HABERMANN',  'LOWELL', 'MA')
--------------

Query OK, 1 row affected (0.01 sec)

--------------
INSERT INTO Marathon VALUES(37, '1:27:00', '00:6:38', 22, '20-39', 24, 'M', 13, 'JARVIS',  'STONECYPHER',  'LITTLE COMPTON', 'RI')
--------------

Query OK, 1 row affected (0.02 sec)

--------------
INSERT INTO Marathon VALUES(38, '1:27:08', '00:6:39', 23, '20-39', 28, 'M', 55, 'SCOTT',  'HUMETEWA',  'RUMFORD', 'RI')
--------------

Query OK, 1 row affected (0.01 sec)

--------------
INSERT INTO Marathon VALUES(39, '1:27:13', '00:6:39', 2, '20-39', 34, 'F', 382, 'MAGGIE',  'NASR',  'STONINGTON', 'CT')
--------------

Query OK, 1 row affected (0.01 sec)

--------------
INSERT INTO Marathon VALUES(40, '1:27:28', '00:6:41', 24, '20-39', 26, 'M', 15, 'MOHAMMED',  'BLAZEK',  'HIGGANUM', 'CT')
--------------

Query OK, 1 row affected (0.01 sec)

--------------
INSERT INTO Marathon VALUES(41, '1:27:42', '00:6:42', 2, '50-59', 57, 'M', 67, 'FRANCIS',  'LAMSON',  'PROVIDNCE', 'RI')
--------------

Query OK, 1 row affected (0.01 sec)

--------------
INSERT INTO Marathon VALUES(42, '1:27:52', '00:6:42', 25, '20-39', 30, 'M', 491, 'MONTE',  'BOULOS',  'BROOKLINE', 'MA')
--------------

Query OK, 1 row affected (0.00 sec)

--------------
INSERT INTO Marathon VALUES(43, '1:27:57', '00:6:43', 13, '40-49', 46, 'M', 113, 'MARGARITO',  'LIPSZYC',  'NEWTON', 'MA')
--------------

Query OK, 1 row affected (0.01 sec)

--------------
INSERT INTO Marathon VALUES(44, '1:28:18', '00:6:44', 14, '40-49', 40, 'M', 469, 'ETHAN',  'SHILLINGFORD',  'STONINGTON', 'CT')
--------------

Query OK, 1 row affected (0.02 sec)

--------------
INSERT INTO Marathon VALUES(45, '1:28:25', '00:6:45', 15, '40-49', 41, 'M', 361, 'CHI',  'GUTKIN',  'N ATTL', 'MA')
--------------

Query OK, 1 row affected (0.01 sec)

--------------
INSERT INTO Marathon VALUES(46, '1:28:40', '00:6:46', 16, '40-49', 42, 'M', 237, 'BRANDON',  'KRASNOW',  'MEDFORD', 'MA')
--------------

Query OK, 1 row affected (0.01 sec)

--------------
INSERT INTO Marathon VALUES(47, '1:28:47', '00:6:47', 26, '20-39', 31, 'M', 212, 'EFRAIN',  'SAGASER',  'WARREN', 'RI')
--------------

Query OK, 1 row affected (0.00 sec)

--------------
INSERT INTO Marathon VALUES(48, '1:28:51', '00:6:47', 17, '40-49', 41, 'M', 464, 'JEFFERSON',  'LOOSEY',  'NARRAGANSETT', 'RI')
--------------

Query OK, 1 row affected (0.01 sec)

--------------
INSERT INTO Marathon VALUES(49, '1:28:52', '00:6:47', 27, '20-39', 33, 'M', 318, 'GRANT',  'CANAS',  'W NEWTON', 'MA')
--------------

Query OK, 1 row affected (0.01 sec)

--------------
INSERT INTO Marathon VALUES(50, '1:28:55', '00:6:47', 18, '40-49', 41, 'M', 494, 'THOMAS',  'ROSSNAGEL',  'FRANKLIN', 'NH')
--------------

Query OK, 1 row affected (0.00 sec)

--------------
INSERT INTO Marathon VALUES(51, '1:28:58', '00:6:47', 28, '20-39', 26, 'M', 268, 'OTTO',  'RAGASA',  'BURLINGTON', 'MA')
--------------

Query OK, 1 row affected (0.01 sec)

--------------
INSERT INTO Marathon VALUES(52, '1:29:06', '00:6:48', 19, '40-49', 44, 'M', 81, 'ROYCE',  'ATTANASIO',  'NARR', 'RI')
--------------

Query OK, 1 row affected (0.00 sec)

--------------
INSERT INTO Marathon VALUES(53, '1:29:24', '00:6:49', 29, '20-39', 27, 'M', 339, 'AUGUSTUS',  'LEYH',  'PEACEDALE', 'RI')
--------------

Query OK, 1 row affected (0.01 sec)

--------------
INSERT INTO Marathon VALUES(54, '1:29:25', '00:6:50', 30, '20-39', 38, 'M', 37, 'DIEGO',  'ZWICKER',  'CHARLOTTE', 'NC')
--------------

Query OK, 1 row affected (0.00 sec)

--------------
INSERT INTO Marathon VALUES(55, '1:29:34', '00:6:50', 20, '40-49', 45, 'M', 62, 'WILLY',  'MCGAHAN',  'EAST PROV', 'RI')
--------------

Query OK, 1 row affected (0.01 sec)

--------------
INSERT INTO Marathon VALUES(56, '1:29:48', '00:6:51', 31, '20-39', 26, 'M', 193, 'MOHAMMAD',  'MCIVER',  'STONINGTON', 'CT')
--------------

Query OK, 1 row affected (0.01 sec)

--------------
INSERT INTO Marathon VALUES(57, '1:29:49', '00:6:51', 21, '40-49', 47, 'M', 273, 'IKE',  'DAWSON',  'DARTMOUTH', 'MA')
--------------

Query OK, 1 row affected (0.01 sec)

--------------
INSERT INTO Marathon VALUES(58, '1:30:01', '00:6:52', 32, '20-39', 29, 'M', 425, 'JESUS',  'WASSEL',  'EVANSVILLE', 'IN')
--------------

Query OK, 1 row affected (0.00 sec)

--------------
INSERT INTO Marathon VALUES(59, '1:30:53', '00:6:56', 33, '20-39', 33, 'M', 181, 'WENDELL',  'LEMONE',  'BREWSTER', 'MA')
--------------

Query OK, 1 row affected (0.01 sec)

--------------
INSERT INTO Marathon VALUES(60, '1:30:56', '00:6:56', 34, '20-39', 34, 'M', 477, 'LYMAN',  'BLASHAK',  'MANSFIELD', 'MA')
--------------

Query OK, 1 row affected (0.01 sec)

--------------
INSERT INTO Marathon VALUES(61, '1:31:14', '00:6:58', 22, '40-49', 47, 'M', 79, 'GARRETT',  'SCHNITKER',  'NEW MILFORD', 'CT')
--------------

Query OK, 1 row affected (0.01 sec)

--------------
INSERT INTO Marathon VALUES(62, '1:31:28', '00:6:59', 23, '40-49', 44, 'M', 257, 'JERMAINE',  'BILLOTTI',  'LOWELL', 'MA')
--------------

Query OK, 1 row affected (0.00 sec)

--------------
INSERT INTO Marathon VALUES(63, '1:31:37', '00:7:00', 35, '20-39', 35, 'M', 393, 'CLAUDE',  'DENSIESKI',  'PAWTUCKET', 'RI')
--------------

Query OK, 1 row affected (0.01 sec)

--------------
INSERT INTO Marathon VALUES(64, '1:31:39', '00:7:00', 24, '40-49', 40, 'M', 125, 'CLAYTON',  'HULSIZER',  'WEYMOUTH', 'MA')
--------------

Query OK, 1 row affected (0.01 sec)

--------------
INSERT INTO Marathon VALUES(65, '1:31:51', '00:7:01', 25, '40-49', 41, 'M', 214, 'LAVERNE',  'PIECHOTA',  'PAWT', 'RI')
--------------

Query OK, 1 row affected (0.01 sec)

--------------
INSERT INTO Marathon VALUES(66, '1:31:57', '00:7:01', 26, '40-49', 44, 'M', 476, 'NELSON',  'SAELEE',  'BROOKLINE', 'MA')
--------------

Query OK, 1 row affected (0.01 sec)

--------------
INSERT INTO Marathon VALUES(67, '1:32:02', '00:7:02', 36, '20-39', 37, 'M', 272, 'LUCIO',  'FRANCE',  'W LEB', 'NH')
--------------

Query OK, 1 row affected (0.02 sec)

--------------
INSERT INTO Marathon VALUES(68, '1:32:04', '00:7:02', 37, '20-39', 38, 'M', 111, 'STANTON',  'FLEURILUS',  'NARRAGANSETT', 'RI')
--------------

Query OK, 1 row affected (0.01 sec)

--------------
INSERT INTO Marathon VALUES(69, '1:32:11', '00:7:02', 38, '20-39', 22, 'M', 368, 'MERVIN',  'PHEBUS',  'LITTLE FERRY', 'NJ')
--------------

Query OK, 1 row affected (0.01 sec)

--------------
INSERT INTO Marathon VALUES(70, '1:32:14', '00:7:02', 3, '50-59', 52, 'M', 173, 'HEATH',  'KIRVIN',  'W KINGSTON', 'RI')
--------------

Query OK, 1 row affected (0.01 sec)

--------------
INSERT INTO Marathon VALUES(71, '1:32:16', '00:7:03', 3, '20-39', 30, 'F', 365, 'NEDRA',  'NASSIMI',  'ESSEX', 'CT')
--------------

Query OK, 1 row affected (0.01 sec)

--------------
INSERT INTO Marathon VALUES(72, '1:32:18', '00:7:03', 39, '20-39', 39, 'M', 381, 'ALEX',  'NEALL',  'DOVER', 'MA')
--------------

Query OK, 1 row affected (0.02 sec)

--------------
INSERT INTO Marathon VALUES(73, '1:32:19', '00:7:03', 40, '20-39', 35, 'M', 267, 'EMILE',  'PICHT',  'SCITUATE', 'RI')
--------------

Query OK, 1 row affected (0.01 sec)

--------------
INSERT INTO Marathon VALUES(74, '1:32:22', '00:7:03', 27, '40-49', 46, 'M', 443, 'JACQUES',  'HEIDINGER',  'W YARMOUTH', 'MA')
--------------

Query OK, 1 row affected (0.01 sec)

--------------
INSERT INTO Marathon VALUES(75, '1:32:26', '00:7:03', 1, '40-49', 49, 'F', 360, 'FLORIDA',  'AYTES',  'N ATTL', 'MA')
--------------

Query OK, 1 row affected (0.00 sec)

--------------
INSERT INTO Marathon VALUES(76, '1:32:39', '00:7:04', 41, '20-39', 27, 'M', 302, 'WINFRED',  'GILCRIS',  'PROVIDENCE', 'RI')
--------------

Query OK, 1 row affected (0.00 sec)

--------------
INSERT INTO Marathon VALUES(77, '1:32:50', '00:7:05', 4, '20-39', 28, 'F', 49, 'LETTIE',  'MCKAGUE',  'ALLSTON', 'MA')
--------------

Query OK, 1 row affected (0.01 sec)

--------------
INSERT INTO Marathon VALUES(78, '1:32:54', '00:7:05', 42, '20-39', 32, 'M', 226, 'PETER',  'SECOND',  'E GREENVILLE', 'MA')
--------------

Query OK, 1 row affected (0.01 sec)

--------------
INSERT INTO Marathon VALUES(79, '1:32:56', '00:7:06', 43, '20-39', 25, 'M', 341, 'JAIME',  'BROUGHTON',  'NEPTUNE BEACH', 'FL')
--------------

Query OK, 1 row affected (0.01 sec)

--------------
INSERT INTO Marathon VALUES(80, '1:33:03', '00:7:06', 28, '40-49', 44, 'M', 263, 'TAYLOR',  'LAFRENIERE',  'FOSTER', 'RI')
--------------

Query OK, 1 row affected (0.01 sec)

--------------
INSERT INTO Marathon VALUES(81, '1:33:18', '00:7:07', 44, '20-39', 35, 'M', 230, 'ARMAND',  'DIPAOLO',  'ARLINGTON', 'MA')
--------------

Query OK, 1 row affected (0.02 sec)

--------------
INSERT INTO Marathon VALUES(82, '1:33:21', '00:7:08', 45, '20-39', 37, 'M', 244, 'CHESTER',  'SPELMAN',  'BRAINTREE', 'MA')
--------------

Query OK, 1 row affected (0.01 sec)

--------------
INSERT INTO Marathon VALUES(83, '1:33:37', '00:7:09', 46, '20-39', 38, 'M', 345, 'JACKIE',  'PACEY',  'CUMBERLAND', 'RI')
--------------

Query OK, 1 row affected (0.01 sec)

--------------
INSERT INTO Marathon VALUES(84, '1:33:41', '00:7:09', 47, '20-39', 33, 'M', 451, 'MINH',  'LOSINSKI',  'QUECHEL', 'VT')
--------------

Query OK, 1 row affected (0.01 sec)

--------------
INSERT INTO Marathon VALUES(85, '1:33:59', '00:7:10', 48, '20-39', 33, 'M', 151, 'EMILE',  'DELFAVERO',  'FAIRHAVEN', 'MA')
--------------

Query OK, 1 row affected (0.01 sec)

--------------
INSERT INTO Marathon VALUES(86, '1:34:03', '00:7:11', 49, '20-39', 32, 'M', 467, 'LONG',  'PERZANOWSKI',  'WEARE', 'NH')
--------------

Query OK, 1 row affected (0.02 sec)

--------------
INSERT INTO Marathon VALUES(87, '1:34:12', '00:7:11', 5, '20-39', 37, 'F', 71, 'MAIRA',  'ROUTHIER',  'NEWTON', 'MA')
--------------

Query OK, 1 row affected (0.01 sec)

--------------
INSERT INTO Marathon VALUES(88, '1:34:15', '00:7:12', 29, '40-49', 46, 'M', 50, 'HASSAN',  'CRAWMER',  'BRIGHTON', 'MA')
--------------

Query OK, 1 row affected (0.01 sec)

--------------
INSERT INTO Marathon VALUES(89, '1:34:18', '00:7:12', 50, '20-39', 36, 'M', 400, 'EMANUEL',  'OGZEWALLA',  'NORTHFORD', 'CT')
--------------

Query OK, 1 row affected (0.01 sec)

--------------
INSERT INTO Marathon VALUES(90, '1:34:21', '00:7:12', 30, '40-49', 46, 'M', 449, 'ELISHA',  'GUERERA',  'WESTERLY', 'RI')
--------------

Query OK, 1 row affected (0.01 sec)

--------------
INSERT INTO Marathon VALUES(91, '1:34:40', '00:7:14', 31, '40-49', 48, 'M', 423, 'FABIAN',  'ROY',  'N ATTL', 'MA')
--------------

Query OK, 1 row affected (0.01 sec)

--------------
INSERT INTO Marathon VALUES(92, '1:34:45', '00:7:14', 51, '20-39', 33, 'M', 46, 'VITO',  'CULLY',  'SCITUATE', 'RI')
--------------

Query OK, 1 row affected (0.00 sec)

--------------
INSERT INTO Marathon VALUES(93, '1:34:57', '00:7:15', 52, '20-39', 39, 'M', 167, 'MAXIMO',  'STREITMATTER',  'DOVER', 'MA')
--------------

Query OK, 1 row affected (0.01 sec)

--------------
INSERT INTO Marathon VALUES(94, '1:35:00', '00:7:15', 53, '20-39', 35, 'M', 369, 'VAUGHN',  'HUFANA',  'N SCITUATE', 'RI')
--------------

Query OK, 1 row affected (0.01 sec)

--------------
INSERT INTO Marathon VALUES(95, '1:35:02', '00:7:15', 32, '40-49', 43, 'M', 416, 'BROOKS',  'THIELEMIER',  'GROTON', 'CT')
--------------

Query OK, 1 row affected (0.00 sec)

--------------
INSERT INTO Marathon VALUES(96, '1:35:06', '00:7:16', 33, '40-49', 43, 'M', 159, 'BRYCE',  'ILAGAN',  'RUMFORD', 'RI')
--------------

Query OK, 1 row affected (0.00 sec)

--------------
INSERT INTO Marathon VALUES(97, '1:35:10', '00:7:16', 34, '40-49', 45, 'M', 199, 'DEWEY',  'GURNE',  'PROV', 'RI')
--------------

Query OK, 1 row affected (0.01 sec)

--------------
INSERT INTO Marathon VALUES(98, '1:35:14', '00:7:16', 54, '20-39', 29, 'M', 78, 'FREDRIC',  'ZONA',  'NATICK', 'MA')
--------------

Query OK, 1 row affected (0.01 sec)

--------------
INSERT INTO Marathon VALUES(99, '1:35:17', '00:7:16', 55, '20-39', 28, 'M', 462, 'BENNETT',  'PICETTI',  'PEACEDALE', 'RI')
--------------

Query OK, 1 row affected (0.01 sec)

--------------
INSERT INTO Marathon VALUES(100, '1:35:20', '00:7:17', 56, '20-39', 36, 'M', 123, 'STANLEY',  'HEASLET',  'HOLLAND', 'PA')
--------------

Query OK, 1 row affected (0.02 sec)

--------------
INSERT INTO Marathon VALUES(101, '1:35:21', '00:7:17', 57, '20-39', 30, 'M', 418, 'ERWIN',  'VANGORDON',  'ST CHARLES', 'MO')
--------------

Query OK, 1 row affected (0.01 sec)

--------------
INSERT INTO Marathon VALUES(102, '1:35:27', '00:7:17', 4, '50-59', 50, 'M', 239, 'GIOVANNI',  'FYLES',  'MEDFORD', 'MA')
--------------

Query OK, 1 row affected (0.01 sec)

--------------
INSERT INTO Marathon VALUES(103, '1:35:43', '00:7:18', 2, '40-49', 41, 'F', 407, 'STEPHANI',  'FERTITTA',  'NORHT PROV', 'RI')
--------------

Query OK, 1 row affected (0.01 sec)

--------------
INSERT INTO Marathon VALUES(104, '1:35:49', '00:7:19', 58, '20-39', 35, 'M', 209, 'ARRON',  'ERDMUN',  'FALMOUTH', 'MA')
--------------

Query OK, 1 row affected (0.01 sec)

--------------
INSERT INTO Marathon VALUES(105, '1:35:51', '00:7:19', 5, '50-59', 54, 'M', 300, 'WESLEY',  'BECKWORTH',  'ASSONET', 'MA')
--------------

Query OK, 1 row affected (0.01 sec)

--------------
INSERT INTO Marathon VALUES(106, '1:35:58', '00:7:20', 59, '20-39', 32, 'M', 337, 'JEREMY',  'LISKOVEC',  'NEWPORT', 'RI')
--------------

Query OK, 1 row affected (0.00 sec)

--------------
INSERT INTO Marathon VALUES(107, '1:36:00', '00:7:20', 35, '40-49', 46, 'M', 321, 'HUGO',  'ROETH',  'SOUTHBORO', 'MA')
--------------

Query OK, 1 row affected (0.01 sec)

--------------
INSERT INTO Marathon VALUES(108, '1:36:03', '00:7:20', 36, '40-49', 42, 'M', 233, 'SIDNEY',  'SCHNAIR',  'DEERFIELD', 'NH')
--------------

Query OK, 1 row affected (0.00 sec)

--------------
INSERT INTO Marathon VALUES(109, '1:36:08', '00:7:20', 60, '20-39', 39, 'M', 293, 'ARTHUR',  'JOHNDROW',  'BREWSTER', 'MA')
--------------

Query OK, 1 row affected (0.01 sec)

--------------
INSERT INTO Marathon VALUES(110, '1:36:09', '00:7:20', 61, '20-39', 37, 'M', 461, 'JONAS',  'CLAMMER',  'GREENVILLE', 'RI')
--------------

Query OK, 1 row affected (0.01 sec)

--------------
INSERT INTO Marathon VALUES(111, '1:36:10', '00:7:20', 62, '20-39', 25, 'M', 64, 'DEANGELO',  'GALYON',  'SEEKONK', 'MA')
--------------

Query OK, 1 row affected (0.01 sec)

--------------
INSERT INTO Marathon VALUES(112, '1:36:12', '00:7:21', 63, '20-39', 33, 'M', 335, 'TYRONE',  'OFFLEY',  'WEST WARWICK', 'RI')
--------------

Query OK, 1 row affected (0.01 sec)

--------------
INSERT INTO Marathon VALUES(113, '1:36:17', '00:7:21', 64, '20-39', 33, 'M', 247, 'DEREK',  'DUFFEL',  'GREENWICH', 'RI')
--------------

Query OK, 1 row affected (0.00 sec)

--------------
INSERT INTO Marathon VALUES(114, '1:36:27', '00:7:22', 65, '20-39', 37, 'M', 182, 'JOSUE',  'PRESSEY',  'LAKEVILLE', 'CT')
--------------

Query OK, 1 row affected (0.00 sec)

--------------
INSERT INTO Marathon VALUES(115, '1:36:28', '00:7:22', 66, '20-39', 39, 'M', 490, 'GUSTAVO',  'KOTTSICK',  'NORTHFORD', 'CT')
--------------

Query OK, 1 row affected (0.01 sec)

--------------
INSERT INTO Marathon VALUES(116, '1:36:29', '00:7:22', 67, '20-39', 38, 'M', 101, 'CARROLL',  'TEROGANESYAN',  'W LEB', 'NH')
--------------

Query OK, 1 row affected (0.02 sec)

--------------
INSERT INTO Marathon VALUES(117, '1:36:42', '00:7:23', 68, '20-39', 33, 'M', 231, 'DALE',  'ENSLEY',  'PAWT', 'RI')
--------------

Query OK, 1 row affected (0.02 sec)

--------------
INSERT INTO Marathon VALUES(118, '1:36:43', '00:7:23', 6, '20-39', 39, 'F', 220, 'ROSEANN',  'FEENSTRA',  'TIVERTON', 'RI')
--------------

Query OK, 1 row affected (0.01 sec)

--------------
INSERT INTO Marathon VALUES(119, '1:36:53', '00:7:24', 7, '20-39', 38, 'F', 235, 'GALINA',  'RINGENBERG',  'ASSONET', 'MA')
--------------

Query OK, 1 row affected (0.01 sec)

--------------
INSERT INTO Marathon VALUES(120, '1:36:56', '00:7:24', 37, '40-49', 41, 'M', 69, 'JOHNNY',  'SCHAAB',  'EVANSVILLE', 'IN')
--------------

Query OK, 1 row affected (0.01 sec)

--------------
INSERT INTO Marathon VALUES(121, '1:36:58', '00:7:24', 38, '40-49', 42, 'M', 402, 'ARIEL',  'TOSCH',  'SMITHFIELD', 'RI')
--------------

Query OK, 1 row affected (0.01 sec)

--------------
INSERT INTO Marathon VALUES(122, '1:37:00', '00:7:24', 69, '20-39', 33, 'M', 284, 'KORY',  'MUNCE',  'HOLLAND', 'PA')
--------------

Query OK, 1 row affected (0.02 sec)

--------------
INSERT INTO Marathon VALUES(123, '1:37:08', '00:7:25', 8, '20-39', 27, 'F', 213, 'JENNIE',  'COTHREN',  'CRANSTON', 'RI')
--------------

Query OK, 1 row affected (0.01 sec)

--------------
INSERT INTO Marathon VALUES(124, '1:37:26', '00:7:26', 70, '20-39', 33, 'M', 187, 'BRYAN',  'ROSSMANN',  'NARRAGANSETT', 'RI')
--------------

Query OK, 1 row affected (0.00 sec)

--------------
INSERT INTO Marathon VALUES(125, '1:37:29', '00:7:26', 39, '40-49', 48, 'M', 11, 'ROSS',  'MCSPARIN',  'HOPKINTON', 'MA')
--------------

Query OK, 1 row affected (0.01 sec)

--------------
INSERT INTO Marathon VALUES(126, '1:37:32', '00:7:27', 40, '40-49', 41, 'M', 352, 'LEONEL',  'SHILL',  'N ATTL', 'MA')
--------------

Query OK, 1 row affected (0.00 sec)

--------------
INSERT INTO Marathon VALUES(127, '1:37:39', '00:7:27', 41, '40-49', 42, 'M', 286, 'ENOCH',  'ROSH',  'W LEB', 'NH')
--------------

Query OK, 1 row affected (0.00 sec)

--------------
INSERT INTO Marathon VALUES(128, '1:37:56', '00:7:29', 1, '60-98', 61, 'M', 176, 'CEDRIC',  'FROILAND',  'GREENVILLE', 'RI')
--------------

Query OK, 1 row affected (0.01 sec)

--------------
INSERT INTO Marathon VALUES(129, '1:38:12', '00:7:30', 42, '40-49', 44, 'M', 334, 'MAXIMO',  'FERNHOLZ',  'BROOKLINE', 'MA')
--------------

Query OK, 1 row affected (0.02 sec)

--------------
INSERT INTO Marathon VALUES(130, '1:38:20', '00:7:30', 71, '20-39', 37, 'M', 132, 'KEN',  'KUHLO',  'FAIRHAVEN', 'MA')
--------------

Query OK, 1 row affected (0.00 sec)

--------------
INSERT INTO Marathon VALUES(131, '1:38:23', '00:7:31', 72, '20-39', 34, 'M', 121, 'CALEB',  'BURMESTER',  'W DENNIS', 'MA')
--------------

Query OK, 1 row affected (0.01 sec)

--------------
INSERT INTO Marathon VALUES(132, '1:38:26', '00:7:31', 6, '50-59', 50, 'M', 236, 'MARCO',  'MCMACKIN',  'SANDWICH', 'MA')
--------------

Query OK, 1 row affected (0.01 sec)

--------------
INSERT INTO Marathon VALUES(133, '1:38:44', '00:7:32', 43, '40-49', 41, 'M', 157, 'GALEN',  'BERGREEN',  'W BRIDGEWATER', 'MA')
--------------

Query OK, 1 row affected (0.01 sec)

--------------
INSERT INTO Marathon VALUES(134, '1:38:49', '00:7:33', 73, '20-39', 37, 'M', 366, 'TRAVIS',  'LACHNER',  'CAMBRIDGE', 'MA')
--------------

Query OK, 1 row affected (0.02 sec)

--------------
INSERT INTO Marathon VALUES(135, '1:38:50', '00:7:33', 44, '40-49', 40, 'M', 127, 'JAROD',  'DAMPF',  'ORLANDO', 'FL')
--------------

Query OK, 1 row affected (0.01 sec)

--------------
INSERT INTO Marathon VALUES(136, '1:38:52', '00:7:33', 9, '20-39', 29, 'F', 342, 'BRIANNA',  'NEBORAK',  'NORTHFORD', 'CT')
--------------

Query OK, 1 row affected (0.01 sec)

--------------
INSERT INTO Marathon VALUES(137, '1:39:08', '00:7:34', 45, '40-49', 43, 'M', 301, 'TROY',  'CONNEELY',  'TIVERTON', 'RI')
--------------

Query OK, 1 row affected (0.01 sec)

--------------
INSERT INTO Marathon VALUES(138, '1:39:11', '00:7:34', 74, '20-39', 37, 'M', 148, 'DORSEY',  'BYTHEWAY',  'GREENVILLE', 'RI')
--------------

Query OK, 1 row affected (0.01 sec)

--------------
INSERT INTO Marathon VALUES(139, '1:39:21', '00:7:35', 46, '40-49', 45, 'M', 414, 'VINCENZO',  'ELLSWORTH',  'SCITUATE', 'RI')
--------------

Query OK, 1 row affected (0.01 sec)

--------------
INSERT INTO Marathon VALUES(140, '1:39:25', '00:7:35', 75, '20-39', 27, 'M', 390, 'YONG',  'HOOBLER',  'BREWSTER', 'MA')
--------------

Query OK, 1 row affected (0.01 sec)

--------------
INSERT INTO Marathon VALUES(141, '1:39:29', '00:7:36', 10, '20-39', 27, 'F', 65, 'LUCILLE',  'DAUBS',  'PORTSMOUTH', 'RI')
--------------

Query OK, 1 row affected (0.00 sec)

--------------
INSERT INTO Marathon VALUES(142, '1:39:37', '00:7:36', 76, '20-39', 35, 'M', 66, 'WILLIS',  'LETTERMAN',  'NATICK', 'MA')
--------------

Query OK, 1 row affected (0.01 sec)

--------------
INSERT INTO Marathon VALUES(143, '1:39:45', '00:7:37', 47, '40-49', 40, 'M', 135, 'BUFORD',  'FALCE',  'ARLINGTON', 'MA')
--------------

Query OK, 1 row affected (0.01 sec)

--------------
INSERT INTO Marathon VALUES(144, '1:39:49', '00:7:37', 11, '20-39', 23, 'F', 99, 'SOMER',  'BULLION',  'SOUTHBORO', 'MA')
--------------

Query OK, 1 row affected (0.01 sec)

--------------
INSERT INTO Marathon VALUES(145, '1:39:50', '00:7:37', 12, '20-39', 33, 'F', 401, 'DOTTIE',  'LACROSS',  'LITTLE FERRY', 'NJ')
--------------

Query OK, 1 row affected (0.01 sec)

--------------
INSERT INTO Marathon VALUES(146, '1:39:51', '00:7:37', 77, '20-39', 35, 'M', 480, 'RENATO',  'FRANCESE',  'NEPTUNE BEACH', 'FL')
--------------

Query OK, 1 row affected (0.01 sec)

--------------
INSERT INTO Marathon VALUES(147, '1:39:55', '00:7:38', 78, '20-39', 29, 'M', 316, 'ELIAS',  'PERRELLA',  'QUECHEL', 'VT')
--------------

Query OK, 1 row affected (0.01 sec)

--------------
INSERT INTO Marathon VALUES(148, '1:40:01', '00:7:38', 79, '20-39', 26, 'M', 374, 'CHRISTOPER',  'MATTHIES',  'PORTSMOUTH', 'RI')
--------------

Query OK, 1 row affected (0.00 sec)

--------------
INSERT INTO Marathon VALUES(149, '1:40:09', '00:7:39', 1, '99-+', 99, 'M', 291, 'JOSUE',  'WOODAL',  'NEWTON', 'MA')
--------------

Query OK, 1 row affected (0.01 sec)

--------------
INSERT INTO Marathon VALUES(150, '1:40:10', '00:7:39', 48, '40-49', 43, 'M', 92, 'ANDERSON',  'DELAVINA',  'SWANSEA', 'MA')
--------------

Query OK, 1 row affected (0.00 sec)

--------------
INSERT INTO Marathon VALUES(151, '1:40:12', '00:7:39', 49, '40-49', 43, 'M', 175, 'TREY',  'STEENBERGEN',  'OAKDALE', 'CT')
--------------

Query OK, 1 row affected (0.00 sec)

--------------
INSERT INTO Marathon VALUES(152, '1:40:16', '00:7:39', 13, '20-39', 36, 'F', 258, 'ADDIE',  'GEHRKE',  'EVANSVILLE', 'IN')
--------------

Query OK, 1 row affected (0.01 sec)

--------------
INSERT INTO Marathon VALUES(153, '1:40:18', '00:7:39', 14, '20-39', 24, 'F', 362, 'AFTON',  'STUDENT',  'CRANSTON', 'RI')
--------------

Query OK, 1 row affected (0.01 sec)

--------------
INSERT INTO Marathon VALUES(154, '1:40:20', '00:7:40', 80, '20-39', 30, 'M', 364, 'NORBERT',  'FELDSTEIN',  'BRAINTREE', 'MA')
--------------

Query OK, 1 row affected (0.01 sec)

--------------
INSERT INTO Marathon VALUES(155, '1:40:37', '00:7:41', 15, '20-39', 31, 'F', 338, 'LACIE',  'ORTTENBURGER',  'QUNICY', 'MA')
--------------

Query OK, 1 row affected (0.02 sec)

--------------
INSERT INTO Marathon VALUES(156, '1:40:40', '00:7:41', 81, '20-39', 36, 'M', 152, 'MONROE',  'LUEVANO',  'N ATTL', 'MA')
--------------

Query OK, 1 row affected (0.01 sec)

--------------
INSERT INTO Marathon VALUES(157, '1:40:43', '00:7:41', 82, '20-39', 24, 'M', 146, 'DOMINIQUE',  'HAWKSLEY',  'S BOSTON', 'MA')
--------------

Query OK, 1 row affected (0.01 sec)

--------------
INSERT INTO Marathon VALUES(158, '1:40:50', '00:7:42', 16, '20-39', 30, 'F', 391, 'JACQUELIN',  'HENTSCHEL',  'NARR', 'RI')
--------------

Query OK, 1 row affected (0.01 sec)

--------------
INSERT INTO Marathon VALUES(159, '1:40:55', '00:7:42', 17, '20-39', 29, 'F', 158, 'ILONA',  'SEDLACEK',  'KINGSTON', 'RI')
--------------

Query OK, 1 row affected (0.01 sec)

--------------
INSERT INTO Marathon VALUES(160, '1:40:56', '00:7:42', 83, '20-39', 31, 'M', 437, 'STAN',  'KLOHR',  'WESTPORT', 'MA')
--------------

Query OK, 1 row affected (0.02 sec)

--------------
INSERT INTO Marathon VALUES(161, '1:40:58', '00:7:42', 50, '40-49', 49, 'M', 280, 'DORIAN',  'ALTHOUSE',  'EAST PROV', 'RI')
--------------

Query OK, 1 row affected (0.01 sec)

--------------
INSERT INTO Marathon VALUES(162, '1:40:59', '00:7:43', 84, '20-39', 31, 'M', 282, 'MINH',  'BUCCI',  'HOPE', 'RI')
--------------

Query OK, 1 row affected (0.00 sec)

--------------
INSERT INTO Marathon VALUES(163, '1:41:00', '00:7:43', 85, '20-39', 35, 'M', 192, 'RAY',  'BALLESTERO',  'FALL RIVER', 'MA')
--------------

Query OK, 1 row affected (0.01 sec)

--------------
INSERT INTO Marathon VALUES(164, '1:41:03', '00:7:43', 51, '40-49', 49, 'M', 359, 'CORDELL',  'CABAG',  'FREMONT', 'NH')
--------------

Query OK, 1 row affected (0.00 sec)

--------------
INSERT INTO Marathon VALUES(165, '1:41:06', '00:7:43', 18, '20-39', 26, 'F', 383, 'SHAREE',  'JOUNG',  'CAMBRIDGE', 'MA')
--------------

Query OK, 1 row affected (0.01 sec)

--------------
INSERT INTO Marathon VALUES(166, '1:41:09', '00:7:43', 52, '40-49', 40, 'M', 256, 'MOSE',  'DEHANEY',  'DOVER', 'MA')
--------------

Query OK, 1 row affected (0.00 sec)

--------------
INSERT INTO Marathon VALUES(167, '1:41:10', '00:7:43', 86, '20-39', 28, 'M', 442, 'JED',  'PAPANIKOLAS',  'KINGSTON', 'RI')
--------------

Query OK, 1 row affected (0.01 sec)

--------------
INSERT INTO Marathon VALUES(168, '1:41:12', '00:7:44', 53, '40-49', 49, 'M', 155, 'RODRICK',  'ALBEN',  'MILFORD', 'NH')
--------------

Query OK, 1 row affected (0.01 sec)

--------------
INSERT INTO Marathon VALUES(169, '1:41:14', '00:7:44', 87, '20-39', 39, 'M', 412, 'BLAIR',  'MANGINELLI',  'PLAINVILLE', 'MA')
--------------

Query OK, 1 row affected (0.00 sec)

--------------
INSERT INTO Marathon VALUES(170, '1:41:17', '00:7:44', 88, '20-39', 28, 'M', 275, 'FEDERICO',  'NORLAND',  'DOVER', 'MA')
--------------

Query OK, 1 row affected (0.01 sec)

--------------
INSERT INTO Marathon VALUES(171, '1:41:21', '00:7:44', 19, '20-39', 33, 'F', 118, 'PAULETTA',  'DUSCH',  'COVENTRY', 'RI')
--------------

Query OK, 1 row affected (0.01 sec)

--------------
INSERT INTO Marathon VALUES(172, '1:41:28', '00:7:45', 54, '40-49', 45, 'M', 450, 'SANFORD',  'SIMIEN',  'NORTHFORD', 'CT')
--------------

Query OK, 1 row affected (0.00 sec)

--------------
INSERT INTO Marathon VALUES(173, '1:41:31', '00:7:45', 89, '20-39', 34, 'M', 460, 'LES',  'TODOROFF',  'HOPE', 'RI')
--------------

Query OK, 1 row affected (0.01 sec)

--------------
INSERT INTO Marathon VALUES(174, '1:41:34', '00:7:45', 20, '20-39', 26, 'F', 389, 'TASHIA',  'WILKES',  'W LEBANON', 'NH')
--------------

Query OK, 1 row affected (0.01 sec)

--------------
INSERT INTO Marathon VALUES(175, '1:41:37', '00:7:45', 90, '20-39', 35, 'M', 134, 'FLORENCIO',  'WINFOUGH',  'MCLEAN', 'VA')
--------------

Query OK, 1 row affected (0.01 sec)

--------------
INSERT INTO Marathon VALUES(176, '1:41:45', '00:7:46', 55, '40-49', 42, 'M', 475, 'LUTHER',  'COURTRIGHT',  'FALMOUTH', 'MA')
--------------

Query OK, 1 row affected (0.01 sec)

--------------
INSERT INTO Marathon VALUES(177, '1:41:52', '00:7:47', 91, '20-39', 25, 'M', 195, 'BRADY',  'ROSBERG',  'NEWPORT', 'RI')
--------------

Query OK, 1 row affected (0.01 sec)

--------------
INSERT INTO Marathon VALUES(178, '1:41:59', '00:7:47', 92, '20-39', 28, 'M', 82, 'EDGARDO',  'FAW',  'HOLLISTON', 'MA')
--------------

Query OK, 1 row affected (0.02 sec)

--------------
INSERT INTO Marathon VALUES(179, '1:42:04', '00:7:47', 93, '20-39', 34, 'M', 114, 'RUDY',  'CINADR',  'COHASSET', 'MA')
--------------

Query OK, 1 row affected (0.01 sec)

--------------
INSERT INTO Marathon VALUES(180, '1:42:08', '00:7:48', 21, '20-39', 28, 'F', 19, 'JERRI',  'PAPP',  'N KINGSTOWN', 'RI')
--------------

Query OK, 1 row affected (0.01 sec)

--------------
INSERT INTO Marathon VALUES(181, '1:42:12', '00:7:48', 56, '40-49', 45, 'M', 281, 'GRANT',  'HOMRICH',  'NEPTUNE BEACH', 'FL')
--------------

Query OK, 1 row affected (0.01 sec)

--------------
INSERT INTO Marathon VALUES(182, '1:42:24', '00:7:49', 94, '20-39', 33, 'M', 336, 'WILLIAM',  'FATA',  'FREMONT', 'NH')
--------------

Query OK, 1 row affected (0.01 sec)

--------------
INSERT INTO Marathon VALUES(183, '1:42:26', '00:7:49', 57, '40-49', 43, 'M', 434, 'KOREY',  'KARASEK',  'NPT', 'RI')
--------------

Query OK, 1 row affected (0.02 sec)

--------------
INSERT INTO Marathon VALUES(184, '1:42:31', '00:7:50', 95, '20-39', 29, 'M', 90, 'MELVIN',  'BOUVIER',  'WARWICK', 'RI')
--------------

Query OK, 1 row affected (0.01 sec)

--------------
INSERT INTO Marathon VALUES(185, '1:42:33', '00:7:50', 22, '20-39', 27, 'F', 35, 'MILAGROS',  'LAROCCA',  'HOLLISTON', 'MA')
--------------

Query OK, 1 row affected (0.01 sec)

--------------
INSERT INTO Marathon VALUES(186, '1:42:43', '00:7:50', 96, '20-39', 38, 'M', 322, 'JEREMIAH',  'ERIE',  'RUMFORD', 'RI')
--------------

Query OK, 1 row affected (0.01 sec)

--------------
INSERT INTO Marathon VALUES(187, '1:42:50', '00:7:51', 23, '20-39', 32, 'F', 242, 'DENITA',  'AROCHO',  'PROVIDNCE', 'RI')
--------------

Query OK, 1 row affected (0.01 sec)

--------------
INSERT INTO Marathon VALUES(188, '1:42:51', '00:7:51', 2, '01-19', 18, 'M', 454, 'REUBEN',  'JOHNSON',  'PLAINVILLE', 'MA')
--------------

Query OK, 1 row affected (0.02 sec)

--------------
INSERT INTO Marathon VALUES(189, '1:42:52', '00:7:51', 97, '20-39', 28, 'M', 283, 'JIMMIE',  'WEATHERSBEE',  'RIVERSIDE', 'RI')
--------------

Query OK, 1 row affected (0.00 sec)

--------------
INSERT INTO Marathon VALUES(190, '1:43:06', '00:7:52', 7, '50-59', 55, 'M', 166, 'EMORY',  'BRODISH',  'N PROV', 'RI')
--------------

Query OK, 1 row affected (0.00 sec)

--------------
INSERT INTO Marathon VALUES(191, '1:43:13', '00:7:53', 8, '50-59', 54, 'M', 7, 'ALBERT',  'WIKE',  'PEACEDALE', 'RI')
--------------

Query OK, 1 row affected (0.02 sec)

--------------
INSERT INTO Marathon VALUES(192, '1:43:14', '00:7:53', 9, '50-59', 53, 'M', 270, 'MODESTO',  'PENBERTHY',  'QUINCY', 'MA')
--------------

Query OK, 1 row affected (0.01 sec)

--------------
INSERT INTO Marathon VALUES(193, '1:43:14', '00:7:53', 24, '20-39', 37, 'F', 358, 'FRANCISCO',  'KREISEL',  'N PROV', 'RI')
--------------

Query OK, 1 row affected (0.01 sec)

--------------
INSERT INTO Marathon VALUES(194, '1:43:16', '00:7:53', 58, '40-49', 44, 'M', 255, 'JARRETT',  'EVELEIGH',  'W YARMOUTH', 'MA')
--------------

Query OK, 1 row affected (0.01 sec)

--------------
INSERT INTO Marathon VALUES(195, '1:43:20', '00:7:53', 59, '40-49', 40, 'M', 240, 'FEDERICO',  'NANNA',  'PROV', 'RI')
--------------

Query OK, 1 row affected (0.00 sec)

--------------
INSERT INTO Marathon VALUES(196, '1:43:22', '00:7:53', 60, '40-49', 40, 'M', 51, 'DWAYNE',  'DOWNARD',  'MARSTONS MILLS', 'MA')
--------------

Query OK, 1 row affected (0.01 sec)

--------------
INSERT INTO Marathon VALUES(197, '1:43:23', '00:7:54', 10, '50-59', 56, 'M', 398, 'SILAS',  'CHALENDER',  'HAMDEN', 'CT')
--------------

Query OK, 1 row affected (0.00 sec)

--------------
INSERT INTO Marathon VALUES(198, '1:43:26', '00:7:54', 98, '20-39', 34, 'M', 251, 'PRESTON',  'HOLLEY',  'QUINCY', 'MA')
--------------

Query OK, 1 row affected (0.01 sec)

--------------
INSERT INTO Marathon VALUES(199, '1:43:33', '00:7:54', 61, '40-49', 47, 'M', 274, 'ELLIOT',  'ACERRA',  'W KINGSTON', 'RI')
--------------

Query OK, 1 row affected (0.01 sec)

--------------
INSERT INTO Marathon VALUES(200, '1:43:49', '00:7:55', 11, '50-59', 57, 'M', 410, 'AVERY',  'MCKINNON',  'NEW BEDFORD', 'MA')
--------------

Query OK, 1 row affected (0.01 sec)

--------------
INSERT INTO Marathon VALUES(201, '1:43:53', '00:7:56', 62, '40-49', 40, 'M', 493, 'JAROD',  'LESESNE',  'DARTMOUTH', 'MA')
--------------

Query OK, 1 row affected (0.01 sec)

--------------
INSERT INTO Marathon VALUES(202, '1:43:54', '00:7:56', 63, '40-49', 43, 'M', 26, 'IAN',  'SWOOPE',  'GREENVILLE', 'RI')
--------------

Query OK, 1 row affected (0.01 sec)

--------------
INSERT INTO Marathon VALUES(203, '1:43:56', '00:7:56', 64, '40-49', 40, 'M', 394, 'HOUSTON',  'EASTLUND',  'SCITUATE', 'RI')
--------------

Query OK, 1 row affected (0.01 sec)

--------------
INSERT INTO Marathon VALUES(204, '1:43:59', '00:7:56', 3, '40-49', 49, 'F', 411, 'MIGUELINA',  'BOWLAND',  'SMITHFIELD', 'RI')
--------------

Query OK, 1 row affected (0.02 sec)

--------------
INSERT INTO Marathon VALUES(205, '1:44:08', '00:7:57', 99, '20-39', 37, 'M', 453, 'MILFORD',  'GANGELL',  'PEACEDALE', 'RI')
--------------

Query OK, 1 row affected (0.01 sec)

--------------
INSERT INTO Marathon VALUES(206, '1:44:20', '00:7:58', 65, '40-49', 40, 'M', 296, 'FLORENTINO',  'SCHERPING',  'DOVER', 'MA')
--------------

Query OK, 1 row affected (0.01 sec)

--------------
INSERT INTO Marathon VALUES(207, '1:44:30', '00:7:59', 12, '50-59', 55, 'M', 128, 'BRENDON',  'VINES',  'W DENNIS', 'MA')
--------------

Query OK, 1 row affected (0.00 sec)

--------------
INSERT INTO Marathon VALUES(208, '1:44:31', '00:7:59', 100, '20-39', 34, 'M', 347, 'PORFIRIO',  'FLETHER',  'BARRINGTON', 'RI')
--------------

Query OK, 1 row affected (0.00 sec)

--------------
INSERT INTO Marathon VALUES(209, '1:44:32', '00:7:59', 25, '20-39', 37, 'F', 80, 'SUK',  'CLABAUGH',  'QUINCY', 'MA')
--------------

Query OK, 1 row affected (0.02 sec)

--------------
INSERT INTO Marathon VALUES(210, '1:44:43', '00:8:00', 4, '40-49', 42, 'F', 446, 'DANELLE',  'TROIA',  'ORLANDO', 'FL')
--------------

Query OK, 1 row affected (0.01 sec)

--------------
INSERT INTO Marathon VALUES(211, '1:44:44', '00:8:00', 66, '40-49', 43, 'M', 447, 'ALBERT',  'GENTILI',  'ALLSTON', 'MA')
--------------

Query OK, 1 row affected (0.01 sec)

--------------
INSERT INTO Marathon VALUES(212, '1:44:44', '00:8:00', 3, '01-19', 16, 'M', 315, 'STANFORD',  'RIVERIA',  'GREENVILLE', 'RI')
--------------

Query OK, 1 row affected (0.00 sec)

--------------
INSERT INTO Marathon VALUES(213, '1:44:45', '00:8:00', 26, '20-39', 33, 'F', 355, 'RAMONA',  'GRAVENSTEIN',  'CUMB', 'RI')
--------------

Query OK, 1 row affected (0.01 sec)

--------------
INSERT INTO Marathon VALUES(214, '1:44:46', '00:8:00', 67, '40-49', 47, 'M', 60, 'FIDEL',  'PONTREMOLI',  'NARR', 'RI')
--------------

Query OK, 1 row affected (0.00 sec)

--------------
INSERT INTO Marathon VALUES(215, '1:44:50', '00:8:00', 2, '60-98', 64, 'M', 395, 'ANTONY',  'CRAGIN',  'EAST PROV', 'RI')
--------------

Query OK, 1 row affected (0.01 sec)

--------------
INSERT INTO Marathon VALUES(216, '1:45:01', '00:8:01', 101, '20-39', 37, 'M', 463, 'ANTHONY',  'RUFE',  'ALLSTON', 'MA')
--------------

Query OK, 1 row affected (0.01 sec)

--------------
INSERT INTO Marathon VALUES(217, '1:45:10', '00:8:02', 102, '20-39', 30, 'M', 84, 'BRET',  'TRUGLIO',  'HOLLISTON', 'MA')
--------------

Query OK, 1 row affected (0.01 sec)

--------------
INSERT INTO Marathon VALUES(218, '1:45:21', '00:8:03', 13, '50-59', 53, 'M', 168, 'BRAIN',  'OSTLUND',  'BURLINGTON', 'MA')
--------------

Query OK, 1 row affected (0.00 sec)

--------------
INSERT INTO Marathon VALUES(219, '1:45:27', '00:8:03', 14, '50-59', 53, 'M', 100, 'ENOCH',  'CATALDI',  'E GREENVILLE', 'MA')
--------------

Query OK, 1 row affected (0.01 sec)

--------------
INSERT INTO Marathon VALUES(220, '1:45:28', '00:8:03', 27, '20-39', 30, 'F', 457, 'DARCI',  'BAH',  'LITTLE FERRY', 'NJ')
--------------

Query OK, 1 row affected (0.01 sec)

--------------
INSERT INTO Marathon VALUES(221, '1:45:30', '00:8:03', 15, '50-59', 54, 'M', 202, 'DEREK',  'UMEZAWA',  'STONINGTON', 'CT')
--------------

Query OK, 1 row affected (0.01 sec)

--------------
INSERT INTO Marathon VALUES(222, '1:45:41', '00:8:04', 28, '20-39', 29, 'F', 245, 'SELINA',  'LETBETTER',  'FOSTER', 'RI')
--------------

Query OK, 1 row affected (0.01 sec)

--------------
INSERT INTO Marathon VALUES(223, '1:45:42', '00:8:04', 29, '20-39', 38, 'F', 96, 'THOMASENA',  'BELFI',  'NEWTON', 'MA')
--------------

Query OK, 1 row affected (0.01 sec)

--------------
INSERT INTO Marathon VALUES(224, '1:45:44', '00:8:04', 30, '20-39', 36, 'F', 348, 'JOSE',  'ANDRADES',  'W KINGTON', 'RI')
--------------

Query OK, 1 row affected (0.01 sec)

--------------
INSERT INTO Marathon VALUES(225, '1:45:56', '00:8:05', 31, '20-39', 25, 'F', 344, 'ELANE',  'BROCKHAUS',  'SWANSEA', 'MA')
--------------

Query OK, 1 row affected (0.01 sec)

--------------
INSERT INTO Marathon VALUES(226, '1:45:59', '00:8:05', 68, '40-49', 47, 'M', 392, 'OCTAVIO',  'RAMCHARAN',  'DEERFIELD', 'NH')
--------------

Query OK, 1 row affected (0.00 sec)

--------------
INSERT INTO Marathon VALUES(227, '1:46:15', '00:8:07', 5, '40-49', 46, 'F', 356, 'YURI',  'LINDBERG',  'SOUTH DEERFIELD', 'MA')
--------------

Query OK, 1 row affected (0.00 sec)

--------------
INSERT INTO Marathon VALUES(228, '1:46:16', '00:8:07', 103, '20-39', 39, 'M', 264, 'MICAH',  'ALY',  'N KINGSTOWN', 'RI')
--------------

Query OK, 1 row affected (0.01 sec)

--------------
INSERT INTO Marathon VALUES(229, '1:46:18', '00:8:07', 32, '20-39', 36, 'F', 405, 'DEANE',  'WALSTROM',  'FREMONT', 'NH')
--------------

Query OK, 1 row affected (0.00 sec)

--------------
INSERT INTO Marathon VALUES(230, '1:46:20', '00:8:07', 1, '50-59', 57, 'F', 448, 'IMELDA',  'SALLER',  'POMFRET', 'CT')
--------------

Query OK, 1 row affected (0.01 sec)

--------------
INSERT INTO Marathon VALUES(231, '1:46:21', '00:8:07', 69, '40-49', 40, 'M', 378, 'NOLAN',  'SOLYMANI',  'NEPTUNE BEACH', 'FL')
--------------

Query OK, 1 row affected (0.01 sec)

--------------
INSERT INTO Marathon VALUES(232, '1:46:22', '00:8:07', 33, '20-39', 26, 'F', 249, 'BIRDIE',  'BRASH',  'MILFORD', 'NH')
--------------

Query OK, 1 row affected (0.02 sec)

--------------
INSERT INTO Marathon VALUES(233, '1:46:24', '00:8:07', 34, '20-39', 33, 'F', 439, 'CAMMY',  'EASTERLING',  'WILLIAMANTIC', 'CT')
--------------

Query OK, 1 row affected (0.01 sec)

--------------
INSERT INTO Marathon VALUES(234, '1:46:30', '00:8:08', 104, '20-39', 32, 'M', 333, 'STEPHEN',  'HOSICK',  'W DENNIS', 'MA')
--------------

Query OK, 1 row affected (0.01 sec)

--------------
INSERT INTO Marathon VALUES(235, '1:46:35', '00:8:08', 35, '20-39', 34, 'F', 10, 'LIDA',  'ADDICKS',  'LOWELL', 'MA')
--------------

Query OK, 1 row affected (0.01 sec)

--------------
INSERT INTO Marathon VALUES(236, '1:46:46', '00:8:09', 6, '40-49', 44, 'F', 138, 'DAWN',  'HOCHHAUSER',  'QUECHEL', 'VT')
--------------

Query OK, 1 row affected (0.01 sec)

--------------
INSERT INTO Marathon VALUES(237, '1:46:50', '00:8:09', 36, '20-39', 28, 'F', 421, 'GRETA',  'KEESECKER',  'PLAINVILLE', 'MA')
--------------

Query OK, 1 row affected (0.02 sec)

--------------
INSERT INTO Marathon VALUES(238, '1:46:51', '00:8:09', 70, '40-49', 42, 'M', 269, 'WILLIAMS',  'CRAPO',  'ALLSTON', 'MA')
--------------

Query OK, 1 row affected (0.01 sec)

--------------
INSERT INTO Marathon VALUES(239, '1:46:52', '00:8:09', 105, '20-39', 38, 'M', 8, 'TRAVIS',  'LOTTI',  'DOVER', 'MA')
--------------

Query OK, 1 row affected (0.01 sec)

--------------
INSERT INTO Marathon VALUES(240, '1:46:56', '00:8:10', 37, '20-39', 23, 'F', 287, 'YOLONDA',  'BURGE',  'MANSFIELD', 'MA')
--------------

Query OK, 1 row affected (0.01 sec)

--------------
INSERT INTO Marathon VALUES(241, '1:47:00', '00:8:10', 71, '40-49', 46, 'M', 147, 'TEDDY',  'BRASEL',  'SMITHFIELD', 'RI')
--------------

Query OK, 1 row affected (0.01 sec)

--------------
INSERT INTO Marathon VALUES(242, '1:47:09', '00:8:11', 38, '20-39', 23, 'F', 215, 'KEITH',  'LABRADA',  'SAUNDERTOWN', 'RI')
--------------

Query OK, 1 row affected (0.02 sec)

--------------
INSERT INTO Marathon VALUES(243, '1:47:12', '00:8:11', 106, '20-39', 39, 'M', 298, 'RILEY',  'KOR',  'HOPKINTON', 'MA')
--------------

Query OK, 1 row affected (0.01 sec)

--------------
INSERT INTO Marathon VALUES(244, '1:47:19', '00:8:12', 16, '50-59', 53, 'M', 265, 'CHANCE',  'ARRENDONDO',  'BARRINGTON', 'RI')
--------------

Query OK, 1 row affected (0.01 sec)

--------------
INSERT INTO Marathon VALUES(245, '1:47:20', '00:8:12', 7, '40-49', 44, 'F', 266, 'ARLETTA',  'MARKUS',  'CUMBERLAND', 'RI')
--------------

Query OK, 1 row affected (0.01 sec)

--------------
INSERT INTO Marathon VALUES(246, '1:47:22', '00:8:12', 107, '20-39', 35, 'M', 54, 'CHRISTOPER',  'BURGH',  'W KINGSTON', 'RI')
--------------

Query OK, 1 row affected (0.01 sec)

--------------
INSERT INTO Marathon VALUES(247, '1:47:30', '00:8:12', 108, '20-39', 33, 'M', 332, 'BRUCE',  'CORAL',  'PAWTUCKET', 'RI')
--------------

Query OK, 1 row affected (0.02 sec)

--------------
INSERT INTO Marathon VALUES(248, '1:47:39', '00:8:13', 72, '40-49', 45, 'M', 373, 'BENTON',  'PUCCI',  'DARTMOUTH', 'MA')
--------------

Query OK, 1 row affected (0.01 sec)

--------------
INSERT INTO Marathon VALUES(249, '1:47:40', '00:8:13', 39, '20-39', 39, 'F', 415, 'GINA',  'MARKWARDT',  'W YARM', 'MA')
--------------

Query OK, 1 row affected (0.01 sec)

--------------
INSERT INTO Marathon VALUES(250, '1:47:41', '00:8:13', 40, '20-39', 32, 'F', 397, 'MARGIT',  'CHANDLER',  'GREENWICH', 'RI')
--------------

Query OK, 1 row affected (0.01 sec)

--------------
INSERT INTO Marathon VALUES(251, '1:47:43', '00:8:13', 41, '20-39', 39, 'F', 488, 'NOVA',  'LENHARD',  'BROOKLINE', 'MA')
--------------

Query OK, 1 row affected (0.01 sec)

--------------
INSERT INTO Marathon VALUES(252, '1:47:54', '00:8:14', 42, '20-39', 37, 'F', 25, 'AMALIA',  'KASICA',  'CRANSTON', 'RI')
--------------

Query OK, 1 row affected (0.02 sec)

--------------
INSERT INTO Marathon VALUES(253, '1:48:08', '00:8:15', 8, '40-49', 43, 'F', 126, 'INA',  'KONON',  'BRIGHTON', 'MA')
--------------

Query OK, 1 row affected (0.01 sec)

--------------
INSERT INTO Marathon VALUES(254, '1:48:11', '00:8:15', 4, '01-19', 17, 'M', 297, 'NAPOLEON',  'FUJII',  'BROOKLINE', 'MA')
--------------

Query OK, 1 row affected (0.01 sec)

--------------
INSERT INTO Marathon VALUES(255, '1:48:17', '00:8:16', 109, '20-39', 38, 'M', 70, 'GABRIEL',  'CHANADY',  'NORHT PROV', 'RI')
--------------

Query OK, 1 row affected (0.01 sec)

--------------
INSERT INTO Marathon VALUES(256, '1:48:18', '00:8:16', 43, '20-39', 33, 'F', 311, 'ROXIE',  'PHILLIPS',  'MCLEAN', 'VA')
--------------

Query OK, 1 row affected (0.01 sec)

--------------
INSERT INTO Marathon VALUES(257, '1:48:20', '00:8:16', 73, '40-49', 41, 'M', 312, 'EARNEST',  'NADOFF',  'MIAMI', 'FL')
--------------

Query OK, 1 row affected (0.01 sec)

--------------
INSERT INTO Marathon VALUES(258, '1:48:25', '00:8:17', 110, '20-39', 21, 'M', 387, 'JACQUES',  'PETRAIN',  'WESTPORT', 'MA')
--------------

Query OK, 1 row affected (0.01 sec)

--------------
INSERT INTO Marathon VALUES(259, '1:48:30', '00:8:17', 17, '50-59', 55, 'M', 30, 'LEIF',  'BIELE',  'PEACEDALE', 'RI')
--------------

Query OK, 1 row affected (0.01 sec)

--------------
INSERT INTO Marathon VALUES(260, '1:48:35', '00:8:17', 74, '40-49', 48, 'M', 107, 'EFREN',  'BARNETTE',  'ST CHARLES', 'MO')
--------------

Query OK, 1 row affected (0.00 sec)

--------------
INSERT INTO Marathon VALUES(261, '1:48:39', '00:8:18', 75, '40-49', 44, 'M', 271, 'JOHNATHAN',  'MAJESKE',  'PLAINVILLE', 'MA')
--------------

Query OK, 1 row affected (0.00 sec)

--------------
INSERT INTO Marathon VALUES(262, '1:48:49', '00:8:18', 76, '40-49', 41, 'M', 6, 'LAMAR',  'DELIRA',  'MEDFORD', 'MA')
--------------

Query OK, 1 row affected (0.01 sec)

--------------
INSERT INTO Marathon VALUES(263, '1:48:56', '00:8:19', 44, '20-39', 25, 'F', 314, 'JENNIE',  'HAUTAMAKI',  'CHARLOTTE', 'NC')
--------------

Query OK, 1 row affected (0.02 sec)

--------------
INSERT INTO Marathon VALUES(264, '1:49:06', '00:8:20', 45, '20-39', 29, 'F', 44, 'SOLANGE',  'FINCHAM',  'SEEKONK', 'MA')
--------------

Query OK, 1 row affected (0.01 sec)

--------------
INSERT INTO Marathon VALUES(265, '1:49:09', '00:8:20', 111, '20-39', 35, 'M', 406, 'EMMANUEL',  'VACEK',  'POMFRET', 'CT')
--------------

Query OK, 1 row affected (0.01 sec)

--------------
INSERT INTO Marathon VALUES(266, '1:49:12', '00:8:20', 18, '50-59', 54, 'M', 184, 'NORMAN',  'CRANDALL',  'EAST PROV', 'RI')
--------------

Query OK, 1 row affected (0.01 sec)

--------------
INSERT INTO Marathon VALUES(267, '1:49:18', '00:8:21', 112, '20-39', 34, 'M', 190, 'PAT',  'MELLOY',  'WARWICK', 'RI')
--------------

Query OK, 1 row affected (0.01 sec)

--------------
INSERT INTO Marathon VALUES(268, '1:49:47', '00:8:23', 9, '40-49', 41, 'F', 5, 'PAULINA',  'SCRO',  'SOUTH DEERFIELD', 'MA')
--------------

Query OK, 1 row affected (0.02 sec)

--------------
INSERT INTO Marathon VALUES(269, '1:49:52', '00:8:23', 46, '20-39', 25, 'F', 386, 'JOE',  'KENDRIX',  'SWANSEA', 'MA')
--------------

Query OK, 1 row affected (0.01 sec)

--------------
INSERT INTO Marathon VALUES(270, '1:49:57', '00:8:24', 113, '20-39', 28, 'M', 483, 'IKE',  'PALISBO',  'SAUNDERSTOWN', 'RI')
--------------

Query OK, 1 row affected (0.01 sec)

--------------
INSERT INTO Marathon VALUES(271, '1:50:00', '00:8:24', 114, '20-39', 24, 'M', 470, 'HORACIO',  'VELKY',  'CRANSTON', 'RI')
--------------

Query OK, 1 row affected (0.01 sec)

--------------
INSERT INTO Marathon VALUES(272, '1:50:04', '00:8:24', 115, '20-39', 32, 'M', 303, 'ABEL',  'VILLALUAZO',  'BRAINTREE', 'MA')
--------------

Query OK, 1 row affected (0.01 sec)

--------------
INSERT INTO Marathon VALUES(273, '1:50:08', '00:8:24', 77, '40-49', 40, 'M', 466, 'GREGORIO',  'PECHT',  'W DENNIS', 'MA')
--------------

Query OK, 1 row affected (0.01 sec)

--------------
INSERT INTO Marathon VALUES(274, '1:50:22', '00:8:25', 19, '50-59', 50, 'M', 120, 'MERLIN',  'DECIO',  'NEW MILFORD', 'CT')
--------------

Query OK, 1 row affected (0.00 sec)

--------------
INSERT INTO Marathon VALUES(275, '1:50:27', '00:8:26', 47, '20-39', 32, 'F', 471, 'AUDREA',  'HIATT',  'NEW BEDFORD', 'MA')
--------------

Query OK, 1 row affected (0.01 sec)

--------------
INSERT INTO Marathon VALUES(276, '1:50:33', '00:8:26', 78, '40-49', 49, 'M', 444, 'JAY',  'GUDERIAN',  'WARREN', 'RI')
--------------

Query OK, 1 row affected (0.01 sec)

--------------
INSERT INTO Marathon VALUES(277, '1:50:36', '00:8:27', 48, '20-39', 37, 'F', 278, 'JOLANDA',  'BALDWYN',  'WASHINGTON', 'DC')
--------------

Query OK, 1 row affected (0.01 sec)

--------------
INSERT INTO Marathon VALUES(278, '1:50:57', '00:8:28', 116, '20-39', 39, 'M', 189, 'ALEXANDER',  'SCHARPMAN',  'E PROVIDENCE', 'RI')
--------------

Query OK, 1 row affected (0.01 sec)

--------------
INSERT INTO Marathon VALUES(279, '1:50:58', '00:8:28', 2, '50-59', 50, 'F', 87, 'MIKAELA',  'MCKEARIN',  'WRENTHAM', 'MA')
--------------

Query OK, 1 row affected (0.02 sec)

--------------
INSERT INTO Marathon VALUES(280, '1:51:00', '00:8:28', 117, '20-39', 27, 'M', 85, 'MAJOR',  'ROESSER',  'GLOCESTER', 'RI')
--------------

Query OK, 1 row affected (0.01 sec)

--------------
INSERT INTO Marathon VALUES(281, '1:51:03', '00:8:29', 118, '20-39', 37, 'M', 438, 'MERRILL',  'GALATI',  'WESTPORT', 'MA')
--------------

Query OK, 1 row affected (0.01 sec)

--------------
INSERT INTO Marathon VALUES(282, '1:51:23', '00:8:30', 10, '40-49', 42, 'F', 41, 'MARGARETTE',  'PASZKIEWICZ',  'N SCITUATE', 'RI')
--------------

Query OK, 1 row affected (0.01 sec)

--------------
INSERT INTO Marathon VALUES(283, '1:51:37', '00:8:31', 119, '20-39', 39, 'M', 180, 'JACQUES',  'KOERPER',  'LINCOLN', 'RI')
--------------

Query OK, 1 row affected (0.01 sec)

--------------
INSERT INTO Marathon VALUES(284, '1:51:50', '00:8:32', 20, '50-59', 50, 'M', 279, 'SHON',  'OPAL',  'HALIFAX', 'MA')
--------------

Query OK, 1 row affected (0.02 sec)

--------------
INSERT INTO Marathon VALUES(285, '1:51:53', '00:8:32', 120, '20-39', 36, 'M', 433, 'MILTON',  'SUSMAN',  'S BOSTON', 'MA')
--------------

Query OK, 1 row affected (0.01 sec)

--------------
INSERT INTO Marathon VALUES(286, '1:51:57', '00:8:33', 79, '40-49', 41, 'M', 253, 'ROSENDO',  'VANSCHOIACK',  'PORTSMOUTH', 'RI')
--------------

Query OK, 1 row affected (0.01 sec)

--------------
INSERT INTO Marathon VALUES(287, '1:52:00', '00:8:33', 11, '40-49', 48, 'F', 241, 'WILLA',  'LIFSEY',  'W LEBANON', 'NH')
--------------

Query OK, 1 row affected (0.01 sec)

--------------
INSERT INTO Marathon VALUES(288, '1:52:14', '00:8:34', 121, '20-39', 22, 'M', 468, 'KEN',  'HAEDER',  'KINGSTON', 'RI')
--------------

Query OK, 1 row affected (0.01 sec)

--------------
INSERT INTO Marathon VALUES(289, '1:52:20', '00:8:35', 122, '20-39', 21, 'M', 472, 'MYLES',  'KRZESINSKI',  'SEEKONK', 'MA')
--------------

Query OK, 1 row affected (0.02 sec)

--------------
INSERT INTO Marathon VALUES(290, '1:52:26', '00:8:35', 123, '20-39', 38, 'M', 492, 'WILLIE',  'STONEFIELD',  'WICKFORD', 'RI')
--------------

Query OK, 1 row affected (0.01 sec)

--------------
INSERT INTO Marathon VALUES(291, '1:52:29', '00:8:35', 80, '40-49', 45, 'M', 43, 'DUNCAN',  'LAMAACK',  'LAKEVILLE', 'CT')
--------------

Query OK, 1 row affected (0.01 sec)

--------------
INSERT INTO Marathon VALUES(292, '1:52:34', '00:8:36', 3, '60-98', 65, 'M', 33, 'JARROD',  'ASKAM',  'BURLINGTON', 'MA')
--------------

Query OK, 1 row affected (0.01 sec)

--------------
INSERT INTO Marathon VALUES(293, '1:52:36', '00:8:36', 81, '40-49', 49, 'M', 131, 'ERICH',  'TEDESKO',  'GREENWICH', 'RI')
--------------

Query OK, 1 row affected (0.00 sec)

--------------
INSERT INTO Marathon VALUES(294, '1:52:38', '00:8:36', 49, '20-39', 31, 'F', 363, 'BETSEY',  'KLAVUHN',  'SOUTHBORO', 'MA')
--------------

Query OK, 1 row affected (0.01 sec)

--------------
INSERT INTO Marathon VALUES(295, '1:52:41', '00:8:36', 21, '50-59', 51, 'M', 95, 'LOREN',  'GINDER',  'LINCOLN', 'RI')
--------------

Query OK, 1 row affected (0.01 sec)

--------------
INSERT INTO Marathon VALUES(296, '1:52:42', '00:8:36', 124, '20-39', 35, 'M', 459, 'MICAH',  'BIGSBY',  'EVANSVILLE', 'IN')
--------------

Query OK, 1 row affected (0.00 sec)

--------------
INSERT INTO Marathon VALUES(297, '1:52:44', '00:8:36', 125, '20-39', 39, 'M', 310, 'LUCIEN',  'LAINSON',  'NORHT PROV', 'RI')
--------------

Query OK, 1 row affected (0.01 sec)

--------------
INSERT INTO Marathon VALUES(298, '1:52:47', '00:8:37', 50, '20-39', 29, 'F', 309, 'CONCEPTION',  'BOAN',  'PAWTUCKET', 'RI')
--------------

Query OK, 1 row affected (0.01 sec)

--------------
INSERT INTO Marathon VALUES(299, '1:52:54', '00:8:37', 22, '50-59', 51, 'M', 140, 'VITO',  'SCHONINGER',  'RICHMOND', 'RI')
--------------

Query OK, 1 row affected (0.01 sec)

--------------
INSERT INTO Marathon VALUES(300, '1:53:02', '00:8:38', 51, '20-39', 29, 'F', 108, 'OLIVIA',  'FAISCA',  'WEARE', 'NH')
--------------

Query OK, 1 row affected (0.01 sec)

--------------
INSERT INTO Marathon VALUES(301, '1:53:07', '00:8:38', 126, '20-39', 23, 'M', 384, 'TRAVIS',  'STRED',  'S BOSTON', 'MA')
--------------

Query OK, 1 row affected (0.01 sec)

--------------
INSERT INTO Marathon VALUES(302, '1:53:10', '00:8:38', 52, '20-39', 39, 'F', 319, 'ROSANNE',  'VANHORNE',  'PAWT', 'RI')
--------------

Query OK, 1 row affected (0.01 sec)

--------------
INSERT INTO Marathon VALUES(303, '1:53:14', '00:8:39', 82, '40-49', 46, 'M', 222, 'GALEN',  'HORSTMAN',  'WEARE', 'NH')
--------------

Query OK, 1 row affected (0.02 sec)

--------------
INSERT INTO Marathon VALUES(304, '1:53:15', '00:8:39', 127, '20-39', 35, 'M', 198, 'MORTON',  'LAWMAN',  'ASSONET', 'MA')
--------------

Query OK, 1 row affected (0.01 sec)

--------------
INSERT INTO Marathon VALUES(305, '1:53:16', '00:8:39', 23, '50-59', 57, 'M', 482, 'JONAH',  'DIVELBISS',  'CANTON', 'RI')
--------------

Query OK, 1 row affected (0.01 sec)

--------------
INSERT INTO Marathon VALUES(306, '1:53:17', '00:8:39', 128, '20-39', 35, 'M', 351, 'OMAR',  'TURRENTINE',  'E GREENWICH', 'RI')
--------------

Query OK, 1 row affected (0.01 sec)

--------------
INSERT INTO Marathon VALUES(307, '1:53:18', '00:8:39', 129, '20-39', 32, 'M', 473, 'TIMOTHY',  'BENAFIELD',  'FOSTER', 'RI')
--------------

Query OK, 1 row affected (0.01 sec)

--------------
INSERT INTO Marathon VALUES(308, '1:53:19', '00:8:39', 53, '20-39', 37, 'F', 68, 'KARRIE',  'VEALE',  'PAWTUCKET', 'RI')
--------------

Query OK, 1 row affected (0.02 sec)

--------------
INSERT INTO Marathon VALUES(309, '1:53:22', '00:8:39', 83, '40-49', 49, 'M', 379, 'SUNG',  'RITZKE',  'QUNICY', 'MA')
--------------

Query OK, 1 row affected (0.01 sec)

--------------
INSERT INTO Marathon VALUES(310, '1:53:25', '00:8:39', 84, '40-49', 46, 'M', 377, 'JAYSON',  'MORAN',  'WESTWOOD', 'MA')
--------------

Query OK, 1 row affected (0.01 sec)

--------------
INSERT INTO Marathon VALUES(311, '1:53:26', '00:8:40', 85, '40-49', 44, 'M', 329, 'ANDRE',  'CARLEN',  'S BOSTON', 'MA')
--------------

Query OK, 1 row affected (0.01 sec)

--------------
INSERT INTO Marathon VALUES(312, '1:53:28', '00:8:40', 86, '40-49', 45, 'M', 136, 'WHITNEY',  'CAIRO',  'ST CHARLES', 'MO')
--------------

Query OK, 1 row affected (0.01 sec)

--------------
INSERT INTO Marathon VALUES(313, '1:53:47', '00:8:41', 130, '20-39', 39, 'M', 178, 'KIP',  'CREMONA',  'NORWICH', 'CT')
--------------

Query OK, 1 row affected (0.02 sec)

--------------
INSERT INTO Marathon VALUES(314, '1:53:52', '00:8:42', 24, '50-59', 52, 'M', 445, 'MORTON',  'KALMBACH',  'PASCOAG', 'RI')
--------------

Query OK, 1 row affected (0.01 sec)

--------------
INSERT INTO Marathon VALUES(315, '1:53:59', '00:8:42', 87, '40-49', 47, 'M', 219, 'ISIDRO',  'SEARCY',  'W KINGTON', 'RI')
--------------

Query OK, 1 row affected (0.01 sec)

--------------
INSERT INTO Marathon VALUES(316, '1:54:09', '00:8:43', 131, '20-39', 26, 'M', 210, 'CHI',  'SPITZER',  'BROOKLINE', 'MA')
--------------

Query OK, 1 row affected (0.01 sec)

--------------
INSERT INTO Marathon VALUES(317, '1:54:12', '00:8:43', 132, '20-39', 31, 'M', 115, 'HERSCHEL',  'WEINZIERL',  'SMITHFIELD', 'RI')
--------------

Query OK, 1 row affected (0.01 sec)

--------------
INSERT INTO Marathon VALUES(318, '1:54:14', '00:8:43', 54, '20-39', 25, 'F', 317, 'ANGELA',  'GABLE',  'PLAINVILLE', 'MA')
--------------

Query OK, 1 row affected (0.02 sec)

--------------
INSERT INTO Marathon VALUES(319, '1:54:24', '00:8:44', 55, '20-39', 34, 'F', 375, 'WILLETTE',  'FRONCE',  'NPT', 'RI')
--------------

Query OK, 1 row affected (0.01 sec)

--------------
INSERT INTO Marathon VALUES(320, '1:54:26', '00:8:44', 56, '20-39', 34, 'F', 487, 'TERRILYN',  'UEDA',  'HOLLAND', 'PA')
--------------

Query OK, 1 row affected (0.01 sec)

--------------
INSERT INTO Marathon VALUES(321, '1:54:28', '00:8:44', 57, '20-39', 21, 'F', 474, 'JOETTE',  'CHANCELLOR',  'QUINCY', 'MA')
--------------

Query OK, 1 row affected (0.01 sec)

--------------
INSERT INTO Marathon VALUES(322, '1:54:34', '00:8:45', 88, '40-49', 43, 'M', 404, 'OMAR',  'BODRICK',  'CHARLESTOWN', 'MA')
--------------

Query OK, 1 row affected (0.01 sec)

--------------
INSERT INTO Marathon VALUES(323, '1:54:41', '00:8:45', 58, '20-39', 34, 'F', 481, 'DYAN',  'SHADDUCK',  'WEST WARWICK', 'RI')
--------------

Query OK, 1 row affected (0.02 sec)

--------------
INSERT INTO Marathon VALUES(324, '1:54:45', '00:8:46', 59, '20-39', 24, 'F', 40, 'CARLOTTA',  'CAHOON',  'HOLLAND', 'PA')
--------------

Query OK, 1 row affected (0.01 sec)

--------------
INSERT INTO Marathon VALUES(325, '1:54:46', '00:8:46', 133, '20-39', 32, 'M', 27, 'BOYD',  'SCHERER',  'TIVERTON', 'RI')
--------------

Query OK, 1 row affected (0.01 sec)

--------------
INSERT INTO Marathon VALUES(326, '1:54:55', '00:8:46', 134, '20-39', 33, 'M', 292, 'PORFIRIO',  'STOECKLIN',  'DAVIDSON', 'NC')
--------------

Query OK, 1 row affected (0.00 sec)

--------------
INSERT INTO Marathon VALUES(327, '1:54:56', '00:8:46', 4, '60-98', 62, 'M', 103, 'BRENDAN',  'MARUCO',  'PROVIDNCE', 'RI')
--------------

Query OK, 1 row affected (0.01 sec)

--------------
INSERT INTO Marathon VALUES(328, '1:55:00', '00:8:47', 89, '40-49', 43, 'M', 238, 'CAMERON',  'DASO',  'BELMONT', 'MA')
--------------

Query OK, 1 row affected (0.01 sec)

--------------
INSERT INTO Marathon VALUES(329, '1:55:32', '00:8:49', 135, '20-39', 28, 'M', 419, 'LEIGH',  'WENNERSTEN',  'WICKFORD', 'RI')
--------------

Query OK, 1 row affected (0.01 sec)

--------------
INSERT INTO Marathon VALUES(330, '1:55:59', '00:8:51', 60, '20-39', 26, 'F', 441, 'LEANNA',  'PRATTEN',  'LOWELL', 'MA')
--------------

Query OK, 1 row affected (0.02 sec)

--------------
INSERT INTO Marathon VALUES(331, '1:56:10', '00:8:52', 90, '40-49', 41, 'M', 4, 'LAMAR',  'NEHME',  'EAST PROV', 'RI')
--------------

Query OK, 1 row affected (0.01 sec)

--------------
INSERT INTO Marathon VALUES(332, '1:56:14', '00:8:52', 61, '20-39', 33, 'F', 39, 'GUDRUN',  'COHRAN',  'N PROV', 'RI')
--------------

Query OK, 1 row affected (0.01 sec)

--------------
INSERT INTO Marathon VALUES(333, '1:56:19', '00:8:53', 12, '40-49', 42, 'F', 94, 'LUBA',  'PIN',  'QUINCY', 'MA')
--------------

Query OK, 1 row affected (0.01 sec)

--------------
INSERT INTO Marathon VALUES(334, '1:56:25', '00:8:53', 91, '40-49', 44, 'M', 20, 'CARMEN',  'KNEELAND',  'PAWTUCKET', 'RI')
--------------

Query OK, 1 row affected (0.01 sec)

--------------
INSERT INTO Marathon VALUES(335, '1:56:31', '00:8:54', 62, '20-39', 32, 'F', 38, 'TERESE',  'YUNES',  'NEW BEDFORD', 'MA')
--------------

Query OK, 1 row affected (0.02 sec)

--------------
INSERT INTO Marathon VALUES(336, '1:56:52', '00:8:55', 92, '40-49', 46, 'M', 388, 'DANNIE',  'GREENWELL',  'NATICK', 'MA')
--------------

Query OK, 1 row affected (0.01 sec)

--------------
INSERT INTO Marathon VALUES(337, '1:56:54', '00:8:55', 25, '50-59', 57, 'M', 354, 'ALPHONSO',  'THIERRY',  'SMITHFIELD', 'RI')
--------------

Query OK, 1 row affected (0.01 sec)

--------------
INSERT INTO Marathon VALUES(338, '1:56:55', '00:8:55', 136, '20-39', 36, 'M', 204, 'AHMED',  'BULTER',  'W YARMOUTH', 'MA')
--------------

Query OK, 1 row affected (0.00 sec)

--------------
INSERT INTO Marathon VALUES(339, '1:56:56', '00:8:56', 13, '40-49', 46, 'F', 440, 'JOLYN',  'REHSE',  'W YARM', 'MA')
--------------

Query OK, 1 row affected (0.01 sec)

--------------
INSERT INTO Marathon VALUES(340, '1:56:59', '00:8:56', 93, '40-49', 40, 'M', 413, 'JAVIER',  'KINABREW',  'PAWTUCKET', 'RI')
--------------

Query OK, 1 row affected (0.01 sec)

--------------
INSERT INTO Marathon VALUES(341, '1:57:05', '00:8:56', 63, '20-39', 29, 'F', 349, 'CHUNG',  'BASHIR',  'ALLSTON', 'MA')
--------------

Query OK, 1 row affected (0.01 sec)

--------------
INSERT INTO Marathon VALUES(342, '1:57:06', '00:8:56', 94, '40-49', 43, 'M', 227, 'TREVOR',  'PULLIAM',  'SOUTHBORO', 'MA')
--------------

Query OK, 1 row affected (0.01 sec)

--------------
INSERT INTO Marathon VALUES(343, '1:57:08', '00:8:56', 64, '20-39', 35, 'F', 455, 'JANITA',  'ANDOH',  'NORHT PROV', 'RI')
--------------

Query OK, 1 row affected (0.02 sec)

--------------
INSERT INTO Marathon VALUES(344, '1:57:10', '00:8:57', 137, '20-39', 35, 'M', 456, 'SAL',  'MAURAS',  'LAKEVILLE', 'MA')
--------------

Query OK, 1 row affected (0.01 sec)

--------------
INSERT INTO Marathon VALUES(345, '1:57:24', '00:8:58', 65, '20-39', 29, 'F', 429, 'LELAH',  'KOKOCINSKI',  'CRANSTON', 'RI')
--------------

Query OK, 1 row affected (0.01 sec)

--------------
INSERT INTO Marathon VALUES(346, '1:57:29', '00:8:58', 138, '20-39', 31, 'M', 428, 'PHILLIP',  'SEVIER',  'ASSONET', 'MA')
--------------

Query OK, 1 row affected (0.01 sec)

--------------
INSERT INTO Marathon VALUES(347, '1:57:36', '00:8:59', 66, '20-39', 35, 'F', 299, 'TRINITY',  'SCHNAKENBERG',  'BRISTOL', 'RI')
--------------

Query OK, 1 row affected (0.01 sec)

--------------
INSERT INTO Marathon VALUES(348, '1:57:38', '00:8:59', 26, '50-59', 52, 'M', 36, 'EDDY',  'BARLOW',  'WEST WARWICK', 'RI')
--------------

Query OK, 1 row affected (0.02 sec)

--------------
INSERT INTO Marathon VALUES(349, '1:57:40', '00:8:59', 139, '20-39', 30, 'M', 430, 'DIRK',  'LURRY',  'BRAINTREE', 'MA')
--------------

Query OK, 1 row affected (0.01 sec)

--------------
INSERT INTO Marathon VALUES(350, '1:57:42', '00:8:59', 140, '20-39', 39, 'M', 408, 'MAXWELL',  'HEMRIC',  'RICHMOND', 'RI')
--------------

Query OK, 1 row affected (0.00 sec)

--------------
INSERT INTO Marathon VALUES(351, '1:57:43', '00:8:59', 67, '20-39', 37, 'F', 371, 'KELSEY',  'HOGLAND',  'WICKFORD', 'RI')
--------------

Query OK, 1 row affected (0.00 sec)

--------------
INSERT INTO Marathon VALUES(352, '1:57:50', '00:9:00', 68, '20-39', 30, 'F', 246, 'JESSIE',  'BLATZ',  'WRENTHAM', 'MA')
--------------

Query OK, 1 row affected (0.01 sec)

--------------
INSERT INTO Marathon VALUES(353, '1:58:00', '00:9:00', 14, '40-49', 43, 'F', 288, 'ARVILLA',  'ZAVATSON',  'FAIRHAVEN', 'MA')
--------------

Query OK, 1 row affected (0.02 sec)

--------------
INSERT INTO Marathon VALUES(354, '1:58:09', '00:9:01', 141, '20-39', 38, 'M', 479, 'DARIN',  'SUAZO',  'NEWTON', 'MA')
--------------

Query OK, 1 row affected (0.01 sec)

--------------
INSERT INTO Marathon VALUES(355, '1:58:10', '00:9:01', 142, '20-39', 38, 'M', 150, 'WILLY',  'MCNELLIE',  'JOHNSTON', 'RI')
--------------

Query OK, 1 row affected (0.01 sec)

--------------
INSERT INTO Marathon VALUES(356, '1:58:11', '00:9:01', 69, '20-39', 31, 'F', 327, 'ARICA',  'CALDARONE',  'HOPE', 'RI')
--------------

Query OK, 1 row affected (0.01 sec)

--------------
INSERT INTO Marathon VALUES(357, '1:58:16', '00:9:02', 70, '20-39', 31, 'F', 357, 'KINDRA',  'GAVE',  'FALL RIVER', 'MA')
--------------

Query OK, 1 row affected (0.01 sec)

--------------
INSERT INTO Marathon VALUES(358, '1:58:37', '00:9:03', 71, '20-39', 39, 'F', 370, 'NICHOLLE',  'VANDEVSEN',  'EAST PROV', 'RI')
--------------

Query OK, 1 row affected (0.02 sec)

--------------
INSERT INTO Marathon VALUES(359, '1:59:12', '00:9:06', 95, '40-49', 49, 'M', 91, 'KENT',  'MANTEUFFEL',  'W LEB', 'NH')
--------------

Query OK, 1 row affected (0.01 sec)

--------------
INSERT INTO Marathon VALUES(360, '1:59:14', '00:9:06', 27, '50-59', 56, 'M', 31, 'AUGUST',  'RESPICIO',  'BERKLEY', 'MA')
--------------

Query OK, 1 row affected (0.01 sec)

--------------
INSERT INTO Marathon VALUES(361, '1:59:42', '00:9:08', 72, '20-39', 36, 'F', 161, 'MYRTLE',  'WOHNER',  'ESSEX', 'CT')
--------------

Query OK, 1 row affected (0.01 sec)

--------------
INSERT INTO Marathon VALUES(362, '2:00:00', '00:9:10', 73, '20-39', 31, 'F', 289, 'MARIO',  'BUFFORD',  'PASCOAG', 'RI')
--------------

Query OK, 1 row affected (0.01 sec)

--------------
INSERT INTO Marathon VALUES(363, '2:00:04', '00:9:10', 96, '40-49', 46, 'M', 426, 'WALDO',  'ARLIA',  'SOMERVILLE', 'MA')
--------------

Query OK, 1 row affected (0.02 sec)

--------------
INSERT INTO Marathon VALUES(364, '2:00:07', '00:9:10', 74, '20-39', 21, 'F', 260, 'JANET',  'HILK',  'N SCITUATE', 'RI')
--------------

Query OK, 1 row affected (0.01 sec)

--------------
INSERT INTO Marathon VALUES(365, '2:00:10', '00:9:10', 75, '20-39', 32, 'F', 201, 'MARILYNN',  'MCCANDLISH',  'CAMB', 'MA')
--------------

Query OK, 1 row affected (0.01 sec)

--------------
INSERT INTO Marathon VALUES(366, '2:00:12', '00:9:11', 76, '20-39', 32, 'F', 216, 'ASHA',  'HALLA',  'STOUGHTON', 'MA')
--------------

Query OK, 1 row affected (0.01 sec)

--------------
INSERT INTO Marathon VALUES(367, '2:00:13', '00:9:11', 143, '20-39', 38, 'M', 160, 'FORREST',  'NAZARIAN',  'PASCOAG', 'RI')
--------------

Query OK, 1 row affected (0.01 sec)

--------------
INSERT INTO Marathon VALUES(368, '2:00:14', '00:9:11', 77, '20-39', 28, 'F', 149, 'ALLEGRA',  'SHONE',  'WAKEFIELD', 'RI')
--------------

Query OK, 1 row affected (0.02 sec)

--------------
INSERT INTO Marathon VALUES(369, '2:00:16', '00:9:11', 5, '60-98', 60, 'M', 435, 'AUGUSTUS',  'VANDAL',  'W NEWTON', 'MA')
--------------

Query OK, 1 row affected (0.01 sec)

--------------
INSERT INTO Marathon VALUES(370, '2:00:19', '00:9:11', 97, '40-49', 47, 'M', 326, 'ARNULFO',  'RYEN',  'BERKLEY', 'MA')
--------------

Query OK, 1 row affected (0.00 sec)

--------------
INSERT INTO Marathon VALUES(371, '2:00:22', '00:9:11', 98, '40-49', 45, 'M', 62, 'BILLY',  'HADNOTT',  'KINGSTOWN', 'RI')
--------------

Query OK, 1 row affected (0.00 sec)

--------------
INSERT INTO Marathon VALUES(372, '2:00:23', '00:9:11', 99, '40-49', 43, 'M', 409, 'OSCAR',  'SARZYNSKI',  'E GREENVILLE', 'MA')
--------------

Query OK, 1 row affected (0.01 sec)

--------------
INSERT INTO Marathon VALUES(373, '2:00:24', '00:9:11', 3, '50-59', 51, 'F', 259, 'RASHEEDA',  'BOEHLER',  'W LEB', 'NH')
--------------

Query OK, 1 row affected (0.01 sec)

--------------
INSERT INTO Marathon VALUES(374, '2:00:27', '00:9:12', 28, '50-59', 52, 'M', 32, 'JACKSON',  'ZUCKERMAN',  'PASCOAG', 'RI')
--------------

Query OK, 1 row affected (0.01 sec)

--------------
INSERT INTO Marathon VALUES(375, '2:00:41', '00:9:13', 78, '20-39', 27, 'F', 117, 'ESTRELLA',  'ORGERON',  'FAIRHAVEN', 'MA')
--------------

Query OK, 1 row affected (0.01 sec)

--------------
INSERT INTO Marathon VALUES(376, '2:00:02', '00:9:10', 15, '40-49', 43, 'F', 183, 'ALISIA',  'WALKINSHAW',  'STOUGHTON', 'MA')
--------------

Query OK, 1 row affected (0.01 sec)

--------------
INSERT INTO Marathon VALUES(377, '2:00:03', '00:9:10', 16, '40-49', 44, 'F', 313, 'VANNA',  'MATEJEK',  'ARLINGTON', 'MA')
--------------

Query OK, 1 row affected (0.00 sec)

--------------
INSERT INTO Marathon VALUES(378, '2:00:04', '00:9:10', 79, '20-39', 35, 'F', 170, 'TORRIE',  'HEIMRICH',  'DAVIDSON', 'NC')
--------------

Query OK, 1 row affected (0.00 sec)

--------------
INSERT INTO Marathon VALUES(379, '2:00:07', '00:9:10', 144, '20-39', 38, 'M', 223, 'CLYDE',  'KAFTON',  'QUECHEL', 'VT')
--------------

Query OK, 1 row affected (0.01 sec)

--------------
INSERT INTO Marathon VALUES(380, '2:00:11', '00:9:10', 100, '40-49', 48, 'M', 77, 'BERNARD',  'ZMIJEWSKI',  'EAST PROV', 'RI')
--------------

Query OK, 1 row affected (0.01 sec)

--------------
INSERT INTO Marathon VALUES(381, '2:00:13', '00:9:11', 145, '20-39', 29, 'M', 116, 'HOLLIS',  'TORMA',  'W WARWICK', 'RI')
--------------

Query OK, 1 row affected (0.01 sec)

--------------
INSERT INTO Marathon VALUES(382, '2:02:18', '00:9:20', 80, '20-39', 31, 'F', 74, 'NANCIE',  'JOOR',  'PAWT', 'RI')
--------------

Query OK, 1 row affected (0.02 sec)

--------------
INSERT INTO Marathon VALUES(383, '2:02:30', '00:9:21', 101, '40-49', 41, 'M', 21, 'DONOVAN',  'BAGNALL',  'FOSTER', 'RI')
--------------

Query OK, 1 row affected (0.01 sec)

--------------
INSERT INTO Marathon VALUES(384, '2:02:45', '00:9:22', 81, '20-39', 33, 'F', 63, 'GENE',  'MENDILLO',  'W WARWICK', 'RI')
--------------

Query OK, 1 row affected (0.00 sec)

--------------
INSERT INTO Marathon VALUES(385, '2:03:14', '00:9:24', 82, '20-39', 31, 'F', 137, 'SHANI',  'STIEHM',  'SOUTHBORO', 'MA')
--------------

Query OK, 1 row affected (0.01 sec)

--------------
INSERT INTO Marathon VALUES(386, '2:03:15', '00:9:25', 83, '20-39', 27, 'F', 129, 'MARGENE',  'MELING',  'BROOKLINE', 'MA')
--------------

Query OK, 1 row affected (0.00 sec)

--------------
INSERT INTO Marathon VALUES(387, '2:03:31', '00:9:26', 84, '20-39', 27, 'F', 353, 'ERNESTINE',  'DERSCH',  'ARLINGTON', 'MA')
--------------

Query OK, 1 row affected (0.02 sec)

--------------
INSERT INTO Marathon VALUES(388, '2:03:48', '00:9:27', 85, '20-39', 34, 'F', 486, 'RONNI',  'MOTTOLA',  'QUNICY', 'MA')
--------------

Query OK, 1 row affected (0.01 sec)

--------------
INSERT INTO Marathon VALUES(389, '2:03:59', '00:9:28', 86, '20-39', 35, 'F', 485, 'BARABARA',  'POLYCARPE',  'BELMONT', 'MA')
--------------

Query OK, 1 row affected (0.01 sec)

--------------
INSERT INTO Marathon VALUES(390, '2:04:02', '00:9:28', 1, '01-19', 18, 'F', 154, 'JOELLA',  'ARBOLIDA',  'PROVIDNCE', 'RI')
--------------

Query OK, 1 row affected (0.01 sec)

--------------
INSERT INTO Marathon VALUES(391, '2:04:06', '00:9:28', 87, '20-39', 34, 'F', 487, 'ADRIAN',  'BACHMAN',  'HIGGANUM', 'CT')
--------------

Query OK, 1 row affected (0.00 sec)

--------------
INSERT INTO Marathon VALUES(392, '2:04:13', '00:9:29', 17, '40-49', 46, 'F', 9, 'SHENA',  'OHLENSEHLEN',  'NORTHFORD', 'CT')
--------------

Query OK, 1 row affected (0.01 sec)

--------------
INSERT INTO Marathon VALUES(393, '2:04:14', '00:9:29', 88, '20-39', 33, 'F', 53, 'DOMENICA',  'RENOUF',  'PLYMOUTH', 'MA')
--------------

Query OK, 1 row affected (0.01 sec)

--------------
INSERT INTO Marathon VALUES(394, '2:04:15', '00:9:29', 29, '50-59', 58, 'M', 122, 'KIRK',  'DESAUTELLE',  'GREENWICH', 'RI')
--------------

Query OK, 1 row affected (0.00 sec)

--------------
INSERT INTO Marathon VALUES(395, '2:04:32', '00:9:30', 89, '20-39', 37, 'F', 174, 'ALBA',  'ALFORD',  'PROVIDNCE', 'RI')
--------------

Query OK, 1 row affected (0.00 sec)

--------------
INSERT INTO Marathon VALUES(396, '2:04:34', '00:9:31', 90, '20-39', 37, 'F', 153, 'LEZLIE',  'MURAKAMI',  'RICHMOND', 'RI')
--------------

Query OK, 1 row affected (0.01 sec)

--------------
INSERT INTO Marathon VALUES(397, '2:04:35', '00:9:31', 146, '20-39', 39, 'M', 143, 'MERLE',  'GONNEVILLE',  'CAROLINA', 'RI')
--------------

Query OK, 1 row affected (0.02 sec)

--------------
INSERT INTO Marathon VALUES(398, '2:04:37', '00:9:31', 18, '40-49', 42, 'F', 432, 'TRINH',  'SOQUI',  'STONINGTON', 'CT')
--------------

Query OK, 1 row affected (0.01 sec)

--------------
INSERT INTO Marathon VALUES(399, '2:04:46', '00:9:31', 30, '50-59', 52, 'M', 75, 'BILL',  'VENINGA',  'COVENTRY', 'RI')
--------------

Query OK, 1 row affected (0.00 sec)

--------------
INSERT INTO Marathon VALUES(400, '2:04:48', '00:9:32', 19, '40-49', 40, 'F', 171, 'SYLVIE',  'LAABS',  'GREENVILLE', 'RI')
--------------

Query OK, 1 row affected (0.01 sec)

--------------
INSERT INTO Marathon VALUES(401, '2:04:51', '00:9:32', 20, '40-49', 46, 'F', 277, 'SUMMER',  'LAGERGREN',  'ESSEX', 'CT')
--------------

Query OK, 1 row affected (0.01 sec)

--------------
INSERT INTO Marathon VALUES(402, '2:04:56', '00:9:32', 102, '40-49', 42, 'M', 144, 'DON',  'TANWEER',  'ST CHARLES', 'MO')
--------------

Query OK, 1 row affected (0.01 sec)

--------------
INSERT INTO Marathon VALUES(403, '2:04:59', '00:9:32', 103, '40-49', 42, 'M', 172, 'COLTON',  'FRIZELL',  'W YARMOUTH', 'MA')
--------------

Query OK, 1 row affected (0.01 sec)

--------------
INSERT INTO Marathon VALUES(404, '2:05:06', '00:9:33', 91, '20-39', 36, 'F', 250, 'LOUELLA',  'NEDVED',  'TIVERTON', 'RI')
--------------

Query OK, 1 row affected (0.00 sec)

--------------
INSERT INTO Marathon VALUES(405, '2:05:15', '00:9:34', 6, '60-98', 74, 'M', 139, 'PORTER',  'KIKUCHI',  'NARRAGANSETT', 'RI')
--------------

Query OK, 1 row affected (0.00 sec)

--------------
INSERT INTO Marathon VALUES(406, '2:05:21', '00:9:34', 7, '60-98', 61, 'M', 156, 'NOLAN',  'DUROSEAU',  'WARWICK', 'RI')
--------------

Query OK, 1 row affected (0.02 sec)

--------------
INSERT INTO Marathon VALUES(407, '2:05:27', '00:9:35', 92, '20-39', 31, 'F', 243, 'EUSTOLIA',  'STEGEMAN',  'GREENWICH', 'RI')
--------------

Query OK, 1 row affected (0.01 sec)

--------------
INSERT INTO Marathon VALUES(408, '2:05:32', '00:9:35', 93, '20-39', 35, 'F', 452, 'AFTON',  'MERKT',  'W YARMOUTH', 'MA')
--------------

Query OK, 1 row affected (0.01 sec)

--------------
INSERT INTO Marathon VALUES(409, '2:05:48', '00:9:36', 94, '20-39', 22, 'F', 12, 'DAVINA',  'EHSAN',  'JOHNSTON', 'RI')
--------------

Query OK, 1 row affected (0.01 sec)

--------------
INSERT INTO Marathon VALUES(410, '2:06:05', '00:9:37', 95, '20-39', 22, 'F', 290, 'PAOLA',  'CARTIER',  'DAVIDSON', 'NC')
--------------

Query OK, 1 row affected (0.01 sec)

--------------
INSERT INTO Marathon VALUES(411, '2:06:09', '00:9:38', 96, '20-39', 29, 'F', 385, 'TORA',  'PARZIALE',  'DAVIDSON', 'NC')
--------------

Query OK, 1 row affected (0.02 sec)

--------------
INSERT INTO Marathon VALUES(412, '2:06:42', '00:9:40', 31, '50-59', 51, 'M', 28, 'KURTIS',  'CRUTCHEV',  'WESTWOOD', 'MA')
--------------

Query OK, 1 row affected (0.01 sec)

--------------
INSERT INTO Marathon VALUES(413, '2:06:53', '00:9:41', 97, '20-39', 35, 'F', 424, 'BLANCH',  'SCHWABAUER',  'WARWICK', 'RI')
--------------

Query OK, 1 row affected (0.01 sec)

--------------
INSERT INTO Marathon VALUES(414, '2:06:54', '00:9:41', 32, '50-59', 54, 'M', 372, 'FLETCHER',  'DUTEAU',  'STONINGTON', 'CT')
--------------

Query OK, 1 row affected (0.01 sec)

--------------
INSERT INTO Marathon VALUES(415, '2:07:27', '00:9:44', 104, '40-49', 43, 'M', 403, 'ELVIN',  'BELLOW',  'HAMDEN', 'CT')
--------------

Query OK, 1 row affected (0.01 sec)

--------------
INSERT INTO Marathon VALUES(416, '2:07:36', '00:9:44', 105, '40-49', 48, 'M', 104, 'ELISHA',  'PETROFF',  'BROOKLINE', 'MA')
--------------

Query OK, 1 row affected (0.00 sec)

--------------
INSERT INTO Marathon VALUES(417, '2:07:37', '00:9:45', 21, '40-49', 44, 'F', 436, 'ETHELENE',  'PACAPAC',  'CUMB', 'RI')
--------------

Query OK, 1 row affected (0.01 sec)

--------------
INSERT INTO Marathon VALUES(418, '2:07:38', '00:9:45', 106, '40-49', 43, 'M', 465, 'STACY',  'RAMIEZ',  'WEYMOUTH', 'MA')
--------------

Query OK, 1 row affected (0.02 sec)

--------------
INSERT INTO Marathon VALUES(419, '2:07:49', '00:9:45', 98, '20-39', 38, 'F', 196, 'TENNILLE',  'PEROUTKA',  'CANTON', 'RI')
--------------

Query OK, 1 row affected (0.01 sec)

--------------
INSERT INTO Marathon VALUES(420, '2:08:08', '00:9:47', 147, '20-39', 30, 'M', 331, 'DORSEY',  'KERBER',  'PASCOAG', 'RI')
--------------

Query OK, 1 row affected (0.01 sec)

--------------
INSERT INTO Marathon VALUES(421, '2:08:11', '00:9:47', 99, '20-39', 35, 'F', 191, 'DELINDA',  'KRAVETSKY',  'PASCOAG', 'RI')
--------------

Query OK, 1 row affected (0.01 sec)

--------------
INSERT INTO Marathon VALUES(422, '2:08:21', '00:9:48', 100, '20-39', 37, 'F', 427, 'TOSHIKO',  'UNAVAILABLE',  'CUMBERLAND', 'RI')
--------------

Query OK, 1 row affected (0.01 sec)

--------------
INSERT INTO Marathon VALUES(423, '2:09:14', '00:9:52', 148, '20-39', 35, 'M', 102, 'GARLAND',  'WASSEL',  'STOUGHTON', 'MA')
--------------

Query OK, 1 row affected (0.02 sec)

--------------
INSERT INTO Marathon VALUES(424, '2:09:22', '00:9:53', 22, '40-49', 43, 'F', 3, 'TAMMIE',  'VAINIO',  'PAWTUCKET', 'RI')
--------------

Query OK, 1 row affected (0.01 sec)

--------------
INSERT INTO Marathon VALUES(425, '2:09:23', '00:9:53', 33, '50-59', 50, 'M', 165, 'JOSHUA',  'FRIEDLAND',  'BURLINGTON', 'MA')
--------------

Query OK, 1 row affected (0.01 sec)

--------------
INSERT INTO Marathon VALUES(426, '2:09:45', '00:9:54', 149, '20-39', 38, 'M', 8, 'ARON',  'RAGER',  'CHARLESTOWN', 'MA')
--------------

Query OK, 1 row affected (0.01 sec)

--------------
INSERT INTO Marathon VALUES(427, '2:09:54', '00:9:55', 101, '20-39', 25, 'F', 106, 'CAROLYN',  'BALLOON',  'FOSTER', 'RI')
--------------

Query OK, 1 row affected (0.01 sec)

--------------
INSERT INTO Marathon VALUES(428, '2:10:05', '00:9:56', 150, '20-39', 33, 'M', 328, 'DWAIN',  'AMADO',  'LITTLE FERRY', 'NJ')
--------------

Query OK, 1 row affected (0.01 sec)

--------------
INSERT INTO Marathon VALUES(429, '2:10:09', '00:9:56', 107, '40-49', 47, 'M', 207, 'ALLAN',  'GERGEL',  'SCITUATE', 'RI')
--------------

Query OK, 1 row affected (0.01 sec)

--------------
INSERT INTO Marathon VALUES(430, '2:10:23', '00:9:57', 151, '20-39', 34, 'M', 295, 'RUSSELL',  'KUCHTA',  'NEPTUNE BEACH', 'FL')
--------------

Query OK, 1 row affected (0.00 sec)

--------------
INSERT INTO Marathon VALUES(431, '2:10:56', '00:10:00', 108, '40-49', 49, 'M', 23, 'DEAN',  'MITTLER',  'NORHT PROV', 'RI')
--------------

Query OK, 1 row affected (0.01 sec)

--------------
INSERT INTO Marathon VALUES(432, '2:11:02', '00:10:00', 102, '20-39', 33, 'F', 224, 'TANGELA',  'BROKS',  'SOUTHBORO', 'MA')
--------------

Query OK, 1 row affected (0.00 sec)

--------------
INSERT INTO Marathon VALUES(433, '2:11:31', '00:10:02', 103, '20-39', 39, 'F', 330, 'HYE',  'FRASCHILLA',  'RICHMOND', 'RI')
--------------

Query OK, 1 row affected (0.00 sec)

--------------
INSERT INTO Marathon VALUES(434, '2:11:33', '00:10:03', 104, '20-39', 27, 'F', 188, 'CARROL',  'MENDIETA',  'E PROVIDENCE', 'RI')
--------------

Query OK, 1 row affected (0.01 sec)

--------------
INSERT INTO Marathon VALUES(435, '2:12:17', '00:10:06', 109, '40-49', 42, 'M', 1, 'WILLIAMS',  'LAGRONE',  'NEW MILFORD', 'CT')
--------------

Query OK, 1 row affected (0.00 sec)

--------------
INSERT INTO Marathon VALUES(436, '2:13:10', '00:10:10', 110, '40-49', 46, 'M', 261, 'DENNY',  'SIEBEL',  'W NEWTON', 'MA')
--------------

Query OK, 1 row affected (0.01 sec)

--------------
INSERT INTO Marathon VALUES(437, '2:13:24', '00:10:11', 105, '20-39', 30, 'F', 252, 'NORIKO',  'LUDLUM',  'CRANSTON', 'RI')
--------------

Query OK, 1 row affected (0.02 sec)

--------------
INSERT INTO Marathon VALUES(438, '2:13:25', '00:10:11', 152, '20-39', 34, 'M', 254, 'ROGELIO',  'NIEVES',  'W KINGTON', 'RI')
--------------

Query OK, 1 row affected (0.01 sec)

--------------
INSERT INTO Marathon VALUES(439, '2:13:30', '00:10:11', 106, '20-39', 38, 'F', 130, 'POLLY',  'ERKELA',  'HALIFAX', 'MA')
--------------

Query OK, 1 row affected (0.01 sec)

--------------
INSERT INTO Marathon VALUES(440, '2:13:58', '00:10:14', 107, '20-39', 35, 'F', 110, 'MALINDA',  'BODLEY',  'N SMITHFIELD', 'RI')
--------------

Query OK, 1 row affected (0.01 sec)

--------------
INSERT INTO Marathon VALUES(441, '2:14:10', '00:10:15', 111, '40-49', 42, 'M', 105, 'SOL',  'FILIPPONI',  'RICHMOND', 'RI')
--------------

Query OK, 1 row affected (0.01 sec)

--------------
INSERT INTO Marathon VALUES(442, '2:15:37', '00:10:21', 112, '40-49', 40, 'M', 14, 'WAYLON',  'MENSINGER',  'JP', 'MA')
--------------

Query OK, 1 row affected (0.02 sec)

--------------
INSERT INTO Marathon VALUES(443, '2:15:44', '00:10:22', 108, '20-39', 28, 'F', 98, 'DEVIN',  'SCHUETZ',  'SOUTHBRIDGE', 'MA')
--------------

Query OK, 1 row affected (0.01 sec)

--------------
INSERT INTO Marathon VALUES(444, '2:15:46', '00:10:22', 109, '20-39', 26, 'F', 112, 'BRITTENY',  'GUMMO',  'BROOKLINE', 'MA')
--------------

Query OK, 1 row affected (0.01 sec)

--------------
INSERT INTO Marathon VALUES(445, '2:16:00', '00:10:23', 153, '20-39', 32, 'M', 97, 'JASPER',  'KAUCHER',  'POMFRET', 'CT')
--------------

Query OK, 1 row affected (0.01 sec)

--------------
INSERT INTO Marathon VALUES(446, '2:16:51', '00:10:27', 23, '40-49', 44, 'F', 186, 'GEORGIANNE',  'SCHOW',  'S BOSTON', 'MA')
--------------

Query OK, 1 row affected (0.01 sec)

--------------
INSERT INTO Marathon VALUES(447, '2:17:34', '00:10:30', 110, '20-39', 23, 'F', 72, 'KATHEY',  'CHURCHILL',  'HALIFAX', 'MA')
--------------

Query OK, 1 row affected (0.02 sec)

--------------
INSERT INTO Marathon VALUES(448, '2:18:27', '00:10:34', 34, '50-59', 51, 'M', 142, 'BARNEY',  'FAHRENTHOLD',  'CANTON', 'RI')
--------------

Query OK, 1 row affected (0.01 sec)

--------------
INSERT INTO Marathon VALUES(449, '2:19:10', '00:10:37', 111, '20-39', 34, 'F', 141, 'CECILLE',  'HIGHBAUGH',  'N KINGSTOWN', 'RI')
--------------

Query OK, 1 row affected (0.01 sec)

--------------
INSERT INTO Marathon VALUES(450, '2:20:54', '00:10:45', 112, '20-39', 29, 'F', 57, 'ANH',  'DONIEL',  'WARREN', 'RI')
--------------

Query OK, 1 row affected (0.01 sec)

--------------
INSERT INTO Marathon VALUES(451, '2:21:14', '00:10:47', 113, '40-49', 44, 'M', 285, 'NOE',  'WILTSE',  'CAROLINA', 'RI')
--------------

Query OK, 1 row affected (0.01 sec)

--------------
INSERT INTO Marathon VALUES(452, '2:22:11', '00:10:51', 1, '99-+', 99, 'F', 22, 'KEMBERLY',  'FRALIC',  'NPT', 'RI')
--------------

Query OK, 1 row affected (0.02 sec)

--------------
INSERT INTO Marathon VALUES(453, '2:22:39', '00:10:53', 24, '40-49', 44, 'F', 179, 'MARIANELA',  'GERMANA',  'EAST PROV', 'RI')
--------------

Query OK, 1 row affected (0.01 sec)

--------------
INSERT INTO Marathon VALUES(454, '2:23:49', '00:10:59', 154, '20-39', 35, 'M', 343, 'LINDSEY',  'MANGUAL',  'WRENTHAM', 'MA')
--------------

Query OK, 1 row affected (0.01 sec)

--------------
INSERT INTO Marathon VALUES(455, '2:24:09', '00:11:00', 155, '20-39', 34, 'M', 169, 'LACY',  'KAWAGUCHI',  'EAST PROV', 'RI')
--------------

Query OK, 1 row affected (0.01 sec)

--------------
INSERT INTO Marathon VALUES(456, '2:24:42', '00:11:03', 156, '20-39', 35, 'M', 346, 'MYLES',  'KOLBO',  'DEERFIELD', 'NH')
--------------

Query OK, 1 row affected (0.01 sec)

--------------
INSERT INTO Marathon VALUES(457, '2:25:56', '00:11:08', 25, '40-49', 44, 'F', 59, 'ELLIS',  'KOUTRAS',  'FAIRHAVEN', 'MA')
--------------

Query OK, 1 row affected (0.00 sec)

--------------
INSERT INTO Marathon VALUES(458, '2:27:23', '00:11:15', 35, '50-59', 52, 'M', 203, 'PIERRE',  'RESNICK',  'CRANSTON', 'RI')
--------------

Query OK, 1 row affected (0.01 sec)

--------------
INSERT INTO Marathon VALUES(459, '2:28:41', '00:11:21', 157, '20-39', 25, 'M', 325, 'TEDDY',  'LOMEDICO',  'CAMB', 'MA')
--------------

Query OK, 1 row affected (0.01 sec)

--------------
INSERT INTO Marathon VALUES(460, '2:33:43', '00:11:44', 113, '20-39', 37, 'F', 294, 'MILAGRO',  'HALALIKY',  'WEST WARWICK', 'RI')
--------------

Query OK, 1 row affected (0.01 sec)

--------------
INSERT INTO Marathon VALUES(461, '2:33:59', '00:11:45', 158, '20-39', 31, 'M', 324, 'MAX',  'MONTRELLA',  'LINCOLN', 'RI')
--------------

Query OK, 1 row affected (0.01 sec)

--------------
INSERT INTO Marathon VALUES(462, '2:37:23', '00:12:01', 26, '40-49', 42, 'F', 17, 'JANNIE',  'LATSHAW',  'QUNICY', 'MA')
--------------

Query OK, 1 row affected (0.01 sec)

--------------
INSERT INTO Marathon VALUES(463, '2:41:04', '00:12:18', 114, '20-39', 34, 'F', 304, 'FAIRY',  'BOHLSEN',  'CAMBRIDGE', 'MA')
--------------

Query OK, 1 row affected (0.01 sec)

--------------
SELECT * FROM Marathon
--------------

+-------+----------+----------+------------+------------+------+------+-----------+------------+---------------+-----------------+-------+
| Place | Time     | Pace     | GroupPlace | GroupRange | Age  | Sex  | BIBNumber | FirstName  | LastName      | Town            | State |
+-------+----------+----------+------------+------------+------+------+-----------+------------+---------------+-----------------+-------+
|     1 | 01:09:47 | 00:05:20 |          1 | 20-39      |   37 | M    | 340       | ANDRE      | PELLAM        | HALIFAX         | MA    |
|     2 | 01:11:08 | 00:05:26 |          2 | 20-39      |   29 | M    | 34        | HORACE     | KARPOWICZ     | BREWSTER        | MA    |
|     3 | 01:15:43 | 00:05:47 |          3 | 20-39      |   27 | M    | 399       | MILES      | ROSELLA       | PEACEDALE       | RI    |
|     4 | 01:16:18 | 00:05:49 |          4 | 20-39      |   35 | M    | 18        | FRANKLYN   | GIRARDIN      | N PROV          | RI    |
|     5 | 01:18:29 | 00:05:59 |          5 | 20-39      |   23 | M    | 262       | AL         | LEMASTER      | WESTERLY        | RI    |
|     6 | 01:18:36 | 00:06:00 |          1 | 40-49      |   46 | M    | 308       | CRUZ       | TAILOR        | SAUNDERTOWN     | RI    |
|     7 | 01:18:46 | 00:06:01 |          6 | 20-39      |   38 | M    | 45        | DEWEY      | HEAIVILIN     | ST CHARLES      | MO    |
|     8 | 01:19:05 | 00:06:02 |          7 | 20-39      |   37 | M    | 16        | HYMAN      | CURIE         | WRENTHAM        | MA    |
|     9 | 01:19:09 | 00:06:03 |          2 | 40-49      |   41 | M    | 42        | BRENTON    | FAGO          | WESTERLY        | RI    |
|    10 | 01:19:16 | 00:06:03 |          3 | 40-49      |   41 | M    | 420       | CHARLES    | FARLESS       | CRANSTON        | RI    |
|    11 | 01:19:22 | 00:06:04 |          4 | 40-49      |   45 | M    | 177       | WILBER     | VANORDER      | W YARM          | MA    |
|    12 | 01:20:08 | 00:06:07 |          8 | 20-39      |   39 | M    | 225       | ABE        | VIELLE        | DEERFIELD       | NH    |
|    13 | 01:20:34 | 00:06:09 |          9 | 20-39      |   22 | M    | 145       | JAMES      | SAMANTHA      | RICHMOND        | RI    |
|    14 | 01:20:45 | 00:06:10 |         10 | 20-39      |   31 | M    | 431       | HERSHEL    | MACHINSKY     | JOHNSTON        | RI    |
|    15 | 01:21:02 | 00:06:11 |         11 | 20-39      |   33 | M    | 478       | BRADLY     | WAGMAN        | CAMBRIDGE       | MA    |
|    16 | 01:21:24 | 00:06:13 |          1 | 01-19      |   18 | M    | 484       | KENDRICK   | HOLZ          | PROV            | RI    |
|    17 | 01:22:11 | 00:06:16 |          1 | 20-39      |   36 | F    | 380       | JAMA       | PEAD          | NEPTUNE BEACH   | FL    |
|    18 | 01:22:21 | 00:06:17 |         12 | 20-39      |   34 | M    | 61        | EZRA       | ITTNER        | CANTON          | RI    |
|    19 | 01:22:36 | 00:06:18 |          5 | 40-49      |   41 | M    | 76        | ROMEO      | UNVARSKY      | NPT             | RI    |
|    20 | 01:22:56 | 00:06:20 |         13 | 20-39      |   39 | M    | 200       | HERIBERTO  | CHANDRASEKHAR | LAKEVILLE       | CT    |
|    21 | 01:23:17 | 00:06:21 |          6 | 40-49      |   40 | M    | 422       | TED        | HARRELSON     | WARWICK         | RI    |
|    22 | 01:23:45 | 00:06:24 |         14 | 20-39      |   21 | M    | 29        | ANDRES     | AMOE          | HALIFAX         | MA    |
|    23 | 01:24:07 | 00:06:25 |          7 | 40-49      |   48 | M    | 350       | OMAR       | MELLOS        | S BOSTON        | MA    |
|    24 | 01:24:12 | 00:06:26 |         15 | 20-39      |   27 | M    | 396       | KEENAN     | LUSKIN        | WARWICK         | RI    |
|    25 | 01:24:28 | 00:06:27 |         16 | 20-39      |   35 | M    | 24        | CHUNG      | GAGLIO        | CHARLESTOWN     | MA    |
|    26 | 01:24:33 | 00:06:27 |          8 | 40-49      |   40 | M    | 109       | NATHAN     | CASSARA       | ASSONET         | MA    |
|    27 | 01:24:44 | 00:06:28 |         17 | 20-39      |   30 | M    | 417       | MARK       | COUTERMARSH   | CAMBRIDGE       | MA    |
|    28 | 01:25:04 | 00:06:30 |         18 | 20-39      |   32 | M    | 163       | GRANVILLE  | REVEAL        | N PROV          | RI    |
|    29 | 01:25:20 | 00:06:31 |         19 | 20-39      |   29 | M    | 58        | PAT        | KIRSHNER      | TIVERTON        | RI    |
|    30 | 01:25:57 | 00:06:34 |          9 | 40-49      |   41 | M    | 208       | PERCY      | GREIBER       | ARLINGTON       | MA    |
|    31 | 01:26:03 | 00:06:34 |         10 | 40-49      |   44 | M    | 248       | JESSE      | FRENNER       | NARRAGANSETT    | RI    |
|    32 | 01:26:13 | 00:06:35 |         20 | 20-39      |   33 | M    | 367       | RUBEN      | FAMBROUGH     | RIVERSIDE       | RI    |
|    33 | 01:26:21 | 00:06:35 |         11 | 40-49      |   41 | M    | 205       | MARCEL     | MORDECI       | NEW MILFORD     | CT    |
|    34 | 01:26:25 | 00:06:36 |         21 | 20-39      |   37 | M    | 320       | ARNULFO    | MISKA         | STOUGHTON       | MA    |
|    35 | 01:26:46 | 00:06:37 |         12 | 40-49      |   41 | M    | 323       | EMMANUEL   | DJURIC        | DARTMOUTH       | MA    |
|    36 | 01:26:51 | 00:06:38 |          1 | 50-59      |   51 | M    | 376       | ALEXIS     | HABERMANN     | LOWELL          | MA    |
|    37 | 01:27:00 | 00:06:38 |         22 | 20-39      |   24 | M    | 13        | JARVIS     | STONECYPHER   | LITTLE COMPTON  | RI    |
|    38 | 01:27:08 | 00:06:39 |         23 | 20-39      |   28 | M    | 55        | SCOTT      | HUMETEWA      | RUMFORD         | RI    |
|    39 | 01:27:13 | 00:06:39 |          2 | 20-39      |   34 | F    | 382       | MAGGIE     | NASR          | STONINGTON      | CT    |
|    40 | 01:27:28 | 00:06:41 |         24 | 20-39      |   26 | M    | 15        | MOHAMMED   | BLAZEK        | HIGGANUM        | CT    |
|    41 | 01:27:42 | 00:06:42 |          2 | 50-59      |   57 | M    | 67        | FRANCIS    | LAMSON        | PROVIDNCE       | RI    |
|    42 | 01:27:52 | 00:06:42 |         25 | 20-39      |   30 | M    | 491       | MONTE      | BOULOS        | BROOKLINE       | MA    |
|    43 | 01:27:57 | 00:06:43 |         13 | 40-49      |   46 | M    | 113       | MARGARITO  | LIPSZYC       | NEWTON          | MA    |
|    44 | 01:28:18 | 00:06:44 |         14 | 40-49      |   40 | M    | 469       | ETHAN      | SHILLINGFORD  | STONINGTON      | CT    |
|    45 | 01:28:25 | 00:06:45 |         15 | 40-49      |   41 | M    | 361       | CHI        | GUTKIN        | N ATTL          | MA    |
|    46 | 01:28:40 | 00:06:46 |         16 | 40-49      |   42 | M    | 237       | BRANDON    | KRASNOW       | MEDFORD         | MA    |
|    47 | 01:28:47 | 00:06:47 |         26 | 20-39      |   31 | M    | 212       | EFRAIN     | SAGASER       | WARREN          | RI    |
|    48 | 01:28:51 | 00:06:47 |         17 | 40-49      |   41 | M    | 464       | JEFFERSON  | LOOSEY        | NARRAGANSETT    | RI    |
|    49 | 01:28:52 | 00:06:47 |         27 | 20-39      |   33 | M    | 318       | GRANT      | CANAS         | W NEWTON        | MA    |
|    50 | 01:28:55 | 00:06:47 |         18 | 40-49      |   41 | M    | 494       | THOMAS     | ROSSNAGEL     | FRANKLIN        | NH    |
|    51 | 01:28:58 | 00:06:47 |         28 | 20-39      |   26 | M    | 268       | OTTO       | RAGASA        | BURLINGTON      | MA    |
|    52 | 01:29:06 | 00:06:48 |         19 | 40-49      |   44 | M    | 81        | ROYCE      | ATTANASIO     | NARR            | RI    |
|    53 | 01:29:24 | 00:06:49 |         29 | 20-39      |   27 | M    | 339       | AUGUSTUS   | LEYH          | PEACEDALE       | RI    |
|    54 | 01:29:25 | 00:06:50 |         30 | 20-39      |   38 | M    | 37        | DIEGO      | ZWICKER       | CHARLOTTE       | NC    |
|    55 | 01:29:34 | 00:06:50 |         20 | 40-49      |   45 | M    | 62        | WILLY      | MCGAHAN       | EAST PROV       | RI    |
|    56 | 01:29:48 | 00:06:51 |         31 | 20-39      |   26 | M    | 193       | MOHAMMAD   | MCIVER        | STONINGTON      | CT    |
|    57 | 01:29:49 | 00:06:51 |         21 | 40-49      |   47 | M    | 273       | IKE        | DAWSON        | DARTMOUTH       | MA    |
|    58 | 01:30:01 | 00:06:52 |         32 | 20-39      |   29 | M    | 425       | JESUS      | WASSEL        | EVANSVILLE      | IN    |
|    59 | 01:30:53 | 00:06:56 |         33 | 20-39      |   33 | M    | 181       | WENDELL    | LEMONE        | BREWSTER        | MA    |
|    60 | 01:30:56 | 00:06:56 |         34 | 20-39      |   34 | M    | 477       | LYMAN      | BLASHAK       | MANSFIELD       | MA    |
|    61 | 01:31:14 | 00:06:58 |         22 | 40-49      |   47 | M    | 79        | GARRETT    | SCHNITKER     | NEW MILFORD     | CT    |
|    62 | 01:31:28 | 00:06:59 |         23 | 40-49      |   44 | M    | 257       | JERMAINE   | BILLOTTI      | LOWELL          | MA    |
|    63 | 01:31:37 | 00:07:00 |         35 | 20-39      |   35 | M    | 393       | CLAUDE     | DENSIESKI     | PAWTUCKET       | RI    |
|    64 | 01:31:39 | 00:07:00 |         24 | 40-49      |   40 | M    | 125       | CLAYTON    | HULSIZER      | WEYMOUTH        | MA    |
|    65 | 01:31:51 | 00:07:01 |         25 | 40-49      |   41 | M    | 214       | LAVERNE    | PIECHOTA      | PAWT            | RI    |
|    66 | 01:31:57 | 00:07:01 |         26 | 40-49      |   44 | M    | 476       | NELSON     | SAELEE        | BROOKLINE       | MA    |
|    67 | 01:32:02 | 00:07:02 |         36 | 20-39      |   37 | M    | 272       | LUCIO      | FRANCE        | W LEB           | NH    |
|    68 | 01:32:04 | 00:07:02 |         37 | 20-39      |   38 | M    | 111       | STANTON    | FLEURILUS     | NARRAGANSETT    | RI    |
|    69 | 01:32:11 | 00:07:02 |         38 | 20-39      |   22 | M    | 368       | MERVIN     | PHEBUS        | LITTLE FERRY    | NJ    |
|    70 | 01:32:14 | 00:07:02 |          3 | 50-59      |   52 | M    | 173       | HEATH      | KIRVIN        | W KINGSTON      | RI    |
|    71 | 01:32:16 | 00:07:03 |          3 | 20-39      |   30 | F    | 365       | NEDRA      | NASSIMI       | ESSEX           | CT    |
|    72 | 01:32:18 | 00:07:03 |         39 | 20-39      |   39 | M    | 381       | ALEX       | NEALL         | DOVER           | MA    |
|    73 | 01:32:19 | 00:07:03 |         40 | 20-39      |   35 | M    | 267       | EMILE      | PICHT         | SCITUATE        | RI    |
|    74 | 01:32:22 | 00:07:03 |         27 | 40-49      |   46 | M    | 443       | JACQUES    | HEIDINGER     | W YARMOUTH      | MA    |
|    75 | 01:32:26 | 00:07:03 |          1 | 40-49      |   49 | F    | 360       | FLORIDA    | AYTES         | N ATTL          | MA    |
|    76 | 01:32:39 | 00:07:04 |         41 | 20-39      |   27 | M    | 302       | WINFRED    | GILCRIS       | PROVIDENCE      | RI    |
|    77 | 01:32:50 | 00:07:05 |          4 | 20-39      |   28 | F    | 49        | LETTIE     | MCKAGUE       | ALLSTON         | MA    |
|    78 | 01:32:54 | 00:07:05 |         42 | 20-39      |   32 | M    | 226       | PETER      | SECOND        | E GREENVILLE    | MA    |
|    79 | 01:32:56 | 00:07:06 |         43 | 20-39      |   25 | M    | 341       | JAIME      | BROUGHTON     | NEPTUNE BEACH   | FL    |
|    80 | 01:33:03 | 00:07:06 |         28 | 40-49      |   44 | M    | 263       | TAYLOR     | LAFRENIERE    | FOSTER          | RI    |
|    81 | 01:33:18 | 00:07:07 |         44 | 20-39      |   35 | M    | 230       | ARMAND     | DIPAOLO       | ARLINGTON       | MA    |
|    82 | 01:33:21 | 00:07:08 |         45 | 20-39      |   37 | M    | 244       | CHESTER    | SPELMAN       | BRAINTREE       | MA    |
|    83 | 01:33:37 | 00:07:09 |         46 | 20-39      |   38 | M    | 345       | JACKIE     | PACEY         | CUMBERLAND      | RI    |
|    84 | 01:33:41 | 00:07:09 |         47 | 20-39      |   33 | M    | 451       | MINH       | LOSINSKI      | QUECHEL         | VT    |
|    85 | 01:33:59 | 00:07:10 |         48 | 20-39      |   33 | M    | 151       | EMILE      | DELFAVERO     | FAIRHAVEN       | MA    |
|    86 | 01:34:03 | 00:07:11 |         49 | 20-39      |   32 | M    | 467       | LONG       | PERZANOWSKI   | WEARE           | NH    |
|    87 | 01:34:12 | 00:07:11 |          5 | 20-39      |   37 | F    | 71        | MAIRA      | ROUTHIER      | NEWTON          | MA    |
|    88 | 01:34:15 | 00:07:12 |         29 | 40-49      |   46 | M    | 50        | HASSAN     | CRAWMER       | BRIGHTON        | MA    |
|    89 | 01:34:18 | 00:07:12 |         50 | 20-39      |   36 | M    | 400       | EMANUEL    | OGZEWALLA     | NORTHFORD       | CT    |
|    90 | 01:34:21 | 00:07:12 |         30 | 40-49      |   46 | M    | 449       | ELISHA     | GUERERA       | WESTERLY        | RI    |
|    91 | 01:34:40 | 00:07:14 |         31 | 40-49      |   48 | M    | 423       | FABIAN     | ROY           | N ATTL          | MA    |
|    92 | 01:34:45 | 00:07:14 |         51 | 20-39      |   33 | M    | 46        | VITO       | CULLY         | SCITUATE        | RI    |
|    93 | 01:34:57 | 00:07:15 |         52 | 20-39      |   39 | M    | 167       | MAXIMO     | STREITMATTER  | DOVER           | MA    |
|    94 | 01:35:00 | 00:07:15 |         53 | 20-39      |   35 | M    | 369       | VAUGHN     | HUFANA        | N SCITUATE      | RI    |
|    95 | 01:35:02 | 00:07:15 |         32 | 40-49      |   43 | M    | 416       | BROOKS     | THIELEMIER    | GROTON          | CT    |
|    96 | 01:35:06 | 00:07:16 |         33 | 40-49      |   43 | M    | 159       | BRYCE      | ILAGAN        | RUMFORD         | RI    |
|    97 | 01:35:10 | 00:07:16 |         34 | 40-49      |   45 | M    | 199       | DEWEY      | GURNE         | PROV            | RI    |
|    98 | 01:35:14 | 00:07:16 |         54 | 20-39      |   29 | M    | 78        | FREDRIC    | ZONA          | NATICK          | MA    |
|    99 | 01:35:17 | 00:07:16 |         55 | 20-39      |   28 | M    | 462       | BENNETT    | PICETTI       | PEACEDALE       | RI    |
|   100 | 01:35:20 | 00:07:17 |         56 | 20-39      |   36 | M    | 123       | STANLEY    | HEASLET       | HOLLAND         | PA    |
|   101 | 01:35:21 | 00:07:17 |         57 | 20-39      |   30 | M    | 418       | ERWIN      | VANGORDON     | ST CHARLES      | MO    |
|   102 | 01:35:27 | 00:07:17 |          4 | 50-59      |   50 | M    | 239       | GIOVANNI   | FYLES         | MEDFORD         | MA    |
|   103 | 01:35:43 | 00:07:18 |          2 | 40-49      |   41 | F    | 407       | STEPHANI   | FERTITTA      | NORHT PROV      | RI    |
|   104 | 01:35:49 | 00:07:19 |         58 | 20-39      |   35 | M    | 209       | ARRON      | ERDMUN        | FALMOUTH        | MA    |
|   105 | 01:35:51 | 00:07:19 |          5 | 50-59      |   54 | M    | 300       | WESLEY     | BECKWORTH     | ASSONET         | MA    |
|   106 | 01:35:58 | 00:07:20 |         59 | 20-39      |   32 | M    | 337       | JEREMY     | LISKOVEC      | NEWPORT         | RI    |
|   107 | 01:36:00 | 00:07:20 |         35 | 40-49      |   46 | M    | 321       | HUGO       | ROETH         | SOUTHBORO       | MA    |
|   108 | 01:36:03 | 00:07:20 |         36 | 40-49      |   42 | M    | 233       | SIDNEY     | SCHNAIR       | DEERFIELD       | NH    |
|   109 | 01:36:08 | 00:07:20 |         60 | 20-39      |   39 | M    | 293       | ARTHUR     | JOHNDROW      | BREWSTER        | MA    |
|   110 | 01:36:09 | 00:07:20 |         61 | 20-39      |   37 | M    | 461       | JONAS      | CLAMMER       | GREENVILLE      | RI    |
|   111 | 01:36:10 | 00:07:20 |         62 | 20-39      |   25 | M    | 64        | DEANGELO   | GALYON        | SEEKONK         | MA    |
|   112 | 01:36:12 | 00:07:21 |         63 | 20-39      |   33 | M    | 335       | TYRONE     | OFFLEY        | WEST WARWICK    | RI    |
|   113 | 01:36:17 | 00:07:21 |         64 | 20-39      |   33 | M    | 247       | DEREK      | DUFFEL        | GREENWICH       | RI    |
|   114 | 01:36:27 | 00:07:22 |         65 | 20-39      |   37 | M    | 182       | JOSUE      | PRESSEY       | LAKEVILLE       | CT    |
|   115 | 01:36:28 | 00:07:22 |         66 | 20-39      |   39 | M    | 490       | GUSTAVO    | KOTTSICK      | NORTHFORD       | CT    |
|   116 | 01:36:29 | 00:07:22 |         67 | 20-39      |   38 | M    | 101       | CARROLL    | TEROGANESYAN  | W LEB           | NH    |
|   117 | 01:36:42 | 00:07:23 |         68 | 20-39      |   33 | M    | 231       | DALE       | ENSLEY        | PAWT            | RI    |
|   118 | 01:36:43 | 00:07:23 |          6 | 20-39      |   39 | F    | 220       | ROSEANN    | FEENSTRA      | TIVERTON        | RI    |
|   119 | 01:36:53 | 00:07:24 |          7 | 20-39      |   38 | F    | 235       | GALINA     | RINGENBERG    | ASSONET         | MA    |
|   120 | 01:36:56 | 00:07:24 |         37 | 40-49      |   41 | M    | 69        | JOHNNY     | SCHAAB        | EVANSVILLE      | IN    |
|   121 | 01:36:58 | 00:07:24 |         38 | 40-49      |   42 | M    | 402       | ARIEL      | TOSCH         | SMITHFIELD      | RI    |
|   122 | 01:37:00 | 00:07:24 |         69 | 20-39      |   33 | M    | 284       | KORY       | MUNCE         | HOLLAND         | PA    |
|   123 | 01:37:08 | 00:07:25 |          8 | 20-39      |   27 | F    | 213       | JENNIE     | COTHREN       | CRANSTON        | RI    |
|   124 | 01:37:26 | 00:07:26 |         70 | 20-39      |   33 | M    | 187       | BRYAN      | ROSSMANN      | NARRAGANSETT    | RI    |
|   125 | 01:37:29 | 00:07:26 |         39 | 40-49      |   48 | M    | 11        | ROSS       | MCSPARIN      | HOPKINTON       | MA    |
|   126 | 01:37:32 | 00:07:27 |         40 | 40-49      |   41 | M    | 352       | LEONEL     | SHILL         | N ATTL          | MA    |
|   127 | 01:37:39 | 00:07:27 |         41 | 40-49      |   42 | M    | 286       | ENOCH      | ROSH          | W LEB           | NH    |
|   128 | 01:37:56 | 00:07:29 |          1 | 60-98      |   61 | M    | 176       | CEDRIC     | FROILAND      | GREENVILLE      | RI    |
|   129 | 01:38:12 | 00:07:30 |         42 | 40-49      |   44 | M    | 334       | MAXIMO     | FERNHOLZ      | BROOKLINE       | MA    |
|   130 | 01:38:20 | 00:07:30 |         71 | 20-39      |   37 | M    | 132       | KEN        | KUHLO         | FAIRHAVEN       | MA    |
|   131 | 01:38:23 | 00:07:31 |         72 | 20-39      |   34 | M    | 121       | CALEB      | BURMESTER     | W DENNIS        | MA    |
|   132 | 01:38:26 | 00:07:31 |          6 | 50-59      |   50 | M    | 236       | MARCO      | MCMACKIN      | SANDWICH        | MA    |
|   133 | 01:38:44 | 00:07:32 |         43 | 40-49      |   41 | M    | 157       | GALEN      | BERGREEN      | W BRIDGEWATER   | MA    |
|   134 | 01:38:49 | 00:07:33 |         73 | 20-39      |   37 | M    | 366       | TRAVIS     | LACHNER       | CAMBRIDGE       | MA    |
|   135 | 01:38:50 | 00:07:33 |         44 | 40-49      |   40 | M    | 127       | JAROD      | DAMPF         | ORLANDO         | FL    |
|   136 | 01:38:52 | 00:07:33 |          9 | 20-39      |   29 | F    | 342       | BRIANNA    | NEBORAK       | NORTHFORD       | CT    |
|   137 | 01:39:08 | 00:07:34 |         45 | 40-49      |   43 | M    | 301       | TROY       | CONNEELY      | TIVERTON        | RI    |
|   138 | 01:39:11 | 00:07:34 |         74 | 20-39      |   37 | M    | 148       | DORSEY     | BYTHEWAY      | GREENVILLE      | RI    |
|   139 | 01:39:21 | 00:07:35 |         46 | 40-49      |   45 | M    | 414       | VINCENZO   | ELLSWORTH     | SCITUATE        | RI    |
|   140 | 01:39:25 | 00:07:35 |         75 | 20-39      |   27 | M    | 390       | YONG       | HOOBLER       | BREWSTER        | MA    |
|   141 | 01:39:29 | 00:07:36 |         10 | 20-39      |   27 | F    | 65        | LUCILLE    | DAUBS         | PORTSMOUTH      | RI    |
|   142 | 01:39:37 | 00:07:36 |         76 | 20-39      |   35 | M    | 66        | WILLIS     | LETTERMAN     | NATICK          | MA    |
|   143 | 01:39:45 | 00:07:37 |         47 | 40-49      |   40 | M    | 135       | BUFORD     | FALCE         | ARLINGTON       | MA    |
|   144 | 01:39:49 | 00:07:37 |         11 | 20-39      |   23 | F    | 99        | SOMER      | BULLION       | SOUTHBORO       | MA    |
|   145 | 01:39:50 | 00:07:37 |         12 | 20-39      |   33 | F    | 401       | DOTTIE     | LACROSS       | LITTLE FERRY    | NJ    |
|   146 | 01:39:51 | 00:07:37 |         77 | 20-39      |   35 | M    | 480       | RENATO     | FRANCESE      | NEPTUNE BEACH   | FL    |
|   147 | 01:39:55 | 00:07:38 |         78 | 20-39      |   29 | M    | 316       | ELIAS      | PERRELLA      | QUECHEL         | VT    |
|   148 | 01:40:01 | 00:07:38 |         79 | 20-39      |   26 | M    | 374       | CHRISTOPER | MATTHIES      | PORTSMOUTH      | RI    |
|   149 | 01:40:09 | 00:07:39 |          1 | 99-+       |   99 | M    | 291       | JOSUE      | WOODAL        | NEWTON          | MA    |
|   150 | 01:40:10 | 00:07:39 |         48 | 40-49      |   43 | M    | 92        | ANDERSON   | DELAVINA      | SWANSEA         | MA    |
|   151 | 01:40:12 | 00:07:39 |         49 | 40-49      |   43 | M    | 175       | TREY       | STEENBERGEN   | OAKDALE         | CT    |
|   152 | 01:40:16 | 00:07:39 |         13 | 20-39      |   36 | F    | 258       | ADDIE      | GEHRKE        | EVANSVILLE      | IN    |
|   153 | 01:40:18 | 00:07:39 |         14 | 20-39      |   24 | F    | 362       | AFTON      | STUDENT       | CRANSTON        | RI    |
|   154 | 01:40:20 | 00:07:40 |         80 | 20-39      |   30 | M    | 364       | NORBERT    | FELDSTEIN     | BRAINTREE       | MA    |
|   155 | 01:40:37 | 00:07:41 |         15 | 20-39      |   31 | F    | 338       | LACIE      | ORTTENBURGER  | QUNICY          | MA    |
|   156 | 01:40:40 | 00:07:41 |         81 | 20-39      |   36 | M    | 152       | MONROE     | LUEVANO       | N ATTL          | MA    |
|   157 | 01:40:43 | 00:07:41 |         82 | 20-39      |   24 | M    | 146       | DOMINIQUE  | HAWKSLEY      | S BOSTON        | MA    |
|   158 | 01:40:50 | 00:07:42 |         16 | 20-39      |   30 | F    | 391       | JACQUELIN  | HENTSCHEL     | NARR            | RI    |
|   159 | 01:40:55 | 00:07:42 |         17 | 20-39      |   29 | F    | 158       | ILONA      | SEDLACEK      | KINGSTON        | RI    |
|   160 | 01:40:56 | 00:07:42 |         83 | 20-39      |   31 | M    | 437       | STAN       | KLOHR         | WESTPORT        | MA    |
|   161 | 01:40:58 | 00:07:42 |         50 | 40-49      |   49 | M    | 280       | DORIAN     | ALTHOUSE      | EAST PROV       | RI    |
|   162 | 01:40:59 | 00:07:43 |         84 | 20-39      |   31 | M    | 282       | MINH       | BUCCI         | HOPE            | RI    |
|   163 | 01:41:00 | 00:07:43 |         85 | 20-39      |   35 | M    | 192       | RAY        | BALLESTERO    | FALL RIVER      | MA    |
|   164 | 01:41:03 | 00:07:43 |         51 | 40-49      |   49 | M    | 359       | CORDELL    | CABAG         | FREMONT         | NH    |
|   165 | 01:41:06 | 00:07:43 |         18 | 20-39      |   26 | F    | 383       | SHAREE     | JOUNG         | CAMBRIDGE       | MA    |
|   166 | 01:41:09 | 00:07:43 |         52 | 40-49      |   40 | M    | 256       | MOSE       | DEHANEY       | DOVER           | MA    |
|   167 | 01:41:10 | 00:07:43 |         86 | 20-39      |   28 | M    | 442       | JED        | PAPANIKOLAS   | KINGSTON        | RI    |
|   168 | 01:41:12 | 00:07:44 |         53 | 40-49      |   49 | M    | 155       | RODRICK    | ALBEN         | MILFORD         | NH    |
|   169 | 01:41:14 | 00:07:44 |         87 | 20-39      |   39 | M    | 412       | BLAIR      | MANGINELLI    | PLAINVILLE      | MA    |
|   170 | 01:41:17 | 00:07:44 |         88 | 20-39      |   28 | M    | 275       | FEDERICO   | NORLAND       | DOVER           | MA    |
|   171 | 01:41:21 | 00:07:44 |         19 | 20-39      |   33 | F    | 118       | PAULETTA   | DUSCH         | COVENTRY        | RI    |
|   172 | 01:41:28 | 00:07:45 |         54 | 40-49      |   45 | M    | 450       | SANFORD    | SIMIEN        | NORTHFORD       | CT    |
|   173 | 01:41:31 | 00:07:45 |         89 | 20-39      |   34 | M    | 460       | LES        | TODOROFF      | HOPE            | RI    |
|   174 | 01:41:34 | 00:07:45 |         20 | 20-39      |   26 | F    | 389       | TASHIA     | WILKES        | W LEBANON       | NH    |
|   175 | 01:41:37 | 00:07:45 |         90 | 20-39      |   35 | M    | 134       | FLORENCIO  | WINFOUGH      | MCLEAN          | VA    |
|   176 | 01:41:45 | 00:07:46 |         55 | 40-49      |   42 | M    | 475       | LUTHER     | COURTRIGHT    | FALMOUTH        | MA    |
|   177 | 01:41:52 | 00:07:47 |         91 | 20-39      |   25 | M    | 195       | BRADY      | ROSBERG       | NEWPORT         | RI    |
|   178 | 01:41:59 | 00:07:47 |         92 | 20-39      |   28 | M    | 82        | EDGARDO    | FAW           | HOLLISTON       | MA    |
|   179 | 01:42:04 | 00:07:47 |         93 | 20-39      |   34 | M    | 114       | RUDY       | CINADR        | COHASSET        | MA    |
|   180 | 01:42:08 | 00:07:48 |         21 | 20-39      |   28 | F    | 19        | JERRI      | PAPP          | N KINGSTOWN     | RI    |
|   181 | 01:42:12 | 00:07:48 |         56 | 40-49      |   45 | M    | 281       | GRANT      | HOMRICH       | NEPTUNE BEACH   | FL    |
|   182 | 01:42:24 | 00:07:49 |         94 | 20-39      |   33 | M    | 336       | WILLIAM    | FATA          | FREMONT         | NH    |
|   183 | 01:42:26 | 00:07:49 |         57 | 40-49      |   43 | M    | 434       | KOREY      | KARASEK       | NPT             | RI    |
|   184 | 01:42:31 | 00:07:50 |         95 | 20-39      |   29 | M    | 90        | MELVIN     | BOUVIER       | WARWICK         | RI    |
|   185 | 01:42:33 | 00:07:50 |         22 | 20-39      |   27 | F    | 35        | MILAGROS   | LAROCCA       | HOLLISTON       | MA    |
|   186 | 01:42:43 | 00:07:50 |         96 | 20-39      |   38 | M    | 322       | JEREMIAH   | ERIE          | RUMFORD         | RI    |
|   187 | 01:42:50 | 00:07:51 |         23 | 20-39      |   32 | F    | 242       | DENITA     | AROCHO        | PROVIDNCE       | RI    |
|   188 | 01:42:51 | 00:07:51 |          2 | 01-19      |   18 | M    | 454       | REUBEN     | JOHNSON       | PLAINVILLE      | MA    |
|   189 | 01:42:52 | 00:07:51 |         97 | 20-39      |   28 | M    | 283       | JIMMIE     | WEATHERSBEE   | RIVERSIDE       | RI    |
|   190 | 01:43:06 | 00:07:52 |          7 | 50-59      |   55 | M    | 166       | EMORY      | BRODISH       | N PROV          | RI    |
|   191 | 01:43:13 | 00:07:53 |          8 | 50-59      |   54 | M    | 7         | ALBERT     | WIKE          | PEACEDALE       | RI    |
|   192 | 01:43:14 | 00:07:53 |          9 | 50-59      |   53 | M    | 270       | MODESTO    | PENBERTHY     | QUINCY          | MA    |
|   193 | 01:43:14 | 00:07:53 |         24 | 20-39      |   37 | F    | 358       | FRANCISCO  | KREISEL       | N PROV          | RI    |
|   194 | 01:43:16 | 00:07:53 |         58 | 40-49      |   44 | M    | 255       | JARRETT    | EVELEIGH      | W YARMOUTH      | MA    |
|   195 | 01:43:20 | 00:07:53 |         59 | 40-49      |   40 | M    | 240       | FEDERICO   | NANNA         | PROV            | RI    |
|   196 | 01:43:22 | 00:07:53 |         60 | 40-49      |   40 | M    | 51        | DWAYNE     | DOWNARD       | MARSTONS MILLS  | MA    |
|   197 | 01:43:23 | 00:07:54 |         10 | 50-59      |   56 | M    | 398       | SILAS      | CHALENDER     | HAMDEN          | CT    |
|   198 | 01:43:26 | 00:07:54 |         98 | 20-39      |   34 | M    | 251       | PRESTON    | HOLLEY        | QUINCY          | MA    |
|   199 | 01:43:33 | 00:07:54 |         61 | 40-49      |   47 | M    | 274       | ELLIOT     | ACERRA        | W KINGSTON      | RI    |
|   200 | 01:43:49 | 00:07:55 |         11 | 50-59      |   57 | M    | 410       | AVERY      | MCKINNON      | NEW BEDFORD     | MA    |
|   201 | 01:43:53 | 00:07:56 |         62 | 40-49      |   40 | M    | 493       | JAROD      | LESESNE       | DARTMOUTH       | MA    |
|   202 | 01:43:54 | 00:07:56 |         63 | 40-49      |   43 | M    | 26        | IAN        | SWOOPE        | GREENVILLE      | RI    |
|   203 | 01:43:56 | 00:07:56 |         64 | 40-49      |   40 | M    | 394       | HOUSTON    | EASTLUND      | SCITUATE        | RI    |
|   204 | 01:43:59 | 00:07:56 |          3 | 40-49      |   49 | F    | 411       | MIGUELINA  | BOWLAND       | SMITHFIELD      | RI    |
|   205 | 01:44:08 | 00:07:57 |         99 | 20-39      |   37 | M    | 453       | MILFORD    | GANGELL       | PEACEDALE       | RI    |
|   206 | 01:44:20 | 00:07:58 |         65 | 40-49      |   40 | M    | 296       | FLORENTINO | SCHERPING     | DOVER           | MA    |
|   207 | 01:44:30 | 00:07:59 |         12 | 50-59      |   55 | M    | 128       | BRENDON    | VINES         | W DENNIS        | MA    |
|   208 | 01:44:31 | 00:07:59 |        100 | 20-39      |   34 | M    | 347       | PORFIRIO   | FLETHER       | BARRINGTON      | RI    |
|   209 | 01:44:32 | 00:07:59 |         25 | 20-39      |   37 | F    | 80        | SUK        | CLABAUGH      | QUINCY          | MA    |
|   210 | 01:44:43 | 00:08:00 |          4 | 40-49      |   42 | F    | 446       | DANELLE    | TROIA         | ORLANDO         | FL    |
|   211 | 01:44:44 | 00:08:00 |         66 | 40-49      |   43 | M    | 447       | ALBERT     | GENTILI       | ALLSTON         | MA    |
|   212 | 01:44:44 | 00:08:00 |          3 | 01-19      |   16 | M    | 315       | STANFORD   | RIVERIA       | GREENVILLE      | RI    |
|   213 | 01:44:45 | 00:08:00 |         26 | 20-39      |   33 | F    | 355       | RAMONA     | GRAVENSTEIN   | CUMB            | RI    |
|   214 | 01:44:46 | 00:08:00 |         67 | 40-49      |   47 | M    | 60        | FIDEL      | PONTREMOLI    | NARR            | RI    |
|   215 | 01:44:50 | 00:08:00 |          2 | 60-98      |   64 | M    | 395       | ANTONY     | CRAGIN        | EAST PROV       | RI    |
|   216 | 01:45:01 | 00:08:01 |        101 | 20-39      |   37 | M    | 463       | ANTHONY    | RUFE          | ALLSTON         | MA    |
|   217 | 01:45:10 | 00:08:02 |        102 | 20-39      |   30 | M    | 84        | BRET       | TRUGLIO       | HOLLISTON       | MA    |
|   218 | 01:45:21 | 00:08:03 |         13 | 50-59      |   53 | M    | 168       | BRAIN      | OSTLUND       | BURLINGTON      | MA    |
|   219 | 01:45:27 | 00:08:03 |         14 | 50-59      |   53 | M    | 100       | ENOCH      | CATALDI       | E GREENVILLE    | MA    |
|   220 | 01:45:28 | 00:08:03 |         27 | 20-39      |   30 | F    | 457       | DARCI      | BAH           | LITTLE FERRY    | NJ    |
|   221 | 01:45:30 | 00:08:03 |         15 | 50-59      |   54 | M    | 202       | DEREK      | UMEZAWA       | STONINGTON      | CT    |
|   222 | 01:45:41 | 00:08:04 |         28 | 20-39      |   29 | F    | 245       | SELINA     | LETBETTER     | FOSTER          | RI    |
|   223 | 01:45:42 | 00:08:04 |         29 | 20-39      |   38 | F    | 96        | THOMASENA  | BELFI         | NEWTON          | MA    |
|   224 | 01:45:44 | 00:08:04 |         30 | 20-39      |   36 | F    | 348       | JOSE       | ANDRADES      | W KINGTON       | RI    |
|   225 | 01:45:56 | 00:08:05 |         31 | 20-39      |   25 | F    | 344       | ELANE      | BROCKHAUS     | SWANSEA         | MA    |
|   226 | 01:45:59 | 00:08:05 |         68 | 40-49      |   47 | M    | 392       | OCTAVIO    | RAMCHARAN     | DEERFIELD       | NH    |
|   227 | 01:46:15 | 00:08:07 |          5 | 40-49      |   46 | F    | 356       | YURI       | LINDBERG      | SOUTH DEERFIELD | MA    |
|   228 | 01:46:16 | 00:08:07 |        103 | 20-39      |   39 | M    | 264       | MICAH      | ALY           | N KINGSTOWN     | RI    |
|   229 | 01:46:18 | 00:08:07 |         32 | 20-39      |   36 | F    | 405       | DEANE      | WALSTROM      | FREMONT         | NH    |
|   230 | 01:46:20 | 00:08:07 |          1 | 50-59      |   57 | F    | 448       | IMELDA     | SALLER        | POMFRET         | CT    |
|   231 | 01:46:21 | 00:08:07 |         69 | 40-49      |   40 | M    | 378       | NOLAN      | SOLYMANI      | NEPTUNE BEACH   | FL    |
|   232 | 01:46:22 | 00:08:07 |         33 | 20-39      |   26 | F    | 249       | BIRDIE     | BRASH         | MILFORD         | NH    |
|   233 | 01:46:24 | 00:08:07 |         34 | 20-39      |   33 | F    | 439       | CAMMY      | EASTERLING    | WILLIAMANTIC    | CT    |
|   234 | 01:46:30 | 00:08:08 |        104 | 20-39      |   32 | M    | 333       | STEPHEN    | HOSICK        | W DENNIS        | MA    |
|   235 | 01:46:35 | 00:08:08 |         35 | 20-39      |   34 | F    | 10        | LIDA       | ADDICKS       | LOWELL          | MA    |
|   236 | 01:46:46 | 00:08:09 |          6 | 40-49      |   44 | F    | 138       | DAWN       | HOCHHAUSER    | QUECHEL         | VT    |
|   237 | 01:46:50 | 00:08:09 |         36 | 20-39      |   28 | F    | 421       | GRETA      | KEESECKER     | PLAINVILLE      | MA    |
|   238 | 01:46:51 | 00:08:09 |         70 | 40-49      |   42 | M    | 269       | WILLIAMS   | CRAPO         | ALLSTON         | MA    |
|   239 | 01:46:52 | 00:08:09 |        105 | 20-39      |   38 | M    | 8         | TRAVIS     | LOTTI         | DOVER           | MA    |
|   240 | 01:46:56 | 00:08:10 |         37 | 20-39      |   23 | F    | 287       | YOLONDA    | BURGE         | MANSFIELD       | MA    |
|   241 | 01:47:00 | 00:08:10 |         71 | 40-49      |   46 | M    | 147       | TEDDY      | BRASEL        | SMITHFIELD      | RI    |
|   242 | 01:47:09 | 00:08:11 |         38 | 20-39      |   23 | F    | 215       | KEITH      | LABRADA       | SAUNDERTOWN     | RI    |
|   243 | 01:47:12 | 00:08:11 |        106 | 20-39      |   39 | M    | 298       | RILEY      | KOR           | HOPKINTON       | MA    |
|   244 | 01:47:19 | 00:08:12 |         16 | 50-59      |   53 | M    | 265       | CHANCE     | ARRENDONDO    | BARRINGTON      | RI    |
|   245 | 01:47:20 | 00:08:12 |          7 | 40-49      |   44 | F    | 266       | ARLETTA    | MARKUS        | CUMBERLAND      | RI    |
|   246 | 01:47:22 | 00:08:12 |        107 | 20-39      |   35 | M    | 54        | CHRISTOPER | BURGH         | W KINGSTON      | RI    |
|   247 | 01:47:30 | 00:08:12 |        108 | 20-39      |   33 | M    | 332       | BRUCE      | CORAL         | PAWTUCKET       | RI    |
|   248 | 01:47:39 | 00:08:13 |         72 | 40-49      |   45 | M    | 373       | BENTON     | PUCCI         | DARTMOUTH       | MA    |
|   249 | 01:47:40 | 00:08:13 |         39 | 20-39      |   39 | F    | 415       | GINA       | MARKWARDT     | W YARM          | MA    |
|   250 | 01:47:41 | 00:08:13 |         40 | 20-39      |   32 | F    | 397       | MARGIT     | CHANDLER      | GREENWICH       | RI    |
|   251 | 01:47:43 | 00:08:13 |         41 | 20-39      |   39 | F    | 488       | NOVA       | LENHARD       | BROOKLINE       | MA    |
|   252 | 01:47:54 | 00:08:14 |         42 | 20-39      |   37 | F    | 25        | AMALIA     | KASICA        | CRANSTON        | RI    |
|   253 | 01:48:08 | 00:08:15 |          8 | 40-49      |   43 | F    | 126       | INA        | KONON         | BRIGHTON        | MA    |
|   254 | 01:48:11 | 00:08:15 |          4 | 01-19      |   17 | M    | 297       | NAPOLEON   | FUJII         | BROOKLINE       | MA    |
|   255 | 01:48:17 | 00:08:16 |        109 | 20-39      |   38 | M    | 70        | GABRIEL    | CHANADY       | NORHT PROV      | RI    |
|   256 | 01:48:18 | 00:08:16 |         43 | 20-39      |   33 | F    | 311       | ROXIE      | PHILLIPS      | MCLEAN          | VA    |
|   257 | 01:48:20 | 00:08:16 |         73 | 40-49      |   41 | M    | 312       | EARNEST    | NADOFF        | MIAMI           | FL    |
|   258 | 01:48:25 | 00:08:17 |        110 | 20-39      |   21 | M    | 387       | JACQUES    | PETRAIN       | WESTPORT        | MA    |
|   259 | 01:48:30 | 00:08:17 |         17 | 50-59      |   55 | M    | 30        | LEIF       | BIELE         | PEACEDALE       | RI    |
|   260 | 01:48:35 | 00:08:17 |         74 | 40-49      |   48 | M    | 107       | EFREN      | BARNETTE      | ST CHARLES      | MO    |
|   261 | 01:48:39 | 00:08:18 |         75 | 40-49      |   44 | M    | 271       | JOHNATHAN  | MAJESKE       | PLAINVILLE      | MA    |
|   262 | 01:48:49 | 00:08:18 |         76 | 40-49      |   41 | M    | 6         | LAMAR      | DELIRA        | MEDFORD         | MA    |
|   263 | 01:48:56 | 00:08:19 |         44 | 20-39      |   25 | F    | 314       | JENNIE     | HAUTAMAKI     | CHARLOTTE       | NC    |
|   264 | 01:49:06 | 00:08:20 |         45 | 20-39      |   29 | F    | 44        | SOLANGE    | FINCHAM       | SEEKONK         | MA    |
|   265 | 01:49:09 | 00:08:20 |        111 | 20-39      |   35 | M    | 406       | EMMANUEL   | VACEK         | POMFRET         | CT    |
|   266 | 01:49:12 | 00:08:20 |         18 | 50-59      |   54 | M    | 184       | NORMAN     | CRANDALL      | EAST PROV       | RI    |
|   267 | 01:49:18 | 00:08:21 |        112 | 20-39      |   34 | M    | 190       | PAT        | MELLOY        | WARWICK         | RI    |
|   268 | 01:49:47 | 00:08:23 |          9 | 40-49      |   41 | F    | 5         | PAULINA    | SCRO          | SOUTH DEERFIELD | MA    |
|   269 | 01:49:52 | 00:08:23 |         46 | 20-39      |   25 | F    | 386       | JOE        | KENDRIX       | SWANSEA         | MA    |
|   270 | 01:49:57 | 00:08:24 |        113 | 20-39      |   28 | M    | 483       | IKE        | PALISBO       | SAUNDERSTOWN    | RI    |
|   271 | 01:50:00 | 00:08:24 |        114 | 20-39      |   24 | M    | 470       | HORACIO    | VELKY         | CRANSTON        | RI    |
|   272 | 01:50:04 | 00:08:24 |        115 | 20-39      |   32 | M    | 303       | ABEL       | VILLALUAZO    | BRAINTREE       | MA    |
|   273 | 01:50:08 | 00:08:24 |         77 | 40-49      |   40 | M    | 466       | GREGORIO   | PECHT         | W DENNIS        | MA    |
|   274 | 01:50:22 | 00:08:25 |         19 | 50-59      |   50 | M    | 120       | MERLIN     | DECIO         | NEW MILFORD     | CT    |
|   275 | 01:50:27 | 00:08:26 |         47 | 20-39      |   32 | F    | 471       | AUDREA     | HIATT         | NEW BEDFORD     | MA    |
|   276 | 01:50:33 | 00:08:26 |         78 | 40-49      |   49 | M    | 444       | JAY        | GUDERIAN      | WARREN          | RI    |
|   277 | 01:50:36 | 00:08:27 |         48 | 20-39      |   37 | F    | 278       | JOLANDA    | BALDWYN       | WASHINGTON      | DC    |
|   278 | 01:50:57 | 00:08:28 |        116 | 20-39      |   39 | M    | 189       | ALEXANDER  | SCHARPMAN     | E PROVIDENCE    | RI    |
|   279 | 01:50:58 | 00:08:28 |          2 | 50-59      |   50 | F    | 87        | MIKAELA    | MCKEARIN      | WRENTHAM        | MA    |
|   280 | 01:51:00 | 00:08:28 |        117 | 20-39      |   27 | M    | 85        | MAJOR      | ROESSER       | GLOCESTER       | RI    |
|   281 | 01:51:03 | 00:08:29 |        118 | 20-39      |   37 | M    | 438       | MERRILL    | GALATI        | WESTPORT        | MA    |
|   282 | 01:51:23 | 00:08:30 |         10 | 40-49      |   42 | F    | 41        | MARGARETTE | PASZKIEWICZ   | N SCITUATE      | RI    |
|   283 | 01:51:37 | 00:08:31 |        119 | 20-39      |   39 | M    | 180       | JACQUES    | KOERPER       | LINCOLN         | RI    |
|   284 | 01:51:50 | 00:08:32 |         20 | 50-59      |   50 | M    | 279       | SHON       | OPAL          | HALIFAX         | MA    |
|   285 | 01:51:53 | 00:08:32 |        120 | 20-39      |   36 | M    | 433       | MILTON     | SUSMAN        | S BOSTON        | MA    |
|   286 | 01:51:57 | 00:08:33 |         79 | 40-49      |   41 | M    | 253       | ROSENDO    | VANSCHOIACK   | PORTSMOUTH      | RI    |
|   287 | 01:52:00 | 00:08:33 |         11 | 40-49      |   48 | F    | 241       | WILLA      | LIFSEY        | W LEBANON       | NH    |
|   288 | 01:52:14 | 00:08:34 |        121 | 20-39      |   22 | M    | 468       | KEN        | HAEDER        | KINGSTON        | RI    |
|   289 | 01:52:20 | 00:08:35 |        122 | 20-39      |   21 | M    | 472       | MYLES      | KRZESINSKI    | SEEKONK         | MA    |
|   290 | 01:52:26 | 00:08:35 |        123 | 20-39      |   38 | M    | 492       | WILLIE     | STONEFIELD    | WICKFORD        | RI    |
|   291 | 01:52:29 | 00:08:35 |         80 | 40-49      |   45 | M    | 43        | DUNCAN     | LAMAACK       | LAKEVILLE       | CT    |
|   292 | 01:52:34 | 00:08:36 |          3 | 60-98      |   65 | M    | 33        | JARROD     | ASKAM         | BURLINGTON      | MA    |
|   293 | 01:52:36 | 00:08:36 |         81 | 40-49      |   49 | M    | 131       | ERICH      | TEDESKO       | GREENWICH       | RI    |
|   294 | 01:52:38 | 00:08:36 |         49 | 20-39      |   31 | F    | 363       | BETSEY     | KLAVUHN       | SOUTHBORO       | MA    |
|   295 | 01:52:41 | 00:08:36 |         21 | 50-59      |   51 | M    | 95        | LOREN      | GINDER        | LINCOLN         | RI    |
|   296 | 01:52:42 | 00:08:36 |        124 | 20-39      |   35 | M    | 459       | MICAH      | BIGSBY        | EVANSVILLE      | IN    |
|   297 | 01:52:44 | 00:08:36 |        125 | 20-39      |   39 | M    | 310       | LUCIEN     | LAINSON       | NORHT PROV      | RI    |
|   298 | 01:52:47 | 00:08:37 |         50 | 20-39      |   29 | F    | 309       | CONCEPTION | BOAN          | PAWTUCKET       | RI    |
|   299 | 01:52:54 | 00:08:37 |         22 | 50-59      |   51 | M    | 140       | VITO       | SCHONINGER    | RICHMOND        | RI    |
|   300 | 01:53:02 | 00:08:38 |         51 | 20-39      |   29 | F    | 108       | OLIVIA     | FAISCA        | WEARE           | NH    |
|   301 | 01:53:07 | 00:08:38 |        126 | 20-39      |   23 | M    | 384       | TRAVIS     | STRED         | S BOSTON        | MA    |
|   302 | 01:53:10 | 00:08:38 |         52 | 20-39      |   39 | F    | 319       | ROSANNE    | VANHORNE      | PAWT            | RI    |
|   303 | 01:53:14 | 00:08:39 |         82 | 40-49      |   46 | M    | 222       | GALEN      | HORSTMAN      | WEARE           | NH    |
|   304 | 01:53:15 | 00:08:39 |        127 | 20-39      |   35 | M    | 198       | MORTON     | LAWMAN        | ASSONET         | MA    |
|   305 | 01:53:16 | 00:08:39 |         23 | 50-59      |   57 | M    | 482       | JONAH      | DIVELBISS     | CANTON          | RI    |
|   306 | 01:53:17 | 00:08:39 |        128 | 20-39      |   35 | M    | 351       | OMAR       | TURRENTINE    | E GREENWICH     | RI    |
|   307 | 01:53:18 | 00:08:39 |        129 | 20-39      |   32 | M    | 473       | TIMOTHY    | BENAFIELD     | FOSTER          | RI    |
|   308 | 01:53:19 | 00:08:39 |         53 | 20-39      |   37 | F    | 68        | KARRIE     | VEALE         | PAWTUCKET       | RI    |
|   309 | 01:53:22 | 00:08:39 |         83 | 40-49      |   49 | M    | 379       | SUNG       | RITZKE        | QUNICY          | MA    |
|   310 | 01:53:25 | 00:08:39 |         84 | 40-49      |   46 | M    | 377       | JAYSON     | MORAN         | WESTWOOD        | MA    |
|   311 | 01:53:26 | 00:08:40 |         85 | 40-49      |   44 | M    | 329       | ANDRE      | CARLEN        | S BOSTON        | MA    |
|   312 | 01:53:28 | 00:08:40 |         86 | 40-49      |   45 | M    | 136       | WHITNEY    | CAIRO         | ST CHARLES      | MO    |
|   313 | 01:53:47 | 00:08:41 |        130 | 20-39      |   39 | M    | 178       | KIP        | CREMONA       | NORWICH         | CT    |
|   314 | 01:53:52 | 00:08:42 |         24 | 50-59      |   52 | M    | 445       | MORTON     | KALMBACH      | PASCOAG         | RI    |
|   315 | 01:53:59 | 00:08:42 |         87 | 40-49      |   47 | M    | 219       | ISIDRO     | SEARCY        | W KINGTON       | RI    |
|   316 | 01:54:09 | 00:08:43 |        131 | 20-39      |   26 | M    | 210       | CHI        | SPITZER       | BROOKLINE       | MA    |
|   317 | 01:54:12 | 00:08:43 |        132 | 20-39      |   31 | M    | 115       | HERSCHEL   | WEINZIERL     | SMITHFIELD      | RI    |
|   318 | 01:54:14 | 00:08:43 |         54 | 20-39      |   25 | F    | 317       | ANGELA     | GABLE         | PLAINVILLE      | MA    |
|   319 | 01:54:24 | 00:08:44 |         55 | 20-39      |   34 | F    | 375       | WILLETTE   | FRONCE        | NPT             | RI    |
|   320 | 01:54:26 | 00:08:44 |         56 | 20-39      |   34 | F    | 487       | TERRILYN   | UEDA          | HOLLAND         | PA    |
|   321 | 01:54:28 | 00:08:44 |         57 | 20-39      |   21 | F    | 474       | JOETTE     | CHANCELLOR    | QUINCY          | MA    |
|   322 | 01:54:34 | 00:08:45 |         88 | 40-49      |   43 | M    | 404       | OMAR       | BODRICK       | CHARLESTOWN     | MA    |
|   323 | 01:54:41 | 00:08:45 |         58 | 20-39      |   34 | F    | 481       | DYAN       | SHADDUCK      | WEST WARWICK    | RI    |
|   324 | 01:54:45 | 00:08:46 |         59 | 20-39      |   24 | F    | 40        | CARLOTTA   | CAHOON        | HOLLAND         | PA    |
|   325 | 01:54:46 | 00:08:46 |        133 | 20-39      |   32 | M    | 27        | BOYD       | SCHERER       | TIVERTON        | RI    |
|   326 | 01:54:55 | 00:08:46 |        134 | 20-39      |   33 | M    | 292       | PORFIRIO   | STOECKLIN     | DAVIDSON        | NC    |
|   327 | 01:54:56 | 00:08:46 |          4 | 60-98      |   62 | M    | 103       | BRENDAN    | MARUCO        | PROVIDNCE       | RI    |
|   328 | 01:55:00 | 00:08:47 |         89 | 40-49      |   43 | M    | 238       | CAMERON    | DASO          | BELMONT         | MA    |
|   329 | 01:55:32 | 00:08:49 |        135 | 20-39      |   28 | M    | 419       | LEIGH      | WENNERSTEN    | WICKFORD        | RI    |
|   330 | 01:55:59 | 00:08:51 |         60 | 20-39      |   26 | F    | 441       | LEANNA     | PRATTEN       | LOWELL          | MA    |
|   331 | 01:56:10 | 00:08:52 |         90 | 40-49      |   41 | M    | 4         | LAMAR      | NEHME         | EAST PROV       | RI    |
|   332 | 01:56:14 | 00:08:52 |         61 | 20-39      |   33 | F    | 39        | GUDRUN     | COHRAN        | N PROV          | RI    |
|   333 | 01:56:19 | 00:08:53 |         12 | 40-49      |   42 | F    | 94        | LUBA       | PIN           | QUINCY          | MA    |
|   334 | 01:56:25 | 00:08:53 |         91 | 40-49      |   44 | M    | 20        | CARMEN     | KNEELAND      | PAWTUCKET       | RI    |
|   335 | 01:56:31 | 00:08:54 |         62 | 20-39      |   32 | F    | 38        | TERESE     | YUNES         | NEW BEDFORD     | MA    |
|   336 | 01:56:52 | 00:08:55 |         92 | 40-49      |   46 | M    | 388       | DANNIE     | GREENWELL     | NATICK          | MA    |
|   337 | 01:56:54 | 00:08:55 |         25 | 50-59      |   57 | M    | 354       | ALPHONSO   | THIERRY       | SMITHFIELD      | RI    |
|   338 | 01:56:55 | 00:08:55 |        136 | 20-39      |   36 | M    | 204       | AHMED      | BULTER        | W YARMOUTH      | MA    |
|   339 | 01:56:56 | 00:08:56 |         13 | 40-49      |   46 | F    | 440       | JOLYN      | REHSE         | W YARM          | MA    |
|   340 | 01:56:59 | 00:08:56 |         93 | 40-49      |   40 | M    | 413       | JAVIER     | KINABREW      | PAWTUCKET       | RI    |
|   341 | 01:57:05 | 00:08:56 |         63 | 20-39      |   29 | F    | 349       | CHUNG      | BASHIR        | ALLSTON         | MA    |
|   342 | 01:57:06 | 00:08:56 |         94 | 40-49      |   43 | M    | 227       | TREVOR     | PULLIAM       | SOUTHBORO       | MA    |
|   343 | 01:57:08 | 00:08:56 |         64 | 20-39      |   35 | F    | 455       | JANITA     | ANDOH         | NORHT PROV      | RI    |
|   344 | 01:57:10 | 00:08:57 |        137 | 20-39      |   35 | M    | 456       | SAL        | MAURAS        | LAKEVILLE       | MA    |
|   345 | 01:57:24 | 00:08:58 |         65 | 20-39      |   29 | F    | 429       | LELAH      | KOKOCINSKI    | CRANSTON        | RI    |
|   346 | 01:57:29 | 00:08:58 |        138 | 20-39      |   31 | M    | 428       | PHILLIP    | SEVIER        | ASSONET         | MA    |
|   347 | 01:57:36 | 00:08:59 |         66 | 20-39      |   35 | F    | 299       | TRINITY    | SCHNAKENBERG  | BRISTOL         | RI    |
|   348 | 01:57:38 | 00:08:59 |         26 | 50-59      |   52 | M    | 36        | EDDY       | BARLOW        | WEST WARWICK    | RI    |
|   349 | 01:57:40 | 00:08:59 |        139 | 20-39      |   30 | M    | 430       | DIRK       | LURRY         | BRAINTREE       | MA    |
|   350 | 01:57:42 | 00:08:59 |        140 | 20-39      |   39 | M    | 408       | MAXWELL    | HEMRIC        | RICHMOND        | RI    |
|   351 | 01:57:43 | 00:08:59 |         67 | 20-39      |   37 | F    | 371       | KELSEY     | HOGLAND       | WICKFORD        | RI    |
|   352 | 01:57:50 | 00:09:00 |         68 | 20-39      |   30 | F    | 246       | JESSIE     | BLATZ         | WRENTHAM        | MA    |
|   353 | 01:58:00 | 00:09:00 |         14 | 40-49      |   43 | F    | 288       | ARVILLA    | ZAVATSON      | FAIRHAVEN       | MA    |
|   354 | 01:58:09 | 00:09:01 |        141 | 20-39      |   38 | M    | 479       | DARIN      | SUAZO         | NEWTON          | MA    |
|   355 | 01:58:10 | 00:09:01 |        142 | 20-39      |   38 | M    | 150       | WILLY      | MCNELLIE      | JOHNSTON        | RI    |
|   356 | 01:58:11 | 00:09:01 |         69 | 20-39      |   31 | F    | 327       | ARICA      | CALDARONE     | HOPE            | RI    |
|   357 | 01:58:16 | 00:09:02 |         70 | 20-39      |   31 | F    | 357       | KINDRA     | GAVE          | FALL RIVER      | MA    |
|   358 | 01:58:37 | 00:09:03 |         71 | 20-39      |   39 | F    | 370       | NICHOLLE   | VANDEVSEN     | EAST PROV       | RI    |
|   359 | 01:59:12 | 00:09:06 |         95 | 40-49      |   49 | M    | 91        | KENT       | MANTEUFFEL    | W LEB           | NH    |
|   360 | 01:59:14 | 00:09:06 |         27 | 50-59      |   56 | M    | 31        | AUGUST     | RESPICIO      | BERKLEY         | MA    |
|   361 | 01:59:42 | 00:09:08 |         72 | 20-39      |   36 | F    | 161       | MYRTLE     | WOHNER        | ESSEX           | CT    |
|   362 | 02:00:00 | 00:09:10 |         73 | 20-39      |   31 | F    | 289       | MARIO      | BUFFORD       | PASCOAG         | RI    |
|   363 | 02:00:04 | 00:09:10 |         96 | 40-49      |   46 | M    | 426       | WALDO      | ARLIA         | SOMERVILLE      | MA    |
|   364 | 02:00:07 | 00:09:10 |         74 | 20-39      |   21 | F    | 260       | JANET      | HILK          | N SCITUATE      | RI    |
|   365 | 02:00:10 | 00:09:10 |         75 | 20-39      |   32 | F    | 201       | MARILYNN   | MCCANDLISH    | CAMB            | MA    |
|   366 | 02:00:12 | 00:09:11 |         76 | 20-39      |   32 | F    | 216       | ASHA       | HALLA         | STOUGHTON       | MA    |
|   367 | 02:00:13 | 00:09:11 |        143 | 20-39      |   38 | M    | 160       | FORREST    | NAZARIAN      | PASCOAG         | RI    |
|   368 | 02:00:14 | 00:09:11 |         77 | 20-39      |   28 | F    | 149       | ALLEGRA    | SHONE         | WAKEFIELD       | RI    |
|   369 | 02:00:16 | 00:09:11 |          5 | 60-98      |   60 | M    | 435       | AUGUSTUS   | VANDAL        | W NEWTON        | MA    |
|   370 | 02:00:19 | 00:09:11 |         97 | 40-49      |   47 | M    | 326       | ARNULFO    | RYEN          | BERKLEY         | MA    |
|   371 | 02:00:22 | 00:09:11 |         98 | 40-49      |   45 | M    | 62        | BILLY      | HADNOTT       | KINGSTOWN       | RI    |
|   372 | 02:00:23 | 00:09:11 |         99 | 40-49      |   43 | M    | 409       | OSCAR      | SARZYNSKI     | E GREENVILLE    | MA    |
|   373 | 02:00:24 | 00:09:11 |          3 | 50-59      |   51 | F    | 259       | RASHEEDA   | BOEHLER       | W LEB           | NH    |
|   374 | 02:00:27 | 00:09:12 |         28 | 50-59      |   52 | M    | 32        | JACKSON    | ZUCKERMAN     | PASCOAG         | RI    |
|   375 | 02:00:41 | 00:09:13 |         78 | 20-39      |   27 | F    | 117       | ESTRELLA   | ORGERON       | FAIRHAVEN       | MA    |
|   376 | 02:00:02 | 00:09:10 |         15 | 40-49      |   43 | F    | 183       | ALISIA     | WALKINSHAW    | STOUGHTON       | MA    |
|   377 | 02:00:03 | 00:09:10 |         16 | 40-49      |   44 | F    | 313       | VANNA      | MATEJEK       | ARLINGTON       | MA    |
|   378 | 02:00:04 | 00:09:10 |         79 | 20-39      |   35 | F    | 170       | TORRIE     | HEIMRICH      | DAVIDSON        | NC    |
|   379 | 02:00:07 | 00:09:10 |        144 | 20-39      |   38 | M    | 223       | CLYDE      | KAFTON        | QUECHEL         | VT    |
|   380 | 02:00:11 | 00:09:10 |        100 | 40-49      |   48 | M    | 77        | BERNARD    | ZMIJEWSKI     | EAST PROV       | RI    |
|   381 | 02:00:13 | 00:09:11 |        145 | 20-39      |   29 | M    | 116       | HOLLIS     | TORMA         | W WARWICK       | RI    |
|   382 | 02:02:18 | 00:09:20 |         80 | 20-39      |   31 | F    | 74        | NANCIE     | JOOR          | PAWT            | RI    |
|   383 | 02:02:30 | 00:09:21 |        101 | 40-49      |   41 | M    | 21        | DONOVAN    | BAGNALL       | FOSTER          | RI    |
|   384 | 02:02:45 | 00:09:22 |         81 | 20-39      |   33 | F    | 63        | GENE       | MENDILLO      | W WARWICK       | RI    |
|   385 | 02:03:14 | 00:09:24 |         82 | 20-39      |   31 | F    | 137       | SHANI      | STIEHM        | SOUTHBORO       | MA    |
|   386 | 02:03:15 | 00:09:25 |         83 | 20-39      |   27 | F    | 129       | MARGENE    | MELING        | BROOKLINE       | MA    |
|   387 | 02:03:31 | 00:09:26 |         84 | 20-39      |   27 | F    | 353       | ERNESTINE  | DERSCH        | ARLINGTON       | MA    |
|   388 | 02:03:48 | 00:09:27 |         85 | 20-39      |   34 | F    | 486       | RONNI      | MOTTOLA       | QUNICY          | MA    |
|   389 | 02:03:59 | 00:09:28 |         86 | 20-39      |   35 | F    | 485       | BARABARA   | POLYCARPE     | BELMONT         | MA    |
|   390 | 02:04:02 | 00:09:28 |          1 | 01-19      |   18 | F    | 154       | JOELLA     | ARBOLIDA      | PROVIDNCE       | RI    |
|   391 | 02:04:06 | 00:09:28 |         87 | 20-39      |   34 | F    | 487       | ADRIAN     | BACHMAN       | HIGGANUM        | CT    |
|   392 | 02:04:13 | 00:09:29 |         17 | 40-49      |   46 | F    | 9         | SHENA      | OHLENSEHLEN   | NORTHFORD       | CT    |
|   393 | 02:04:14 | 00:09:29 |         88 | 20-39      |   33 | F    | 53        | DOMENICA   | RENOUF        | PLYMOUTH        | MA    |
|   394 | 02:04:15 | 00:09:29 |         29 | 50-59      |   58 | M    | 122       | KIRK       | DESAUTELLE    | GREENWICH       | RI    |
|   395 | 02:04:32 | 00:09:30 |         89 | 20-39      |   37 | F    | 174       | ALBA       | ALFORD        | PROVIDNCE       | RI    |
|   396 | 02:04:34 | 00:09:31 |         90 | 20-39      |   37 | F    | 153       | LEZLIE     | MURAKAMI      | RICHMOND        | RI    |
|   397 | 02:04:35 | 00:09:31 |        146 | 20-39      |   39 | M    | 143       | MERLE      | GONNEVILLE    | CAROLINA        | RI    |
|   398 | 02:04:37 | 00:09:31 |         18 | 40-49      |   42 | F    | 432       | TRINH      | SOQUI         | STONINGTON      | CT    |
|   399 | 02:04:46 | 00:09:31 |         30 | 50-59      |   52 | M    | 75        | BILL       | VENINGA       | COVENTRY        | RI    |
|   400 | 02:04:48 | 00:09:32 |         19 | 40-49      |   40 | F    | 171       | SYLVIE     | LAABS         | GREENVILLE      | RI    |
|   401 | 02:04:51 | 00:09:32 |         20 | 40-49      |   46 | F    | 277       | SUMMER     | LAGERGREN     | ESSEX           | CT    |
|   402 | 02:04:56 | 00:09:32 |        102 | 40-49      |   42 | M    | 144       | DON        | TANWEER       | ST CHARLES      | MO    |
|   403 | 02:04:59 | 00:09:32 |        103 | 40-49      |   42 | M    | 172       | COLTON     | FRIZELL       | W YARMOUTH      | MA    |
|   404 | 02:05:06 | 00:09:33 |         91 | 20-39      |   36 | F    | 250       | LOUELLA    | NEDVED        | TIVERTON        | RI    |
|   405 | 02:05:15 | 00:09:34 |          6 | 60-98      |   74 | M    | 139       | PORTER     | KIKUCHI       | NARRAGANSETT    | RI    |
|   406 | 02:05:21 | 00:09:34 |          7 | 60-98      |   61 | M    | 156       | NOLAN      | DUROSEAU      | WARWICK         | RI    |
|   407 | 02:05:27 | 00:09:35 |         92 | 20-39      |   31 | F    | 243       | EUSTOLIA   | STEGEMAN      | GREENWICH       | RI    |
|   408 | 02:05:32 | 00:09:35 |         93 | 20-39      |   35 | F    | 452       | AFTON      | MERKT         | W YARMOUTH      | MA    |
|   409 | 02:05:48 | 00:09:36 |         94 | 20-39      |   22 | F    | 12        | DAVINA     | EHSAN         | JOHNSTON        | RI    |
|   410 | 02:06:05 | 00:09:37 |         95 | 20-39      |   22 | F    | 290       | PAOLA      | CARTIER       | DAVIDSON        | NC    |
|   411 | 02:06:09 | 00:09:38 |         96 | 20-39      |   29 | F    | 385       | TORA       | PARZIALE      | DAVIDSON        | NC    |
|   412 | 02:06:42 | 00:09:40 |         31 | 50-59      |   51 | M    | 28        | KURTIS     | CRUTCHEV      | WESTWOOD        | MA    |
|   413 | 02:06:53 | 00:09:41 |         97 | 20-39      |   35 | F    | 424       | BLANCH     | SCHWABAUER    | WARWICK         | RI    |
|   414 | 02:06:54 | 00:09:41 |         32 | 50-59      |   54 | M    | 372       | FLETCHER   | DUTEAU        | STONINGTON      | CT    |
|   415 | 02:07:27 | 00:09:44 |        104 | 40-49      |   43 | M    | 403       | ELVIN      | BELLOW        | HAMDEN          | CT    |
|   416 | 02:07:36 | 00:09:44 |        105 | 40-49      |   48 | M    | 104       | ELISHA     | PETROFF       | BROOKLINE       | MA    |
|   417 | 02:07:37 | 00:09:45 |         21 | 40-49      |   44 | F    | 436       | ETHELENE   | PACAPAC       | CUMB            | RI    |
|   418 | 02:07:38 | 00:09:45 |        106 | 40-49      |   43 | M    | 465       | STACY      | RAMIEZ        | WEYMOUTH        | MA    |
|   419 | 02:07:49 | 00:09:45 |         98 | 20-39      |   38 | F    | 196       | TENNILLE   | PEROUTKA      | CANTON          | RI    |
|   420 | 02:08:08 | 00:09:47 |        147 | 20-39      |   30 | M    | 331       | DORSEY     | KERBER        | PASCOAG         | RI    |
|   421 | 02:08:11 | 00:09:47 |         99 | 20-39      |   35 | F    | 191       | DELINDA    | KRAVETSKY     | PASCOAG         | RI    |
|   422 | 02:08:21 | 00:09:48 |        100 | 20-39      |   37 | F    | 427       | TOSHIKO    | UNAVAILABLE   | CUMBERLAND      | RI    |
|   423 | 02:09:14 | 00:09:52 |        148 | 20-39      |   35 | M    | 102       | GARLAND    | WASSEL        | STOUGHTON       | MA    |
|   424 | 02:09:22 | 00:09:53 |         22 | 40-49      |   43 | F    | 3         | TAMMIE     | VAINIO        | PAWTUCKET       | RI    |
|   425 | 02:09:23 | 00:09:53 |         33 | 50-59      |   50 | M    | 165       | JOSHUA     | FRIEDLAND     | BURLINGTON      | MA    |
|   426 | 02:09:45 | 00:09:54 |        149 | 20-39      |   38 | M    | 8         | ARON       | RAGER         | CHARLESTOWN     | MA    |
|   427 | 02:09:54 | 00:09:55 |        101 | 20-39      |   25 | F    | 106       | CAROLYN    | BALLOON       | FOSTER          | RI    |
|   428 | 02:10:05 | 00:09:56 |        150 | 20-39      |   33 | M    | 328       | DWAIN      | AMADO         | LITTLE FERRY    | NJ    |
|   429 | 02:10:09 | 00:09:56 |        107 | 40-49      |   47 | M    | 207       | ALLAN      | GERGEL        | SCITUATE        | RI    |
|   430 | 02:10:23 | 00:09:57 |        151 | 20-39      |   34 | M    | 295       | RUSSELL    | KUCHTA        | NEPTUNE BEACH   | FL    |
|   431 | 02:10:56 | 00:10:00 |        108 | 40-49      |   49 | M    | 23        | DEAN       | MITTLER       | NORHT PROV      | RI    |
|   432 | 02:11:02 | 00:10:00 |        102 | 20-39      |   33 | F    | 224       | TANGELA    | BROKS         | SOUTHBORO       | MA    |
|   433 | 02:11:31 | 00:10:02 |        103 | 20-39      |   39 | F    | 330       | HYE        | FRASCHILLA    | RICHMOND        | RI    |
|   434 | 02:11:33 | 00:10:03 |        104 | 20-39      |   27 | F    | 188       | CARROL     | MENDIETA      | E PROVIDENCE    | RI    |
|   435 | 02:12:17 | 00:10:06 |        109 | 40-49      |   42 | M    | 1         | WILLIAMS   | LAGRONE       | NEW MILFORD     | CT    |
|   436 | 02:13:10 | 00:10:10 |        110 | 40-49      |   46 | M    | 261       | DENNY      | SIEBEL        | W NEWTON        | MA    |
|   437 | 02:13:24 | 00:10:11 |        105 | 20-39      |   30 | F    | 252       | NORIKO     | LUDLUM        | CRANSTON        | RI    |
|   438 | 02:13:25 | 00:10:11 |        152 | 20-39      |   34 | M    | 254       | ROGELIO    | NIEVES        | W KINGTON       | RI    |
|   439 | 02:13:30 | 00:10:11 |        106 | 20-39      |   38 | F    | 130       | POLLY      | ERKELA        | HALIFAX         | MA    |
|   440 | 02:13:58 | 00:10:14 |        107 | 20-39      |   35 | F    | 110       | MALINDA    | BODLEY        | N SMITHFIELD    | RI    |
|   441 | 02:14:10 | 00:10:15 |        111 | 40-49      |   42 | M    | 105       | SOL        | FILIPPONI     | RICHMOND        | RI    |
|   442 | 02:15:37 | 00:10:21 |        112 | 40-49      |   40 | M    | 14        | WAYLON     | MENSINGER     | JP              | MA    |
|   443 | 02:15:44 | 00:10:22 |        108 | 20-39      |   28 | F    | 98        | DEVIN      | SCHUETZ       | SOUTHBRIDGE     | MA    |
|   444 | 02:15:46 | 00:10:22 |        109 | 20-39      |   26 | F    | 112       | BRITTENY   | GUMMO         | BROOKLINE       | MA    |
|   445 | 02:16:00 | 00:10:23 |        153 | 20-39      |   32 | M    | 97        | JASPER     | KAUCHER       | POMFRET         | CT    |
|   446 | 02:16:51 | 00:10:27 |         23 | 40-49      |   44 | F    | 186       | GEORGIANNE | SCHOW         | S BOSTON        | MA    |
|   447 | 02:17:34 | 00:10:30 |        110 | 20-39      |   23 | F    | 72        | KATHEY     | CHURCHILL     | HALIFAX         | MA    |
|   448 | 02:18:27 | 00:10:34 |         34 | 50-59      |   51 | M    | 142       | BARNEY     | FAHRENTHOLD   | CANTON          | RI    |
|   449 | 02:19:10 | 00:10:37 |        111 | 20-39      |   34 | F    | 141       | CECILLE    | HIGHBAUGH     | N KINGSTOWN     | RI    |
|   450 | 02:20:54 | 00:10:45 |        112 | 20-39      |   29 | F    | 57        | ANH        | DONIEL        | WARREN          | RI    |
|   451 | 02:21:14 | 00:10:47 |        113 | 40-49      |   44 | M    | 285       | NOE        | WILTSE        | CAROLINA        | RI    |
|   452 | 02:22:11 | 00:10:51 |          1 | 99-+       |   99 | F    | 22        | KEMBERLY   | FRALIC        | NPT             | RI    |
|   453 | 02:22:39 | 00:10:53 |         24 | 40-49      |   44 | F    | 179       | MARIANELA  | GERMANA       | EAST PROV       | RI    |
|   454 | 02:23:49 | 00:10:59 |        154 | 20-39      |   35 | M    | 343       | LINDSEY    | MANGUAL       | WRENTHAM        | MA    |
|   455 | 02:24:09 | 00:11:00 |        155 | 20-39      |   34 | M    | 169       | LACY       | KAWAGUCHI     | EAST PROV       | RI    |
|   456 | 02:24:42 | 00:11:03 |        156 | 20-39      |   35 | M    | 346       | MYLES      | KOLBO         | DEERFIELD       | NH    |
|   457 | 02:25:56 | 00:11:08 |         25 | 40-49      |   44 | F    | 59        | ELLIS      | KOUTRAS       | FAIRHAVEN       | MA    |
|   458 | 02:27:23 | 00:11:15 |         35 | 50-59      |   52 | M    | 203       | PIERRE     | RESNICK       | CRANSTON        | RI    |
|   459 | 02:28:41 | 00:11:21 |        157 | 20-39      |   25 | M    | 325       | TEDDY      | LOMEDICO      | CAMB            | MA    |
|   460 | 02:33:43 | 00:11:44 |        113 | 20-39      |   37 | F    | 294       | MILAGRO    | HALALIKY      | WEST WARWICK    | RI    |
|   461 | 02:33:59 | 00:11:45 |        158 | 20-39      |   31 | M    | 324       | MAX        | MONTRELLA     | LINCOLN         | RI    |
|   462 | 02:37:23 | 00:12:01 |         26 | 40-49      |   42 | F    | 17        | JANNIE     | LATSHAW       | QUNICY          | MA    |
|   463 | 02:41:04 | 00:12:18 |        114 | 20-39      |   34 | F    | 304       | FAIRY      | BOHLSEN       | CAMBRIDGE       | MA    |
+-------+----------+----------+------------+------------+------+------+-----------+------------+---------------+-----------------+-------+
463 rows in set (0.01 sec)

--------------
SELECT COUNT(*) FROM Marathon
--------------

+----------+
| COUNT(*) |
+----------+
|      463 |
+----------+
1 row in set (0.00 sec)

--------------
DROP TABLE Marathon
--------------

Query OK, 0 rows affected (0.01 sec)

--------------
SHOW TABLES
--------------

Empty set (0.00 sec)

mysql> notee;
