mysql> source INN/INN-script.sql
--------------
DROP TABLE IF EXISTS Reservations, Rooms
--------------

Query OK, 0 rows affected, 2 warnings (0.01 sec)

--------------
CREATE TABLE Rooms(
   RoomId CHAR(3),
   roomName VARCHAR(25),
   beds INT,
   bedType VARCHAR(20),
   maxOccupancy INT,
   basePrice INT,
   decor VARCHAR(20),
   PRIMARY KEY (RoomId),
   UNIQUE (roomName)
   )
--------------

Query OK, 0 rows affected (0.02 sec)

--------------
CREATE TABLE Reservations(
   Code INT,
   Room CHAR(3),
   CheckIn DATE,
   CheckOut DATE,
   Rate FLOAT,
   LastName VARCHAR(15),
   FirstName VARCHAR(15),
   Adults INT DEFAULT 1,
   Kids INT,
   PRIMARY KEY (Code),
   FOREIGN KEY (Room) REFERENCES Rooms(RoomId)
   )
--------------

Query OK, 0 rows affected (0.02 sec)

--------------
SHOW TABLES
--------------

+-------------------+
| Tables_in_adinh03 |
+-------------------+
| Reservations      |
| Rooms             |
+-------------------+
2 rows in set (0.00 sec)

--------------
INSERT INTO Rooms VALUES('RND', 'Recluse and defiance', 1, 'King', 2, 150, 'modern')
--------------

Query OK, 1 row affected (0.01 sec)

--------------
INSERT INTO Rooms VALUES('IBS', 'Interim but salutary', 1, 'King', 2, 150, 'traditional')
--------------

Query OK, 1 row affected (0.01 sec)

--------------
INSERT INTO Rooms VALUES('AOB', 'Abscond or bolster', 2, 'Queen', 4, 175, 'traditional')
--------------

Query OK, 1 row affected (0.01 sec)

--------------
INSERT INTO Rooms VALUES('MWC', 'Mendicant with cryptic', 2, 'Double', 4, 125, 'modern')
--------------

Query OK, 1 row affected (0.01 sec)

--------------
INSERT INTO Rooms VALUES('HBB', 'Harbinger but bequest', 1, 'Queen', 2, 100, 'modern')
--------------

Query OK, 1 row affected (0.02 sec)

--------------
INSERT INTO Rooms VALUES('IBD', 'Immutable before decorum', 2, 'Queen', 4, 150, 'rustic')
--------------

Query OK, 1 row affected (0.01 sec)

--------------
INSERT INTO Rooms VALUES('TAA', 'Thrift and accolade', 1, 'Double', 2, 75, 'modern')
--------------

Query OK, 1 row affected (0.01 sec)

--------------
INSERT INTO Rooms VALUES('CAS', 'Convoke and sanguine', 2, 'King', 4, 175, 'traditional')
--------------

Query OK, 1 row affected (0.01 sec)

--------------
INSERT INTO Rooms VALUES('RTE', 'Riddle to exculpate', 2, 'Queen', 4, 175, 'rustic')
--------------

Query OK, 1 row affected (0.01 sec)

--------------
INSERT INTO Rooms VALUES('FNA', 'Frugal not apropos', 2, 'King', 4, 250, 'traditional')
--------------

Query OK, 1 row affected (0.02 sec)

--------------
INSERT INTO Reservations VALUES(47496, 'RND', '2010/01/01', '2010/01/06', 150.00, 'KLEVER', 'ERASMO', 1, 0)
--------------

Query OK, 1 row affected (0.01 sec)

--------------
INSERT INTO Reservations VALUES(41112, 'RND', '2010/01/06', '2010/01/11', 135.00, 'HOOLEY', 'EUGENIO', 1, 0)
--------------

Query OK, 1 row affected (0.01 sec)

--------------
INSERT INTO Reservations VALUES(76809, 'RND', '2010/01/12', '2010/01/14', 187.50, 'WISWELL', 'JERROD', 1, 0)
--------------

Query OK, 1 row affected (0.01 sec)

--------------
INSERT INTO Reservations VALUES(70172, 'RND', '2010/01/23', '2010/01/25', 150.00, 'ALMANZA', 'PHEBE', 1, 0)
--------------

Query OK, 1 row affected (0.01 sec)

--------------
INSERT INTO Reservations VALUES(44358, 'RND', '2010/01/25', '2010/01/27', 150.00, 'BOBROW', 'CLINTON', 2, 0)
--------------

Query OK, 1 row affected (0.02 sec)

--------------
INSERT INTO Reservations VALUES(55344, 'RND', '2010/01/30', '2010/01/31', 135.00, 'RENSCH', 'LIANA', 1, 0)
--------------

Query OK, 1 row affected (0.01 sec)

--------------
INSERT INTO Reservations VALUES(99471, 'RND', '2010/01/31', '2010/02/01', 135.00, 'ABRAHAMS', 'ANNETT', 1, 0)
--------------

Query OK, 1 row affected (0.01 sec)

--------------
INSERT INTO Reservations VALUES(81473, 'RND', '2010/02/01', '2010/02/02', 127.50, 'EVERITT', 'YUK', 1, 1)
--------------

Query OK, 1 row affected (0.01 sec)

--------------
INSERT INTO Reservations VALUES(49253, 'RND', '2010/02/03', '2010/02/06', 150.00, 'NANI', 'GARRY', 1, 0)
--------------

Query OK, 1 row affected (0.01 sec)

--------------
INSERT INTO Reservations VALUES(16748, 'RND', '2010/02/21', '2010/02/23', 135.00, 'KLIMKO', 'DONTE', 1, 0)
--------------

Query OK, 1 row affected (0.02 sec)

--------------
INSERT INTO Reservations VALUES(69316, 'RND', '2010/02/26', '2010/03/07', 150.00, 'SULOUFF', 'JESSICA', 1, 0)
--------------

Query OK, 1 row affected (0.00 sec)

--------------
INSERT INTO Reservations VALUES(69844, 'RND', '2010/03/07', '2010/03/11', 172.50, 'BONIOL', 'CLINT', 1, 0)
--------------

Query OK, 1 row affected (0.01 sec)

--------------
INSERT INTO Reservations VALUES(96839, 'RND', '2010/03/11', '2010/03/12', 150.00, 'ARANAS', 'ROD', 1, 0)
--------------

Query OK, 1 row affected (0.00 sec)

--------------
INSERT INTO Reservations VALUES(43911, 'RND', '2010/03/12', '2010/03/13', 127.50, 'NEIN', 'TEODORO', 1, 0)
--------------

Query OK, 1 row affected (0.00 sec)

--------------
INSERT INTO Reservations VALUES(48382, 'RND', '2010/03/13', '2010/03/14', 150.00, 'SCHLADWEILER', 'ELEASE', 1, 0)
--------------

Query OK, 1 row affected (0.01 sec)

--------------
INSERT INTO Reservations VALUES(77032, 'RND', '2010/03/14', '2010/03/17', 172.50, 'FRANC', 'HERBERT', 1, 0)
--------------

Query OK, 1 row affected (0.01 sec)

--------------
INSERT INTO Reservations VALUES(30043, 'RND', '2010/03/17', '2010/03/18', 150.00, 'HELFRITZ', 'RHEA', 2, 0)
--------------

Query OK, 1 row affected (0.01 sec)

--------------
INSERT INTO Reservations VALUES(48539, 'RND', '2010/03/21', '2010/03/28', 135.00, 'CHINAULT', 'EDWARDO', 2, 0)
--------------

Query OK, 1 row affected (0.01 sec)

--------------
INSERT INTO Reservations VALUES(23850, 'RND', '2010/04/11', '2010/04/17', 150.00, 'PENNELLA', 'LAKIA', 2, 0)
--------------

Query OK, 1 row affected (0.01 sec)

--------------
INSERT INTO Reservations VALUES(97303, 'RND', '2010/04/21', '2010/04/30', 150.00, 'WAEGNER', 'STANFORD', 1, 0)
--------------

Query OK, 1 row affected (0.00 sec)

--------------
INSERT INTO Reservations VALUES(21553, 'RND', '2010/05/01', '2010/05/05', 172.50, 'MECHLING', 'KERRI', 1, 0)
--------------

Query OK, 1 row affected (0.00 sec)

--------------
INSERT INTO Reservations VALUES(28465, 'RND', '2010/05/05', '2010/05/06', 150.00, 'SALLE', 'SANTANA', 1, 0)
--------------

Query OK, 1 row affected (0.01 sec)

--------------
INSERT INTO Reservations VALUES(62147, 'RND', '2010/05/06', '2010/05/13', 135.00, 'BURCHAM', 'JONATHON', 1, 1)
--------------

Query OK, 1 row affected (0.01 sec)

--------------
INSERT INTO Reservations VALUES(38368, 'RND', '2010/05/30', '2010/06/06', 150.00, 'FOCKE', 'HONEY', 1, 1)
--------------

Query OK, 1 row affected (0.01 sec)

--------------
INSERT INTO Reservations VALUES(48822, 'RND', '2010/06/08', '2010/06/12', 187.50, 'HULETTE', 'DARIUS', 1, 0)
--------------

Query OK, 1 row affected (0.02 sec)

--------------
INSERT INTO Reservations VALUES(18822, 'RND', '2010/06/12', '2010/06/14', 150.00, 'NORN', 'GARLAND', 2, 0)
--------------

Query OK, 1 row affected (0.00 sec)

--------------
INSERT INTO Reservations VALUES(34034, 'RND', '2010/06/14', '2010/06/20', 172.50, 'GABBETT', 'ALLEN', 1, 0)
--------------

Query OK, 1 row affected (0.01 sec)

--------------
INSERT INTO Reservations VALUES(52470, 'RND', '2010/06/20', '2010/06/21', 127.50, 'BAIRAM', 'BRADLY', 1, 1)
--------------

Query OK, 1 row affected (0.00 sec)

--------------
INSERT INTO Reservations VALUES(95709, 'RND', '2010/06/21', '2010/07/02', 135.00, 'TRUDEN', 'LEWIS', 1, 0)
--------------

Query OK, 1 row affected (0.01 sec)

--------------
INSERT INTO Reservations VALUES(93984, 'RND', '2010/07/02', '2010/07/03', 187.50, 'DEBARDELABEN', 'NELL', 1, 0)
--------------

Query OK, 1 row affected (0.00 sec)

--------------
INSERT INTO Reservations VALUES(76245, 'RND', '2010/07/18', '2010/07/19', 150.00, 'TOSTI', 'DAN', 1, 1)
--------------

Query OK, 1 row affected (0.01 sec)

--------------
INSERT INTO Reservations VALUES(30300, 'RND', '2010/07/19', '2010/07/20', 135.00, 'PRIAL', 'MYLES', 1, 0)
--------------

Query OK, 1 row affected (0.01 sec)

--------------
INSERT INTO Reservations VALUES(70440, 'RND', '2010/07/23', '2010/07/27', 150.00, 'DEVEY', 'GIUSEPPE', 1, 0)
--------------

Query OK, 1 row affected (0.02 sec)

--------------
INSERT INTO Reservations VALUES(44933, 'RND', '2010/07/27', '2010/07/29', 150.00, 'FURIA', 'ELWANDA', 2, 0)
--------------

Query OK, 1 row affected (0.01 sec)

--------------
INSERT INTO Reservations VALUES(63458, 'RND', '2010/07/31', '2010/08/01', 172.50, 'LELEUX', 'PORTER', 1, 1)
--------------

Query OK, 1 row affected (0.01 sec)

--------------
INSERT INTO Reservations VALUES(78964, 'RND', '2010/08/05', '2010/08/06', 150.00, 'SPERAZZA', 'WILBUR', 2, 0)
--------------

Query OK, 1 row affected (0.01 sec)

--------------
INSERT INTO Reservations VALUES(64503, 'RND', '2010/08/06', '2010/08/11', 172.50, 'MAURER', 'TEODORO', 2, 0)
--------------

Query OK, 1 row affected (0.01 sec)

--------------
INSERT INTO Reservations VALUES(15534, 'RND', '2010/08/28', '2010/09/01', 150.00, 'GAUD', 'REINALDO', 1, 0)
--------------

Query OK, 1 row affected (0.02 sec)

--------------
INSERT INTO Reservations VALUES(87560, 'RND', '2010/09/01', '2010/09/02', 150.00, 'SABALA', 'MORTON', 1, 0)
--------------

Query OK, 1 row affected (0.01 sec)

--------------
INSERT INTO Reservations VALUES(59083, 'RND', '2010/09/03', '2010/09/10', 172.50, 'HARTFORD', 'NATHANAEL', 2, 0)
--------------

Query OK, 1 row affected (0.01 sec)

--------------
INSERT INTO Reservations VALUES(91895, 'RND', '2010/09/10', '2010/09/11', 150.00, 'BLADE', 'RUBEN', 1, 0)
--------------

Query OK, 1 row affected (0.01 sec)

--------------
INSERT INTO Reservations VALUES(65416, 'RND', '2010/09/11', '2010/09/13', 127.50, 'STRICK', 'NICHOLLE', 1, 0)
--------------

Query OK, 1 row affected (0.01 sec)

--------------
INSERT INTO Reservations VALUES(94375, 'RND', '2010/09/13', '2010/09/19', 150.00, 'WEGER', 'TOBY', 1, 0)
--------------

Query OK, 1 row affected (0.02 sec)

--------------
INSERT INTO Reservations VALUES(69494, 'RND', '2010/09/21', '2010/09/22', 135.00, 'MINDEN', 'STACEY', 1, 0)
--------------

Query OK, 1 row affected (0.00 sec)

--------------
INSERT INTO Reservations VALUES(14845, 'RND', '2010/09/27', '2010/09/30', 150.00, 'ROTCH', 'FLORIDA', 1, 1)
--------------

Query OK, 1 row affected (0.01 sec)

--------------
INSERT INTO Reservations VALUES(10449, 'RND', '2010/09/30', '2010/10/01', 150.00, 'KLESS', 'NELSON', 1, 0)
--------------

Query OK, 1 row affected (0.00 sec)

--------------
INSERT INTO Reservations VALUES(28494, 'RND', '2010/10/01', '2010/10/13', 135.00, 'DERKAS', 'GUS', 1, 0)
--------------

Query OK, 1 row affected (0.01 sec)

--------------
INSERT INTO Reservations VALUES(67343, 'RND', '2010/10/14', '2010/10/25', 172.50, 'ALBROUGH', 'OLYMPIA', 2, 0)
--------------

Query OK, 1 row affected (0.01 sec)

--------------
INSERT INTO Reservations VALUES(63293, 'RND', '2010/10/25', '2010/11/01', 127.50, 'KUTA', 'HERMAN', 1, 1)
--------------

Query OK, 1 row affected (0.01 sec)

--------------
INSERT INTO Reservations VALUES(55551, 'RND', '2010/11/04', '2010/11/08', 127.50, 'COOKUS', 'KASHA', 2, 0)
--------------

Query OK, 1 row affected (0.01 sec)

--------------
INSERT INTO Reservations VALUES(57705, 'RND', '2010/11/12', '2010/11/15', 172.50, 'ROTHMAN', 'GLENNIS', 1, 0)
--------------

Query OK, 1 row affected (0.02 sec)

--------------
INSERT INTO Reservations VALUES(48532, 'RND', '2010/11/20', '2010/11/22', 135.00, 'VANDEBRINK', 'TRESSIE', 1, 0)
--------------

Query OK, 1 row affected (0.01 sec)

--------------
INSERT INTO Reservations VALUES(32049, 'RND', '2010/11/22', '2010/12/04', 135.00, 'PANOS', 'LESTER', 1, 1)
--------------

Query OK, 1 row affected (0.01 sec)

--------------
INSERT INTO Reservations VALUES(54369, 'RND', '2010/12/04', '2010/12/06', 172.50, 'MULE', 'DIONNA', 1, 0)
--------------

Query OK, 1 row affected (0.01 sec)

--------------
INSERT INTO Reservations VALUES(24667, 'RND', '2010/12/08', '2010/12/09', 187.50, 'BAUGUESS', 'ERYN', 1, 0)
--------------

Query OK, 1 row affected (0.01 sec)

--------------
INSERT INTO Reservations VALUES(68385, 'RND', '2010/12/10', '2010/12/12', 172.50, 'ALBERO', 'ABBEY', 1, 0)
--------------

Query OK, 1 row affected (0.01 sec)

--------------
INSERT INTO Reservations VALUES(46577, 'RND', '2010/12/12', '2010/12/14', 135.00, 'MAURER', 'TEODORO', 1, 0)
--------------

Query OK, 1 row affected (0.01 sec)

--------------
INSERT INTO Reservations VALUES(41783, 'RND', '2010/12/19', '2010/12/20', 187.50, 'LEDOUX', 'LENA', 1, 0)
--------------

Query OK, 1 row affected (0.01 sec)

--------------
INSERT INTO Reservations VALUES(30020, 'RND', '2010/12/21', '2010/12/28', 135.00, 'PORTO', 'MARIANO', 1, 1)
--------------

Query OK, 1 row affected (0.01 sec)

--------------
INSERT INTO Reservations VALUES(26701, 'RND', '2010/12/28', '2010/12/30', 150.00, 'DEJAEGER', 'WELDON', 2, 0)
--------------

Query OK, 1 row affected (0.00 sec)

--------------
INSERT INTO Reservations VALUES(69598, 'RND', '2010/12/30', '2010/12/31', 150.00, 'RENIER', 'MARCELLUS', 1, 0)
--------------

Query OK, 1 row affected (0.01 sec)

--------------
INSERT INTO Reservations VALUES(97512, 'RND', '2010/12/31', '2011/01/02', 150.00, 'FRAILEY', 'JUANITA', 1, 0)
--------------

Query OK, 1 row affected (0.02 sec)

--------------
INSERT INTO Reservations VALUES(74548, 'IBS', '2010/01/13', '2010/01/16', 172.50, 'BORROMEO', 'EBONY', 1, 1)
--------------

Query OK, 1 row affected (0.01 sec)

--------------
INSERT INTO Reservations VALUES(89123, 'IBS', '2010/01/20', '2010/01/30', 172.50, 'GISSLER', 'EFRAIN', 1, 0)
--------------

Query OK, 1 row affected (0.01 sec)

--------------
INSERT INTO Reservations VALUES(77967, 'IBS', '2010/01/30', '2010/02/06', 172.50, 'MCNEELEY', 'ARTHUR', 1, 0)
--------------

Query OK, 1 row affected (0.01 sec)

--------------
INSERT INTO Reservations VALUES(62333, 'IBS', '2010/02/06', '2010/02/07', 150.00, 'ABATIELL', 'CATHRYN', 2, 0)
--------------

Query OK, 1 row affected (0.01 sec)

--------------
INSERT INTO Reservations VALUES(72456, 'IBS', '2010/02/08', '2010/02/10', 150.00, 'STARTIN', 'BRUNA', 1, 1)
--------------

Query OK, 1 row affected (0.01 sec)

--------------
INSERT INTO Reservations VALUES(15733, 'IBS', '2010/02/11', '2010/02/13', 172.50, 'BEALLE', 'RASHAD', 1, 0)
--------------

Query OK, 1 row affected (0.01 sec)

--------------
INSERT INTO Reservations VALUES(39602, 'IBS', '2010/02/13', '2010/02/23', 150.00, 'STUART', 'IVA', 1, 1)
--------------

Query OK, 1 row affected (0.01 sec)

--------------
INSERT INTO Reservations VALUES(75477, 'IBS', '2010/02/23', '2010/02/24', 172.50, 'JAHR', 'JESSIE', 2, 0)
--------------

Query OK, 1 row affected (0.02 sec)

--------------
INSERT INTO Reservations VALUES(41754, 'IBS', '2010/02/24', '2010/02/25', 172.50, 'ANA', 'ELLAN', 1, 0)
--------------

Query OK, 1 row affected (0.01 sec)

--------------
INSERT INTO Reservations VALUES(12138, 'IBS', '2010/02/28', '2010/03/05', 150.00, 'SHARIAT', 'JARRED', 1, 0)
--------------

Query OK, 1 row affected (0.01 sec)

--------------
INSERT INTO Reservations VALUES(95260, 'IBS', '2010/03/07', '2010/03/19', 187.50, 'PERRINO', 'DENNY', 1, 0)
--------------

Query OK, 1 row affected (0.01 sec)

--------------
INSERT INTO Reservations VALUES(63558, 'IBS', '2010/03/20', '2010/03/22', 150.00, 'KEPKE', 'HAROLD', 1, 1)
--------------

Query OK, 1 row affected (0.01 sec)

--------------
INSERT INTO Reservations VALUES(53535, 'IBS', '2010/03/22', '2010/03/25', 172.50, 'ALLENDE', 'VIRGIL', 1, 1)
--------------

Query OK, 1 row affected (0.02 sec)

--------------
INSERT INTO Reservations VALUES(63746, 'IBS', '2010/03/25', '2010/03/27', 187.50, 'SCARLES', 'LANDON', 1, 1)
--------------

Query OK, 1 row affected (0.01 sec)

--------------
INSERT INTO Reservations VALUES(58881, 'IBS', '2010/03/27', '2010/03/29', 150.00, 'RONFELDT', 'JERMAINE', 1, 0)
--------------

Query OK, 1 row affected (0.01 sec)

--------------
INSERT INTO Reservations VALUES(16933, 'IBS', '2010/04/01', '2010/04/03', 150.00, 'NORSWORTHY', 'AUBREY', 2, 0)
--------------

Query OK, 1 row affected (0.00 sec)

--------------
INSERT INTO Reservations VALUES(18900, 'IBS', '2010/04/03', '2010/04/05', 172.50, 'LAURY', 'EMILY', 2, 0)
--------------

Query OK, 1 row affected (0.00 sec)

--------------
INSERT INTO Reservations VALUES(58762, 'IBS', '2010/04/05', '2010/04/07', 127.50, 'REDEPENNING', 'FAITH', 1, 0)
--------------

Query OK, 1 row affected (0.00 sec)

--------------
INSERT INTO Reservations VALUES(50223, 'IBS', '2010/04/12', '2010/04/14', 135.00, 'CALLICUTT', 'HONG', 1, 0)
--------------

Query OK, 1 row affected (0.01 sec)

--------------
INSERT INTO Reservations VALUES(84715, 'IBS', '2010/04/18', '2010/04/19', 150.00, 'BECKUM', 'MISSY', 1, 0)
--------------

Query OK, 1 row affected (0.01 sec)

--------------
INSERT INTO Reservations VALUES(55641, 'IBS', '2010/04/23', '2010/04/25', 150.00, 'ISHIBASHI', 'CAPRICE', 1, 1)
--------------

Query OK, 1 row affected (0.02 sec)

--------------
INSERT INTO Reservations VALUES(99268, 'IBS', '2010/04/30', '2010/05/03', 135.00, 'LEEHY', 'NENA', 1, 0)
--------------

Query OK, 1 row affected (0.00 sec)

--------------
INSERT INTO Reservations VALUES(14001, 'IBS', '2010/05/11', '2010/05/12', 187.50, 'COSTON', 'LANNY', 1, 0)
--------------

Query OK, 1 row affected (0.01 sec)

--------------
INSERT INTO Reservations VALUES(63652, 'IBS', '2010/05/14', '2010/05/20', 172.50, 'COVERT', 'ADAM', 1, 1)
--------------

Query OK, 1 row affected (0.00 sec)

--------------
INSERT INTO Reservations VALUES(28227, 'IBS', '2010/05/30', '2010/06/04', 172.50, 'STUART', 'IVA', 2, 0)
--------------

Query OK, 1 row affected (0.01 sec)

--------------
INSERT INTO Reservations VALUES(81780, 'IBS', '2010/06/09', '2010/06/10', 150.00, 'ENTWISLE', 'THOMAS', 1, 0)
--------------

Query OK, 1 row affected (0.02 sec)

--------------
INSERT INTO Reservations VALUES(44426, 'IBS', '2010/06/22', '2010/06/23', 150.00, 'CHEESE', 'TRINIDAD', 1, 0)
--------------

Query OK, 1 row affected (0.01 sec)

--------------
INSERT INTO Reservations VALUES(62816, 'IBS', '2010/07/07', '2010/07/11', 127.50, 'MAEWEATHER', 'AUGUST', 1, 0)
--------------

Query OK, 1 row affected (0.01 sec)

--------------
INSERT INTO Reservations VALUES(94074, 'IBS', '2010/07/15', '2010/07/16', 135.00, 'TRIBBY', 'ADELIA', 1, 0)
--------------

Query OK, 1 row affected (0.01 sec)

--------------
INSERT INTO Reservations VALUES(22981, 'IBS', '2010/07/21', '2010/07/23', 172.50, 'KNERIEN', 'GRANT', 1, 0)
--------------

Query OK, 1 row affected (0.01 sec)

--------------
INSERT INTO Reservations VALUES(72503, 'IBS', '2010/07/23', '2010/07/30', 150.00, 'VELZEBOER', 'HAN', 2, 0)
--------------

Query OK, 1 row affected (0.02 sec)

--------------
INSERT INTO Reservations VALUES(44428, 'IBS', '2010/08/04', '2010/08/06', 172.50, 'ZAVADOSKI', 'CLAIR', 1, 0)
--------------

Query OK, 1 row affected (0.01 sec)

--------------
INSERT INTO Reservations VALUES(26135, 'IBS', '2010/08/09', '2010/08/14', 150.00, 'STORDAHL', 'NATOSHA', 1, 0)
--------------

Query OK, 1 row affected (0.01 sec)

--------------
INSERT INTO Reservations VALUES(88795, 'IBS', '2010/08/18', '2010/08/26', 150.00, 'EURICH', 'ANTONE', 1, 1)
--------------

Query OK, 1 row affected (0.01 sec)

--------------
INSERT INTO Reservations VALUES(78565, 'IBS', '2010/08/28', '2010/08/31', 187.50, 'WAGERS', 'HOUSTON', 2, 0)
--------------

Query OK, 1 row affected (0.01 sec)

--------------
INSERT INTO Reservations VALUES(97220, 'IBS', '2010/08/31', '2010/09/04', 187.50, 'WIXOM', 'MARCIA', 1, 1)
--------------

Query OK, 1 row affected (0.01 sec)

--------------
INSERT INTO Reservations VALUES(37585, 'IBS', '2010/09/06', '2010/09/08', 135.00, 'NOAH', 'DOROTHEA', 2, 0)
--------------

Query OK, 1 row affected (0.01 sec)

--------------
INSERT INTO Reservations VALUES(67689, 'IBS', '2010/09/08', '2010/09/11', 172.50, 'DELGUIDICE', 'DAN', 2, 0)
--------------

Query OK, 1 row affected (0.01 sec)

--------------
INSERT INTO Reservations VALUES(53723, 'IBS', '2010/09/11', '2010/09/12', 135.00, 'KVETON', 'FREDRICK', 2, 0)
--------------

Query OK, 1 row affected (0.00 sec)

--------------
INSERT INTO Reservations VALUES(11996, 'IBS', '2010/09/14', '2010/09/16', 187.50, 'BURBANK', 'ROBERT', 1, 0)
--------------

Query OK, 1 row affected (0.01 sec)

--------------
INSERT INTO Reservations VALUES(55363, 'IBS', '2010/09/20', '2010/09/22', 135.00, 'VERDINE', 'ANTONINA', 1, 0)
--------------

Query OK, 1 row affected (0.01 sec)

--------------
INSERT INTO Reservations VALUES(53747, 'IBS', '2010/09/22', '2010/09/23', 135.00, 'SPEARIN', 'TOMMY', 1, 1)
--------------

Query OK, 1 row affected (0.01 sec)

--------------
INSERT INTO Reservations VALUES(59610, 'IBS', '2010/09/23', '2010/09/30', 150.00, 'EGELSTON', 'EMANUEL', 2, 0)
--------------

Query OK, 1 row affected (0.02 sec)

--------------
INSERT INTO Reservations VALUES(77319, 'IBS', '2010/10/09', '2010/10/11', 172.50, 'WIDOWSKI', 'EUSEBIO', 2, 0)
--------------

Query OK, 1 row affected (0.00 sec)

--------------
INSERT INTO Reservations VALUES(58148, 'IBS', '2010/10/11', '2010/10/13', 172.50, 'VOLANTE', 'EMERY', 1, 0)
--------------

Query OK, 1 row affected (0.00 sec)

--------------
INSERT INTO Reservations VALUES(62305, 'IBS', '2010/10/15', '2010/10/22', 150.00, 'KAMROWSKI', 'EVITA', 2, 0)
--------------

Query OK, 1 row affected (0.01 sec)

--------------
INSERT INTO Reservations VALUES(95100, 'IBS', '2010/10/27', '2010/11/05', 172.50, 'LABAT', 'JEANMARIE', 1, 0)
--------------

Query OK, 1 row affected (0.01 sec)

--------------
INSERT INTO Reservations VALUES(93407, 'IBS', '2010/11/05', '2010/11/07', 187.50, 'KOLP', 'PAMELIA', 1, 0)
--------------

Query OK, 1 row affected (0.01 sec)

--------------
INSERT INTO Reservations VALUES(35870, 'IBS', '2010/11/09', '2010/11/11', 135.00, 'DONIGAN', 'GLEN', 1, 1)
--------------

Query OK, 1 row affected (0.01 sec)

--------------
INSERT INTO Reservations VALUES(42731, 'IBS', '2010/11/11', '2010/11/15', 172.50, 'HOTARD', 'ALYSIA', 2, 0)
--------------

Query OK, 1 row affected (0.01 sec)

--------------
INSERT INTO Reservations VALUES(22561, 'IBS', '2010/11/15', '2010/11/21', 127.50, 'VUTURO', 'DEVORAH', 1, 0)
--------------

Query OK, 1 row affected (0.02 sec)

--------------
INSERT INTO Reservations VALUES(49482, 'IBS', '2010/11/21', '2010/12/02', 172.50, 'ATTEBURG', 'ELMIRA', 2, 0)
--------------

Query OK, 1 row affected (0.01 sec)

--------------
INSERT INTO Reservations VALUES(66331, 'IBS', '2010/12/02', '2010/12/06', 135.00, 'SEVILLANO', 'LILLI', 1, 1)
--------------

Query OK, 1 row affected (0.01 sec)

--------------
INSERT INTO Reservations VALUES(27490, 'IBS', '2010/12/06', '2010/12/08', 150.00, 'PENDLEY', 'SCOTTIE', 1, 1)
--------------

Query OK, 1 row affected (0.01 sec)

--------------
INSERT INTO Reservations VALUES(40675, 'IBS', '2010/12/13', '2010/12/14', 150.00, 'HANUS', 'THEOLA', 1, 0)
--------------

Query OK, 1 row affected (0.01 sec)

--------------
INSERT INTO Reservations VALUES(51097, 'IBS', '2010/12/18', '2010/12/20', 135.00, 'TOODLE', 'NOLA', 2, 0)
--------------

Query OK, 1 row affected (0.02 sec)

--------------
INSERT INTO Reservations VALUES(60749, 'IBS', '2010/12/22', '2010/12/24', 135.00, 'DONAHER', 'LAKIA', 1, 0)
--------------

Query OK, 1 row affected (0.01 sec)

--------------
INSERT INTO Reservations VALUES(58196, 'IBS', '2010/12/24', '2010/12/30', 150.00, 'ZELINSKI', 'ARTHUR', 1, 0)
--------------

Query OK, 1 row affected (0.01 sec)

--------------
INSERT INTO Reservations VALUES(96658, 'IBS', '2010/12/30', '2011/01/01', 187.50, 'SCHLESSELMAN', 'NEVILLE', 1, 0)
--------------

Query OK, 1 row affected (0.01 sec)

--------------
INSERT INTO Reservations VALUES(17265, 'AOB', '2010/01/01', '2010/01/06', 175.00, 'HENLY', 'RUPERT', 4, 0)
--------------

Query OK, 1 row affected (0.01 sec)

--------------
INSERT INTO Reservations VALUES(52597, 'AOB', '2010/01/11', '2010/01/14', 175.00, 'CASMORE', 'MARINE', 3, 0)
--------------

Query OK, 1 row affected (0.02 sec)

--------------
INSERT INTO Reservations VALUES(67200, 'AOB', '2010/01/16', '2010/01/23', 148.75, 'CHET', 'CHARLEEN', 1, 2)
--------------

Query OK, 1 row affected (0.01 sec)

--------------
INSERT INTO Reservations VALUES(28406, 'AOB', '2010/01/23', '2010/01/29', 175.00, 'COOKUS', 'KASHA', 2, 1)
--------------

Query OK, 1 row affected (0.00 sec)

--------------
INSERT INTO Reservations VALUES(10489, 'AOB', '2010/02/02', '2010/02/05', 218.75, 'CARISTO', 'MARKITA', 2, 1)
--------------

Query OK, 1 row affected (0.01 sec)

--------------
INSERT INTO Reservations VALUES(31993, 'AOB', '2010/02/08', '2010/02/10', 201.25, 'ZIEBARTH', 'ADELAIDE', 1, 3)
--------------

Query OK, 1 row affected (0.01 sec)

--------------
INSERT INTO Reservations VALUES(30937, 'AOB', '2010/02/14', '2010/02/15', 175.00, 'FITZGERREL', 'DENNY', 1, 3)
--------------

Query OK, 1 row affected (0.01 sec)

--------------
INSERT INTO Reservations VALUES(15870, 'AOB', '2010/02/15', '2010/02/19', 175.00, 'CORIATY', 'BERTA', 1, 3)
--------------

Query OK, 1 row affected (0.01 sec)

--------------
INSERT INTO Reservations VALUES(94545, 'AOB', '2010/03/03', '2010/03/13', 201.25, 'SHERRANGE', 'AUGUST', 2, 0)
--------------

Query OK, 1 row affected (0.01 sec)

--------------
INSERT INTO Reservations VALUES(57527, 'AOB', '2010/03/26', '2010/03/28', 201.25, 'ABAJA', 'RHEA', 2, 0)
--------------

Query OK, 1 row affected (0.01 sec)

--------------
INSERT INTO Reservations VALUES(93341, 'AOB', '2010/04/02', '2010/04/08', 175.00, 'FROHMAN', 'SHAYNE', 3, 1)
--------------

Query OK, 1 row affected (0.02 sec)

--------------
INSERT INTO Reservations VALUES(72945, 'AOB', '2010/04/12', '2010/04/13', 201.25, 'KOHS', 'BOB', 1, 1)
--------------

Query OK, 1 row affected (0.01 sec)

--------------
INSERT INTO Reservations VALUES(65417, 'AOB', '2010/04/13', '2010/04/15', 175.00, 'ACHTER', 'GRETA', 1, 1)
--------------

Query OK, 1 row affected (0.00 sec)

--------------
INSERT INTO Reservations VALUES(50207, 'AOB', '2010/04/20', '2010/04/21', 175.00, 'ROSENDO', 'TAREN', 1, 0)
--------------

Query OK, 1 row affected (0.01 sec)

--------------
INSERT INTO Reservations VALUES(12258, 'AOB', '2010/04/23', '2010/04/27', 175.00, 'KANNEL', 'RODGER', 1, 0)
--------------

Query OK, 1 row affected (0.01 sec)

--------------
INSERT INTO Reservations VALUES(58755, 'AOB', '2010/04/30', '2010/05/01', 175.00, 'MALNAR', 'GROVER', 1, 0)
--------------

Query OK, 1 row affected (0.01 sec)

--------------
INSERT INTO Reservations VALUES(17955, 'AOB', '2010/05/05', '2010/05/09', 201.25, 'PANARELLO', 'TODD', 2, 0)
--------------

Query OK, 1 row affected (0.01 sec)

--------------
INSERT INTO Reservations VALUES(75853, 'AOB', '2010/05/10', '2010/05/12', 175.00, 'MELOT', 'JENNA', 4, 0)
--------------

Query OK, 1 row affected (0.02 sec)

--------------
INSERT INTO Reservations VALUES(58972, 'AOB', '2010/05/17', '2010/05/19', 157.50, 'BERS', 'BRENDA', 2, 1)
--------------

Query OK, 1 row affected (0.01 sec)

--------------
INSERT INTO Reservations VALUES(48113, 'AOB', '2010/05/24', '2010/05/25', 175.00, 'BABU', 'SARAI', 2, 0)
--------------

Query OK, 1 row affected (0.01 sec)

--------------
INSERT INTO Reservations VALUES(17344, 'AOB', '2010/05/25', '2010/05/26', 218.75, 'GALOW', 'RICKEY', 1, 1)
--------------

Query OK, 1 row affected (0.01 sec)

--------------
INSERT INTO Reservations VALUES(33806, 'AOB', '2010/05/27', '2010/05/28', 175.00, 'OXFORD', 'KATRICE', 1, 2)
--------------

Query OK, 1 row affected (0.01 sec)

--------------
INSERT INTO Reservations VALUES(28455, 'AOB', '2010/05/29', '2010/05/31', 175.00, 'RISHA', 'NORBERTO', 1, 1)
--------------

Query OK, 1 row affected (0.01 sec)

--------------
INSERT INTO Reservations VALUES(14940, 'AOB', '2010/06/01', '2010/06/12', 175.00, 'BISHOFF', 'ISREAL', 2, 0)
--------------

Query OK, 1 row affected (0.01 sec)

--------------
INSERT INTO Reservations VALUES(43225, 'AOB', '2010/06/12', '2010/06/13', 157.50, 'CAPRON', 'CASSAUNDRA', 1, 1)
--------------

Query OK, 1 row affected (0.01 sec)

--------------
INSERT INTO Reservations VALUES(54831, 'AOB', '2010/06/15', '2010/06/21', 201.25, 'BAUGUESS', 'ERYN', 1, 3)
--------------

Query OK, 1 row affected (0.01 sec)

--------------
INSERT INTO Reservations VALUES(59225, 'AOB', '2010/06/26', '2010/06/30', 201.25, 'DURAN', 'BO', 1, 0)
--------------

Query OK, 1 row affected (0.02 sec)

--------------
INSERT INTO Reservations VALUES(18465, 'AOB', '2010/06/30', '2010/07/07', 175.00, 'KRIEGH', 'AMADO', 2, 0)
--------------

Query OK, 1 row affected (0.00 sec)

--------------
INSERT INTO Reservations VALUES(38013, 'AOB', '2010/07/08', '2010/07/15', 175.00, 'RURY', 'SENA', 1, 1)
--------------

Query OK, 1 row affected (0.00 sec)

--------------
INSERT INTO Reservations VALUES(47004, 'AOB', '2010/07/15', '2010/07/28', 175.00, 'STEBNER', 'MAXIE', 1, 1)
--------------

Query OK, 1 row affected (0.01 sec)

--------------
INSERT INTO Reservations VALUES(56286, 'AOB', '2010/07/29', '2010/07/31', 201.25, 'BRICKEL', 'ROCKY', 3, 1)
--------------

Query OK, 1 row affected (0.00 sec)

--------------
INSERT INTO Reservations VALUES(29253, 'AOB', '2010/07/31', '2010/08/03', 175.00, 'HILDRED', 'MARTY', 3, 1)
--------------

Query OK, 1 row affected (0.01 sec)

--------------
INSERT INTO Reservations VALUES(76149, 'AOB', '2010/08/07', '2010/08/09', 201.25, 'HONEYWELL', 'JULIANA', 2, 2)
--------------

Query OK, 1 row affected (0.00 sec)

--------------
INSERT INTO Reservations VALUES(24300, 'AOB', '2010/08/09', '2010/08/15', 201.25, 'CANDON', 'PIERRE', 4, 0)
--------------

Query OK, 1 row affected (0.01 sec)

--------------
INSERT INTO Reservations VALUES(13058, 'AOB', '2010/08/17', '2010/08/18', 157.50, 'ABATIELL', 'CATHRYN', 1, 2)
--------------

Query OK, 1 row affected (0.00 sec)

--------------
INSERT INTO Reservations VALUES(95605, 'AOB', '2010/08/18', '2010/08/20', 218.75, 'FIGLIOLI', 'NANCI', 1, 2)
--------------

Query OK, 1 row affected (0.01 sec)

--------------
INSERT INTO Reservations VALUES(17270, 'AOB', '2010/08/20', '2010/08/23', 175.00, 'RELLIHAN', 'COURTNEY', 1, 0)
--------------

Query OK, 1 row affected (0.00 sec)

--------------
INSERT INTO Reservations VALUES(67427, 'AOB', '2010/09/02', '2010/09/14', 175.00, 'STRACK', 'PORTER', 1, 3)
--------------

Query OK, 1 row affected (0.01 sec)

--------------
INSERT INTO Reservations VALUES(33748, 'AOB', '2010/09/14', '2010/09/16', 175.00, 'PIGNONE', 'JOEL', 1, 3)
--------------

Query OK, 1 row affected (0.02 sec)

--------------
INSERT INTO Reservations VALUES(47146, 'AOB', '2010/09/16', '2010/09/23', 201.25, 'GATTSHALL', 'REGAN', 1, 0)
--------------

Query OK, 1 row affected (0.01 sec)

--------------
INSERT INTO Reservations VALUES(95204, 'AOB', '2010/10/08', '2010/10/14', 157.50, 'CARRUTH', 'SANDY', 1, 2)
--------------

Query OK, 1 row affected (0.00 sec)

--------------
INSERT INTO Reservations VALUES(41619, 'AOB', '2010/10/15', '2010/10/22', 175.00, 'MASSEY', 'DORIAN', 4, 0)
--------------

Query OK, 1 row affected (0.00 sec)

--------------
INSERT INTO Reservations VALUES(80390, 'AOB', '2010/10/22', '2010/10/31', 157.50, 'PHILBERT', 'CHRISTIE', 2, 2)
--------------

Query OK, 1 row affected (0.02 sec)

--------------
INSERT INTO Reservations VALUES(44836, 'AOB', '2010/10/31', '2010/11/03', 148.75, 'DEFRANG', 'DWAIN', 1, 0)
--------------

Query OK, 1 row affected (0.02 sec)

--------------
INSERT INTO Reservations VALUES(69035, 'AOB', '2010/11/18', '2010/11/26', 218.75, 'KU', 'MERIDETH', 1, 3)
--------------

Query OK, 1 row affected (0.00 sec)

--------------
INSERT INTO Reservations VALUES(29287, 'AOB', '2010/12/01', '2010/12/08', 218.75, 'FRYDAY', 'HERBERT', 2, 0)
--------------

Query OK, 1 row affected (0.01 sec)

--------------
INSERT INTO Reservations VALUES(18834, 'AOB', '2010/12/08', '2010/12/10', 148.75, 'DUCHARME', 'MIGUELINA', 2, 0)
--------------

Query OK, 1 row affected (0.00 sec)

--------------
INSERT INTO Reservations VALUES(58934, 'AOB', '2010/12/15', '2010/12/22', 201.25, 'RICHARD', 'ROBBY', 1, 1)
--------------

Query OK, 1 row affected (0.00 sec)

--------------
INSERT INTO Reservations VALUES(82502, 'AOB', '2010/12/25', '2010/12/26', 175.00, 'KRULIK', 'JEFFRY', 1, 2)
--------------

Query OK, 1 row affected (0.01 sec)

--------------
INSERT INTO Reservations VALUES(36890, 'AOB', '2010/12/26', '2010/12/28', 175.00, 'PHILBERT', 'CHRISTIE', 2, 1)
--------------

Query OK, 1 row affected (0.00 sec)

--------------
INSERT INTO Reservations VALUES(10984, 'AOB', '2010/12/28', '2011/01/01', 201.25, 'ZULLO', 'WILLY', 2, 1)
--------------

Query OK, 1 row affected (0.01 sec)

--------------
INSERT INTO Reservations VALUES(80192, 'MWC', '2010/01/01', '2010/01/03', 112.50, 'MUHLESTEIN', 'REINALDO', 3, 1)
--------------

Query OK, 1 row affected (0.01 sec)

--------------
INSERT INTO Reservations VALUES(58266, 'MWC', '2010/01/08', '2010/01/14', 125.00, 'PICKARD', 'HORTENCIA', 1, 0)
--------------

Query OK, 1 row affected (0.01 sec)

--------------
INSERT INTO Reservations VALUES(53876, 'MWC', '2010/01/14', '2010/01/15', 125.00, 'KEBEDE', 'ARON', 3, 0)
--------------

Query OK, 1 row affected (0.01 sec)

--------------
INSERT INTO Reservations VALUES(82409, 'MWC', '2010/01/30', '2010/02/01', 125.00, 'QUARTO', 'VANDA', 4, 0)
--------------

Query OK, 1 row affected (0.02 sec)

--------------
INSERT INTO Reservations VALUES(39640, 'MWC', '2010/02/01', '2010/02/05', 143.75, 'HERZING', 'DELPHIA', 2, 1)
--------------

Query OK, 1 row affected (0.01 sec)

--------------
INSERT INTO Reservations VALUES(31371, 'MWC', '2010/02/05', '2010/02/06', 125.00, 'TARZIA', 'KAYLEE', 2, 0)
--------------

Query OK, 1 row affected (0.00 sec)

--------------
INSERT INTO Reservations VALUES(31508, 'MWC', '2010/02/10', '2010/02/14', 112.50, 'FULK', 'GENE', 4, 0)
--------------

Query OK, 1 row affected (0.01 sec)

--------------
INSERT INTO Reservations VALUES(37985, 'MWC', '2010/02/15', '2010/02/18', 112.50, 'PEDERSON', 'DOTTIE', 1, 1)
--------------

Query OK, 1 row affected (0.01 sec)

--------------
INSERT INTO Reservations VALUES(54966, 'MWC', '2010/02/23', '2010/02/24', 125.00, 'MAZUREK', 'LEIGHANN', 1, 0)
--------------

Query OK, 1 row affected (0.00 sec)

--------------
INSERT INTO Reservations VALUES(64987, 'MWC', '2010/02/28', '2010/03/05', 125.00, 'BRESSE', 'BURTON', 1, 0)
--------------

Query OK, 1 row affected (0.00 sec)

--------------
INSERT INTO Reservations VALUES(40678, 'MWC', '2010/03/22', '2010/03/29', 112.50, 'KENNETT', 'QUEEN', 3, 0)
--------------

Query OK, 1 row affected (0.01 sec)

--------------
INSERT INTO Reservations VALUES(36356, 'MWC', '2010/03/29', '2010/04/04', 125.00, 'SPECTOR', 'FRITZ', 2, 1)
--------------

Query OK, 1 row affected (0.00 sec)

--------------
INSERT INTO Reservations VALUES(35180, 'MWC', '2010/04/07', '2010/04/08', 125.00, 'POWNELL', 'BRIDGET', 1, 0)
--------------

Query OK, 1 row affected (0.01 sec)

--------------
INSERT INTO Reservations VALUES(96909, 'MWC', '2010/04/09', '2010/04/15', 125.00, 'WILLIBRAND', 'HEATHER', 3, 0)
--------------

Query OK, 1 row affected (0.00 sec)

--------------
INSERT INTO Reservations VALUES(79056, 'MWC', '2010/04/19', '2010/04/25', 125.00, 'GANZER', 'HYMAN', 2, 0)
--------------

Query OK, 1 row affected (0.01 sec)

--------------
INSERT INTO Reservations VALUES(90108, 'MWC', '2010/04/30', '2010/05/01', 156.25, 'FANZO', 'TERRY', 1, 0)
--------------

Query OK, 1 row affected (0.00 sec)

--------------
INSERT INTO Reservations VALUES(30479, 'MWC', '2010/05/01', '2010/05/10', 143.75, 'QUISPE', 'MARGARITO', 1, 1)
--------------

Query OK, 1 row affected (0.01 sec)

--------------
INSERT INTO Reservations VALUES(60169, 'MWC', '2010/05/10', '2010/05/16', 125.00, 'ROSATI', 'LORENA', 1, 3)
--------------

Query OK, 1 row affected (0.02 sec)

--------------
INSERT INTO Reservations VALUES(91415, 'MWC', '2010/05/16', '2010/05/18', 112.50, 'LEHRFELD', 'CHERLY', 3, 0)
--------------

Query OK, 1 row affected (0.01 sec)

--------------
INSERT INTO Reservations VALUES(87943, 'MWC', '2010/05/21', '2010/05/28', 125.00, 'LUTFY', 'LIZETTE', 2, 0)
--------------

Query OK, 1 row affected (0.01 sec)

--------------
INSERT INTO Reservations VALUES(14273, 'MWC', '2010/05/28', '2010/05/30', 125.00, 'STARE', 'ELIJAH', 1, 0)
--------------

Query OK, 1 row affected (0.01 sec)

--------------
INSERT INTO Reservations VALUES(25134, 'MWC', '2010/05/31', '2010/06/02', 143.75, 'HARDYMAN', 'CLAYTON', 1, 1)
--------------

Query OK, 1 row affected (0.01 sec)

--------------
INSERT INTO Reservations VALUES(34244, 'MWC', '2010/06/04', '2010/06/06', 112.50, 'SPIKE', 'ROSENDA', 4, 0)
--------------

Query OK, 1 row affected (0.00 sec)

--------------
INSERT INTO Reservations VALUES(84244, 'MWC', '2010/06/06', '2010/06/07', 125.00, 'TALAT', 'MEAGHAN', 2, 1)
--------------

Query OK, 1 row affected (0.00 sec)

--------------
INSERT INTO Reservations VALUES(64456, 'MWC', '2010/06/07', '2010/06/09', 125.00, 'MCCLENNINGHAM', 'BRADLY', 1, 2)
--------------

Query OK, 1 row affected (0.00 sec)

--------------
INSERT INTO Reservations VALUES(86375, 'MWC', '2010/06/12', '2010/06/22', 156.25, 'RANAUDO', 'SELINA', 1, 0)
--------------

Query OK, 1 row affected (0.02 sec)

--------------
INSERT INTO Reservations VALUES(84120, 'MWC', '2010/06/29', '2010/07/05', 143.75, 'LOTTO', 'MYRA', 3, 1)
--------------

Query OK, 1 row affected (0.01 sec)

--------------
INSERT INTO Reservations VALUES(72817, 'MWC', '2010/07/08', '2010/07/09', 143.75, 'FINEFROCK', 'ALEXIS', 1, 2)
--------------

Query OK, 1 row affected (0.01 sec)

--------------
INSERT INTO Reservations VALUES(16136, 'MWC', '2010/07/09', '2010/07/12', 143.75, 'FERENCE', 'MORGAN', 1, 0)
--------------

Query OK, 1 row affected (0.01 sec)

--------------
INSERT INTO Reservations VALUES(44378, 'MWC', '2010/07/12', '2010/07/13', 125.00, 'COTMAN', 'JOLYNN', 1, 3)
--------------

Query OK, 1 row affected (0.01 sec)

--------------
INSERT INTO Reservations VALUES(54323, 'MWC', '2010/07/13', '2010/07/14', 106.25, 'LUNNEY', 'YVETTE', 3, 0)
--------------

Query OK, 1 row affected (0.02 sec)

--------------
INSERT INTO Reservations VALUES(18311, 'MWC', '2010/07/27', '2010/07/31', 125.00, 'LUEDKE', 'BRYNN', 1, 1)
--------------

Query OK, 1 row affected (0.00 sec)

--------------
INSERT INTO Reservations VALUES(65909, 'MWC', '2010/07/31', '2010/08/01', 112.50, 'BENDICKSON', 'NEWTON', 2, 0)
--------------

Query OK, 1 row affected (0.00 sec)

--------------
INSERT INTO Reservations VALUES(70287, 'MWC', '2010/08/02', '2010/08/11', 143.75, 'MAEDA', 'DUSTY', 1, 0)
--------------

Query OK, 1 row affected (0.01 sec)

--------------
INSERT INTO Reservations VALUES(92348, 'MWC', '2010/08/11', '2010/08/17', 125.00, 'BARTHELL', 'RICARDA', 1, 0)
--------------

Query OK, 1 row affected (0.02 sec)

--------------
INSERT INTO Reservations VALUES(53295, 'MWC', '2010/08/17', '2010/08/22', 106.25, 'HANUS', 'THEOLA', 2, 1)
--------------

Query OK, 1 row affected (0.01 sec)

--------------
INSERT INTO Reservations VALUES(97375, 'MWC', '2010/08/26', '2010/08/27', 112.50, 'DONNELLEY', 'GARNET', 3, 0)
--------------

Query OK, 1 row affected (0.01 sec)

--------------
INSERT INTO Reservations VALUES(79219, 'MWC', '2010/08/27', '2010/08/30', 125.00, 'KLAASS', 'HYON', 3, 1)
--------------

Query OK, 1 row affected (0.01 sec)

--------------
INSERT INTO Reservations VALUES(69840, 'MWC', '2010/08/30', '2010/09/03', 112.50, 'KNERIEN', 'GRANT', 2, 1)
--------------

Query OK, 1 row affected (0.01 sec)

--------------
INSERT INTO Reservations VALUES(95620, 'MWC', '2010/09/07', '2010/09/10', 112.50, 'ZAHLER', 'GORDON', 1, 0)
--------------

Query OK, 1 row affected (0.00 sec)

--------------
INSERT INTO Reservations VALUES(35136, 'MWC', '2010/09/10', '2010/09/12', 112.50, 'MALCHOW', 'RAMIRO', 1, 0)
--------------

Query OK, 1 row affected (0.00 sec)

--------------
INSERT INTO Reservations VALUES(67464, 'MWC', '2010/09/27', '2010/09/30', 112.50, 'KVETON', 'FREDRICK', 1, 1)
--------------

Query OK, 1 row affected (0.01 sec)

--------------
INSERT INTO Reservations VALUES(38677, 'MWC', '2010/10/05', '2010/10/11', 156.25, 'HORELICK', 'BYRON', 2, 0)
--------------

Query OK, 1 row affected (0.01 sec)

--------------
INSERT INTO Reservations VALUES(32116, 'MWC', '2010/10/15', '2010/10/17', 143.75, 'RUSSO', 'MELODY', 1, 1)
--------------

Query OK, 1 row affected (0.01 sec)

--------------
INSERT INTO Reservations VALUES(21848, 'MWC', '2010/10/17', '2010/10/18', 112.50, 'CLOFFI', 'CHAROLETTE', 1, 0)
--------------

Query OK, 1 row affected (0.01 sec)

--------------
INSERT INTO Reservations VALUES(73473, 'MWC', '2010/10/18', '2010/10/27', 125.00, 'ROTCHFORD', 'DWIGHT', 3, 0)
--------------

Query OK, 1 row affected (0.02 sec)

--------------
INSERT INTO Reservations VALUES(98441, 'MWC', '2010/10/30', '2010/11/07', 106.25, 'RAMPLEY', 'HERMA', 4, 0)
--------------

Query OK, 1 row affected (0.01 sec)

--------------
INSERT INTO Reservations VALUES(54781, 'MWC', '2010/11/07', '2010/11/11', 125.00, 'KUTA', 'HERMAN', 1, 2)
--------------

Query OK, 1 row affected (0.00 sec)

--------------
INSERT INTO Reservations VALUES(93587, 'MWC', '2010/11/11', '2010/11/12', 112.50, 'ZELAYA', 'PRINCE', 3, 1)
--------------

Query OK, 1 row affected (0.00 sec)

--------------
INSERT INTO Reservations VALUES(33271, 'MWC', '2010/11/29', '2010/12/02', 143.75, 'YONKERS', 'RHETT', 2, 2)
--------------

Query OK, 1 row affected (0.02 sec)

--------------
INSERT INTO Reservations VALUES(40043, 'MWC', '2010/12/04', '2010/12/14', 125.00, 'LANSBERRY', 'JESUSITA', 3, 1)
--------------

Query OK, 1 row affected (0.01 sec)

--------------
INSERT INTO Reservations VALUES(33155, 'MWC', '2010/12/14', '2010/12/16', 143.75, 'FOLGER', 'ELOISA', 1, 0)
--------------

Query OK, 1 row affected (0.01 sec)

--------------
INSERT INTO Reservations VALUES(88588, 'MWC', '2010/12/16', '2010/12/17', 125.00, 'RELFORD', 'MARYBELLE', 2, 0)
--------------

Query OK, 1 row affected (0.00 sec)

--------------
INSERT INTO Reservations VALUES(57015, 'MWC', '2010/12/19', '2010/12/20', 106.25, 'BUSTER', 'TOM', 1, 0)
--------------

Query OK, 1 row affected (0.00 sec)

--------------
INSERT INTO Reservations VALUES(87890, 'MWC', '2010/12/20', '2010/12/22', 143.75, 'HELKE', 'ISAAC', 1, 0)
--------------

Query OK, 1 row affected (0.01 sec)

--------------
INSERT INTO Reservations VALUES(66189, 'MWC', '2010/12/30', '2011/01/04', 143.75, 'FROEHNER', 'LATRISHA', 3, 0)
--------------

Query OK, 1 row affected (0.02 sec)

--------------
INSERT INTO Reservations VALUES(76801, 'HBB', '2010/01/06', '2010/01/18', 125.00, 'CRACE', 'HERB', 1, 1)
--------------

Query OK, 1 row affected (0.01 sec)

--------------
INSERT INTO Reservations VALUES(24408, 'HBB', '2010/01/18', '2010/01/19', 100.00, 'RADIN', 'RUSTY', 1, 0)
--------------

Query OK, 1 row affected (0.01 sec)

--------------
INSERT INTO Reservations VALUES(21980, 'HBB', '2010/02/05', '2010/02/08', 115.00, 'SIDDELL', 'MACY', 1, 1)
--------------

Query OK, 1 row affected (0.00 sec)

--------------
INSERT INTO Reservations VALUES(87260, 'HBB', '2010/02/13', '2010/02/15', 90.00, 'REPKE', 'CHAE', 1, 1)
--------------

Query OK, 1 row affected (0.01 sec)

--------------
INSERT INTO Reservations VALUES(78241, 'HBB', '2010/02/20', '2010/02/28', 85.00, 'CHAMBLEE', 'ALTHA', 2, 0)
--------------

Query OK, 1 row affected (0.01 sec)

--------------
INSERT INTO Reservations VALUES(64657, 'HBB', '2010/03/01', '2010/03/06', 115.00, 'VIPPERMAN', 'PABLO', 2, 0)
--------------

Query OK, 1 row affected (0.01 sec)

--------------
INSERT INTO Reservations VALUES(25558, 'HBB', '2010/03/17', '2010/03/19', 125.00, 'SHOULDER', 'FLORENTINO', 1, 1)
--------------

Query OK, 1 row affected (0.02 sec)

--------------
INSERT INTO Reservations VALUES(82874, 'HBB', '2010/03/30', '2010/04/09', 125.00, 'ATTEBURG', 'ELMIRA', 1, 1)
--------------

Query OK, 1 row affected (0.01 sec)

--------------
INSERT INTO Reservations VALUES(89780, 'HBB', '2010/04/09', '2010/04/11', 100.00, 'WAHR', 'CLINT', 1, 0)
--------------

Query OK, 1 row affected (0.01 sec)

--------------
INSERT INTO Reservations VALUES(63523, 'HBB', '2010/04/15', '2010/04/16', 115.00, 'RATTANA', 'WINFRED', 1, 0)
--------------

Query OK, 1 row affected (0.01 sec)

--------------
INSERT INTO Reservations VALUES(30723, 'HBB', '2010/04/16', '2010/04/23', 125.00, 'MASSER', 'TROY', 2, 0)
--------------

Query OK, 1 row affected (0.01 sec)

--------------
INSERT INTO Reservations VALUES(88884, 'HBB', '2010/04/27', '2010/04/30', 85.00, 'KIRAKOSYAN', 'KAREEM', 1, 1)
--------------

Query OK, 1 row affected (0.01 sec)

--------------
INSERT INTO Reservations VALUES(18019, 'HBB', '2010/05/03', '2010/05/05', 115.00, 'ARNDELL', 'JEFFEREY', 1, 1)
--------------

Query OK, 1 row affected (0.01 sec)

--------------
INSERT INTO Reservations VALUES(77379, 'HBB', '2010/05/06', '2010/05/08', 115.00, 'TORNQUIST', 'JESS', 1, 0)
--------------

Query OK, 1 row affected (0.00 sec)

--------------
INSERT INTO Reservations VALUES(45157, 'HBB', '2010/05/11', '2010/05/18', 115.00, 'WICKLIN', 'WYNELL', 2, 0)
--------------

Query OK, 1 row affected (0.00 sec)

--------------
INSERT INTO Reservations VALUES(77574, 'HBB', '2010/05/22', '2010/06/03', 90.00, 'CASMORE', 'MARINE', 1, 1)
--------------

Query OK, 1 row affected (0.01 sec)

--------------
INSERT INTO Reservations VALUES(69945, 'HBB', '2010/06/07', '2010/06/09', 115.00, 'FLEURILUS', 'KATTIE', 1, 0)
--------------

Query OK, 1 row affected (0.01 sec)

--------------
INSERT INTO Reservations VALUES(73154, 'HBB', '2010/06/14', '2010/06/19', 115.00, 'SAILORS', 'SANDA', 1, 0)
--------------

Query OK, 1 row affected (0.02 sec)

--------------
INSERT INTO Reservations VALUES(97000, 'HBB', '2010/06/20', '2010/06/26', 125.00, 'OCHS', 'ANGLA', 1, 0)
--------------

Query OK, 1 row affected (0.01 sec)

--------------
INSERT INTO Reservations VALUES(34855, 'HBB', '2010/07/01', '2010/07/04', 100.00, 'YURICK', 'SHARA', 2, 0)
--------------

Query OK, 1 row affected (0.01 sec)

--------------
INSERT INTO Reservations VALUES(86394, 'HBB', '2010/07/07', '2010/07/09', 100.00, 'WESTLING', 'DACIA', 2, 0)
--------------

Query OK, 1 row affected (0.01 sec)

--------------
INSERT INTO Reservations VALUES(49467, 'HBB', '2010/07/09', '2010/07/16', 115.00, 'SUSMILCH', 'RAYMUNDO', 1, 0)
--------------

Query OK, 1 row affected (0.01 sec)

--------------
INSERT INTO Reservations VALUES(65206, 'HBB', '2010/07/16', '2010/07/21', 100.00, 'HIRONS', 'RANDAL', 1, 1)
--------------

Query OK, 1 row affected (0.02 sec)

--------------
INSERT INTO Reservations VALUES(12686, 'HBB', '2010/07/22', '2010/07/25', 85.00, 'GROWNEY', 'MELVIN', 2, 0)
--------------

Query OK, 1 row affected (0.01 sec)

--------------
INSERT INTO Reservations VALUES(92608, 'HBB', '2010/07/30', '2010/08/01', 125.00, 'PENCEK', 'SILVIA', 1, 0)
--------------

Query OK, 1 row affected (0.01 sec)

--------------
INSERT INTO Reservations VALUES(71443, 'HBB', '2010/08/02', '2010/08/05', 100.00, 'KLIMAVICIUS', 'ULRIKE', 1, 0)
--------------

Query OK, 1 row affected (0.01 sec)

--------------
INSERT INTO Reservations VALUES(52799, 'HBB', '2010/08/05', '2010/08/07', 85.00, 'WANDREI', 'ISSAC', 1, 0)
--------------

Query OK, 1 row affected (0.01 sec)

--------------
INSERT INTO Reservations VALUES(41880, 'HBB', '2010/08/07', '2010/08/09', 100.00, 'PLAKE', 'KARMEN', 1, 0)
--------------

Query OK, 1 row affected (0.00 sec)

--------------
INSERT INTO Reservations VALUES(25262, 'HBB', '2010/08/09', '2010/08/11', 115.00, 'YAPLE', 'CLAUDIE', 1, 0)
--------------

Query OK, 1 row affected (0.01 sec)

--------------
INSERT INTO Reservations VALUES(10500, 'HBB', '2010/08/11', '2010/08/12', 90.00, 'YESSIOS', 'ANNIS', 1, 0)
--------------

Query OK, 1 row affected (0.01 sec)

--------------
INSERT INTO Reservations VALUES(97585, 'HBB', '2010/08/15', '2010/08/16', 85.00, 'PARISER', 'ELIJAH', 1, 0)
--------------

Query OK, 1 row affected (0.00 sec)

--------------
INSERT INTO Reservations VALUES(84334, 'HBB', '2010/08/19', '2010/08/25', 125.00, 'NEUBECKER', 'GARY', 2, 0)
--------------

Query OK, 1 row affected (0.01 sec)

--------------
INSERT INTO Reservations VALUES(28589, 'HBB', '2010/08/25', '2010/08/26', 115.00, 'RIMAR', 'KEELY', 2, 0)
--------------

Query OK, 1 row affected (0.01 sec)

--------------
INSERT INTO Reservations VALUES(62874, 'HBB', '2010/08/26', '2010/08/27', 100.00, 'SKIBA', 'MITCHELL', 1, 1)
--------------

Query OK, 1 row affected (0.01 sec)

--------------
INSERT INTO Reservations VALUES(46665, 'HBB', '2010/08/31', '2010/09/09', 100.00, 'MABRA', 'MARGET', 1, 0)
--------------

Query OK, 1 row affected (0.01 sec)

--------------
INSERT INTO Reservations VALUES(40241, 'HBB', '2010/09/13', '2010/09/15', 85.00, 'CORSARO', 'SHELLA', 1, 1)
--------------

Query OK, 1 row affected (0.02 sec)

--------------
INSERT INTO Reservations VALUES(48604, 'HBB', '2010/09/16', '2010/09/22', 115.00, 'GARCES', 'CRISTIE', 1, 1)
--------------

Query OK, 1 row affected (0.01 sec)

--------------
INSERT INTO Reservations VALUES(48665, 'HBB', '2010/09/26', '2010/09/28', 90.00, 'STOUDYMIRE', 'COLUMBUS', 1, 1)
--------------

Query OK, 1 row affected (0.01 sec)

--------------
INSERT INTO Reservations VALUES(20572, 'HBB', '2010/09/28', '2010/09/29', 115.00, 'SANDLER', 'JENISE', 2, 0)
--------------

Query OK, 1 row affected (0.01 sec)

--------------
INSERT INTO Reservations VALUES(97269, 'HBB', '2010/10/04', '2010/10/05', 115.00, 'MELVE', 'PHIL', 1, 1)
--------------

Query OK, 1 row affected (0.01 sec)

--------------
INSERT INTO Reservations VALUES(25616, 'HBB', '2010/10/05', '2010/10/06', 100.00, 'KOSANOVIC', 'EWA', 1, 0)
--------------

Query OK, 1 row affected (0.01 sec)

--------------
INSERT INTO Reservations VALUES(87713, 'HBB', '2010/10/08', '2010/10/10', 90.00, 'TANKER', 'JONE', 1, 0)
--------------

Query OK, 1 row affected (0.01 sec)

--------------
INSERT INTO Reservations VALUES(44040, 'HBB', '2010/10/15', '2010/10/16', 90.00, 'ZELAYA', 'PRINCE', 1, 0)
--------------

Query OK, 1 row affected (0.01 sec)

--------------
INSERT INTO Reservations VALUES(21202, 'HBB', '2010/10/21', '2010/10/23', 125.00, 'CASAGRANDA', 'BRAIN', 2, 0)
--------------

Query OK, 1 row affected (0.01 sec)

--------------
INSERT INTO Reservations VALUES(10105, 'HBB', '2010/10/23', '2010/10/25', 100.00, 'SELBIG', 'CONRAD', 1, 0)
--------------

Query OK, 1 row affected (0.01 sec)

--------------
INSERT INTO Reservations VALUES(19194, 'HBB', '2010/10/29', '2010/11/05', 125.00, 'WORKINGER', 'CLIFTON', 1, 0)
--------------

Query OK, 1 row affected (0.01 sec)

--------------
INSERT INTO Reservations VALUES(35959, 'HBB', '2010/11/07', '2010/11/09', 100.00, 'BRAND', 'TROY', 1, 0)
--------------

Query OK, 1 row affected (0.01 sec)

--------------
INSERT INTO Reservations VALUES(74141, 'HBB', '2010/11/14', '2010/11/16', 100.00, 'BRODOWSKI', 'RODERICK', 1, 0)
--------------

Query OK, 1 row affected (0.01 sec)

--------------
INSERT INTO Reservations VALUES(56737, 'HBB', '2010/11/17', '2010/11/18', 100.00, 'PETTINE', 'NUMBERS', 2, 0)
--------------

Query OK, 1 row affected (0.02 sec)

--------------
INSERT INTO Reservations VALUES(80302, 'HBB', '2010/11/22', '2010/11/24', 115.00, 'KLEIMAN', 'MAURICIO', 1, 0)
--------------

Query OK, 1 row affected (0.00 sec)

--------------
INSERT INTO Reservations VALUES(55862, 'HBB', '2010/11/28', '2010/12/05', 85.00, 'BIERWAGEN', 'MARK', 1, 1)
--------------

Query OK, 1 row affected (0.00 sec)

--------------
INSERT INTO Reservations VALUES(63078, 'HBB', '2010/12/05', '2010/12/06', 90.00, 'WHITTEN', 'MITZI', 1, 0)
--------------

Query OK, 1 row affected (0.01 sec)

--------------
INSERT INTO Reservations VALUES(63043, 'HBB', '2010/12/06', '2010/12/07', 85.00, 'CIERPKE', 'DOT', 1, 1)
--------------

Query OK, 1 row affected (0.00 sec)

--------------
INSERT INTO Reservations VALUES(73785, 'HBB', '2010/12/07', '2010/12/09', 100.00, 'ROGGE', 'MEREDITH', 2, 0)
--------------

Query OK, 1 row affected (0.01 sec)

--------------
INSERT INTO Reservations VALUES(93165, 'HBB', '2010/12/10', '2010/12/14', 90.00, 'LEDOUX', 'LENA', 1, 0)
--------------

Query OK, 1 row affected (0.00 sec)

--------------
INSERT INTO Reservations VALUES(58668, 'HBB', '2010/12/14', '2010/12/19', 125.00, 'COASTER', 'MERLE', 1, 1)
--------------

Query OK, 1 row affected (0.01 sec)

--------------
INSERT INTO Reservations VALUES(17672, 'HBB', '2010/12/21', '2010/12/22', 90.00, 'DECHELLIS', 'AARON', 1, 0)
--------------

Query OK, 1 row affected (0.01 sec)

--------------
INSERT INTO Reservations VALUES(84695, 'HBB', '2010/12/22', '2010/12/23', 90.00, 'BRAND', 'TROY', 2, 0)
--------------

Query OK, 1 row affected (0.02 sec)

--------------
INSERT INTO Reservations VALUES(38636, 'HBB', '2010/12/29', '2010/12/31', 115.00, 'FORESTA', 'JORDON', 1, 0)
--------------

Query OK, 1 row affected (0.01 sec)

--------------
INSERT INTO Reservations VALUES(43157, 'HBB', '2010/12/31', '2011/01/06', 100.00, 'STURN', 'NEVADA', 2, 0)
--------------

Query OK, 1 row affected (0.01 sec)

--------------
INSERT INTO Reservations VALUES(96005, 'IBD', '2010/01/01', '2010/01/07', 150.00, 'BUTALA', 'YEVETTE', 3, 0)
--------------

Query OK, 1 row affected (0.00 sec)

--------------
INSERT INTO Reservations VALUES(67066, 'IBD', '2010/01/07', '2010/01/11', 135.00, 'EDHOLM', 'ALFRED', 3, 1)
--------------

Query OK, 1 row affected (0.01 sec)

--------------
INSERT INTO Reservations VALUES(14226, 'IBD', '2010/01/11', '2010/01/12', 150.00, 'SCHOENHUT', 'VERNICE', 2, 1)
--------------

Query OK, 1 row affected (0.00 sec)

--------------
INSERT INTO Reservations VALUES(62078, 'IBD', '2010/01/12', '2010/01/25', 172.50, 'BRODOWSKI', 'RODERICK', 1, 0)
--------------

Query OK, 1 row affected (0.01 sec)

--------------
INSERT INTO Reservations VALUES(43303, 'IBD', '2010/01/27', '2010/01/28', 150.00, 'MENINO', 'STEVEN', 1, 1)
--------------

Query OK, 1 row affected (0.01 sec)

--------------
INSERT INTO Reservations VALUES(14678, 'IBD', '2010/01/28', '2010/01/30', 150.00, 'SATERFIELD', 'FRANCISCO', 3, 1)
--------------

Query OK, 1 row affected (0.01 sec)

--------------
INSERT INTO Reservations VALUES(30363, 'IBD', '2010/01/30', '2010/02/09', 172.50, 'JAHALY', 'DELORSE', 3, 0)
--------------

Query OK, 1 row affected (0.01 sec)

--------------
INSERT INTO Reservations VALUES(80613, 'IBD', '2010/02/09', '2010/02/12', 135.00, 'CREDIT', 'JANESSA', 1, 3)
--------------

Query OK, 1 row affected (0.01 sec)

--------------
INSERT INTO Reservations VALUES(98216, 'IBD', '2010/02/18', '2010/02/25', 150.00, 'RAMSDEN', 'BILLIE', 1, 0)
--------------

Query OK, 1 row affected (0.00 sec)

--------------
INSERT INTO Reservations VALUES(43654, 'IBD', '2010/02/27', '2010/02/28', 172.50, 'BORROMEO', 'EBONY', 2, 1)
--------------

Query OK, 1 row affected (0.01 sec)

--------------
INSERT INTO Reservations VALUES(56509, 'IBD', '2010/03/08', '2010/03/10', 150.00, 'VONDRA', 'HUMBERTO', 3, 0)
--------------

Query OK, 1 row affected (0.01 sec)

--------------
INSERT INTO Reservations VALUES(95519, 'IBD', '2010/03/21', '2010/03/23', 172.50, 'ZINDEL', 'CHUNG', 2, 2)
--------------

Query OK, 1 row affected (0.01 sec)

--------------
INSERT INTO Reservations VALUES(57275, 'IBD', '2010/03/28', '2010/04/02', 150.00, 'MABRA', 'MARGET', 3, 0)
--------------

Query OK, 1 row affected (0.01 sec)

--------------
INSERT INTO Reservations VALUES(66089, 'IBD', '2010/04/06', '2010/04/07', 135.00, 'WINNEN', 'TYLER', 2, 1)
--------------

Query OK, 1 row affected (0.01 sec)

--------------
INSERT INTO Reservations VALUES(70741, 'IBD', '2010/04/09', '2010/04/14', 150.00, 'EERKES', 'CODY', 3, 0)
--------------

Query OK, 1 row affected (0.02 sec)

--------------
INSERT INTO Reservations VALUES(20107, 'IBD', '2010/04/14', '2010/04/16', 135.00, 'ARBUCKLE', 'LORENA', 2, 1)
--------------

Query OK, 1 row affected (0.01 sec)

--------------
INSERT INTO Reservations VALUES(13136, 'IBD', '2010/04/16', '2010/04/17', 187.50, 'FEYLER', 'EMILIA', 1, 0)
--------------

Query OK, 1 row affected (0.01 sec)

--------------
INSERT INTO Reservations VALUES(33427, 'IBD', '2010/04/17', '2010/04/21', 135.00, 'BEALLE', 'RASHAD', 1, 0)
--------------

Query OK, 1 row affected (0.01 sec)

--------------
INSERT INTO Reservations VALUES(80989, 'IBD', '2010/04/24', '2010/05/06', 150.00, 'TIPPIN', 'ASUNCION', 1, 0)
--------------

Query OK, 1 row affected (0.01 sec)

--------------
INSERT INTO Reservations VALUES(97996, 'IBD', '2010/05/06', '2010/05/07', 135.00, 'LUCIDO', 'AHMAD', 1, 1)
--------------

Query OK, 1 row affected (0.02 sec)

--------------
INSERT INTO Reservations VALUES(55870, 'IBD', '2010/05/08', '2010/05/13', 135.00, 'BELONGIE', 'BIBI', 1, 3)
--------------

Query OK, 1 row affected (0.01 sec)

--------------
INSERT INTO Reservations VALUES(11645, 'IBD', '2010/05/13', '2010/05/19', 135.00, 'SWAIT', 'DAN', 2, 1)
--------------

Query OK, 1 row affected (0.01 sec)

--------------
INSERT INTO Reservations VALUES(19394, 'IBD', '2010/05/23', '2010/05/25', 150.00, 'HARPE', 'GERMAN', 1, 2)
--------------

Query OK, 1 row affected (0.01 sec)

--------------
INSERT INTO Reservations VALUES(99845, 'IBD', '2010/05/27', '2010/05/28', 150.00, 'SEVILLANO', 'LILLI', 3, 0)
--------------

Query OK, 1 row affected (0.00 sec)

--------------
INSERT INTO Reservations VALUES(32933, 'IBD', '2010/06/05', '2010/06/06', 135.00, 'MURASSO', 'JAMIE', 2, 1)
--------------

Query OK, 1 row affected (0.01 sec)

--------------
INSERT INTO Reservations VALUES(83021, 'IBD', '2010/06/06', '2010/06/07', 172.50, 'KLAVETTER', 'DOUGLASS', 1, 3)
--------------

Query OK, 1 row affected (0.01 sec)

--------------
INSERT INTO Reservations VALUES(65153, 'IBD', '2010/06/12', '2010/06/14', 150.00, 'VEGHER', 'ANGELA', 1, 2)
--------------

Query OK, 1 row affected (0.01 sec)

--------------
INSERT INTO Reservations VALUES(96983, 'IBD', '2010/06/18', '2010/06/23', 127.50, 'CLOWERD', 'ARNULFO', 2, 1)
--------------

Query OK, 1 row affected (0.01 sec)

--------------
INSERT INTO Reservations VALUES(86560, 'IBD', '2010/06/23', '2010/06/24', 187.50, 'SHUTTERS', 'CLARINDA', 3, 1)
--------------

Query OK, 1 row affected (0.02 sec)

--------------
INSERT INTO Reservations VALUES(87086, 'IBD', '2010/06/28', '2010/07/07', 150.00, 'WAGERS', 'HOUSTON', 1, 0)
--------------

Query OK, 1 row affected (0.01 sec)

--------------
INSERT INTO Reservations VALUES(98882, 'IBD', '2010/07/07', '2010/07/14', 127.50, 'GOON', 'JONE', 1, 0)
--------------

Query OK, 1 row affected (0.01 sec)

--------------
INSERT INTO Reservations VALUES(27983, 'IBD', '2010/07/22', '2010/07/24', 135.00, 'SWARTWOOD', 'JENI', 3, 1)
--------------

Query OK, 1 row affected (0.01 sec)

--------------
INSERT INTO Reservations VALUES(37425, 'IBD', '2010/07/26', '2010/07/28', 150.00, 'FIERECK', 'ALBERTA', 4, 0)
--------------

Query OK, 1 row affected (0.01 sec)

--------------
INSERT INTO Reservations VALUES(17222, 'IBD', '2010/07/28', '2010/08/07', 150.00, 'BOHMAN', 'LAYNE', 1, 3)
--------------

Query OK, 1 row affected (0.02 sec)

--------------
INSERT INTO Reservations VALUES(20269, 'IBD', '2010/08/12', '2010/08/19', 135.00, 'BILLICK', 'NIEVES', 1, 0)
--------------

Query OK, 1 row affected (0.00 sec)

--------------
INSERT INTO Reservations VALUES(24326, 'IBD', '2010/08/19', '2010/08/21', 135.00, 'CULMER', 'LLOYD', 1, 3)
--------------

Query OK, 1 row affected (0.00 sec)

--------------
INSERT INTO Reservations VALUES(63600, 'IBD', '2010/08/21', '2010/08/28', 150.00, 'WEARS', 'LIBBIE', 3, 0)
--------------

Query OK, 1 row affected (0.01 sec)

--------------
INSERT INTO Reservations VALUES(37845, 'IBD', '2010/08/29', '2010/08/30', 127.50, 'PENEZ', 'AMIEE', 1, 0)
--------------

Query OK, 1 row affected (0.02 sec)

--------------
INSERT INTO Reservations VALUES(24986, 'IBD', '2010/08/30', '2010/09/01', 150.00, 'HEATH', 'PASQUALE', 4, 0)
--------------

Query OK, 1 row affected (0.01 sec)

--------------
INSERT INTO Reservations VALUES(12085, 'IBD', '2010/09/04', '2010/09/08', 135.00, 'GLASGLOW', 'EMMANUEL', 2, 0)
--------------

Query OK, 1 row affected (0.01 sec)

--------------
INSERT INTO Reservations VALUES(29937, 'IBD', '2010/09/08', '2010/09/10', 150.00, 'OBERHAUSEN', 'JODY', 2, 1)
--------------

Query OK, 1 row affected (0.01 sec)

--------------
INSERT INTO Reservations VALUES(11703, 'IBD', '2010/09/10', '2010/09/11', 172.50, 'HAVIS', 'SHERILYN', 2, 0)
--------------

Query OK, 1 row affected (0.01 sec)

--------------
INSERT INTO Reservations VALUES(10183, 'IBD', '2010/09/19', '2010/09/20', 150.00, 'GABLER', 'DOLLIE', 2, 0)
--------------

Query OK, 1 row affected (0.02 sec)

--------------
INSERT INTO Reservations VALUES(14149, 'IBD', '2010/09/20', '2010/09/22', 150.00, 'HOULIHAN', 'LEVI', 2, 1)
--------------

Query OK, 1 row affected (0.01 sec)

--------------
INSERT INTO Reservations VALUES(17405, 'IBD', '2010/10/02', '2010/10/03', 127.50, 'KESTER', 'KIZZY', 3, 1)
--------------

Query OK, 1 row affected (0.01 sec)

--------------
INSERT INTO Reservations VALUES(21625, 'IBD', '2010/10/03', '2010/10/14', 187.50, 'BOSE', 'FRANCISCO', 1, 2)
--------------

Query OK, 1 row affected (0.00 sec)

--------------
INSERT INTO Reservations VALUES(43651, 'IBD', '2010/10/19', '2010/10/21', 150.00, 'LAGERMAN', 'LEOLA', 2, 0)
--------------

Query OK, 1 row affected (0.01 sec)

--------------
INSERT INTO Reservations VALUES(37060, 'IBD', '2010/10/21', '2010/10/23', 150.00, 'PASSANTINO', 'DALLAS', 1, 3)
--------------

Query OK, 1 row affected (0.01 sec)

--------------
INSERT INTO Reservations VALUES(66548, 'IBD', '2010/10/23', '2010/10/26', 150.00, 'FEASTER', 'KRISTOPHER', 3, 0)
--------------

Query OK, 1 row affected (0.01 sec)

--------------
INSERT INTO Reservations VALUES(11857, 'IBD', '2010/10/27', '2010/10/29', 187.50, 'HARDINA', 'LORITA', 4, 0)
--------------

Query OK, 1 row affected (0.02 sec)

--------------
INSERT INTO Reservations VALUES(33395, 'IBD', '2010/10/31', '2010/11/02', 150.00, 'METER', 'ROSA', 2, 0)
--------------

Query OK, 1 row affected (0.02 sec)

--------------
INSERT INTO Reservations VALUES(43584, 'IBD', '2010/11/02', '2010/11/04', 135.00, 'BRUSKI', 'MONTY', 1, 2)
--------------

Query OK, 1 row affected (0.00 sec)

--------------
INSERT INTO Reservations VALUES(93736, 'IBD', '2010/11/07', '2010/11/10', 135.00, 'TREGRE', 'COLTON', 2, 1)
--------------

Query OK, 1 row affected (0.01 sec)

--------------
INSERT INTO Reservations VALUES(44310, 'IBD', '2010/11/15', '2010/11/21', 135.00, 'DIEZ', 'NADIA', 4, 0)
--------------

Query OK, 1 row affected (0.00 sec)

--------------
INSERT INTO Reservations VALUES(47511, 'IBD', '2010/11/21', '2010/11/22', 172.50, 'VELIE', 'NIKKI', 1, 2)
--------------

Query OK, 1 row affected (0.01 sec)

--------------
INSERT INTO Reservations VALUES(88892, 'IBD', '2010/11/22', '2010/11/26', 187.50, 'MARKWORTH', 'DESPINA', 4, 0)
--------------

Query OK, 1 row affected (0.00 sec)

--------------
INSERT INTO Reservations VALUES(26798, 'IBD', '2010/11/30', '2010/12/06', 135.00, 'BONJORNO', 'IGNACIO', 1, 1)
--------------

Query OK, 1 row affected (0.00 sec)

--------------
INSERT INTO Reservations VALUES(33195, 'IBD', '2010/12/06', '2010/12/12', 150.00, 'DEHLINGER', 'VANCE', 3, 1)
--------------

Query OK, 1 row affected (0.02 sec)

--------------
INSERT INTO Reservations VALUES(72506, 'IBD', '2010/12/12', '2010/12/25', 150.00, 'KNERIEN', 'GRANT', 2, 0)
--------------

Query OK, 1 row affected (0.00 sec)

--------------
INSERT INTO Reservations VALUES(70889, 'IBD', '2010/12/25', '2010/12/26', 172.50, 'DINUNZIO', 'FELIPE', 1, 3)
--------------

Query OK, 1 row affected (0.01 sec)

--------------
INSERT INTO Reservations VALUES(72890, 'IBD', '2010/12/26', '2010/12/27', 172.50, 'AKHTAR', 'BENTON', 1, 0)
--------------

Query OK, 1 row affected (0.00 sec)

--------------
INSERT INTO Reservations VALUES(71679, 'IBD', '2010/12/27', '2010/12/31', 172.50, 'MIKEL', 'BRIGIDA', 1, 0)
--------------

Query OK, 1 row affected (0.02 sec)

--------------
INSERT INTO Reservations VALUES(43692, 'IBD', '2010/12/31', '2011/01/01', 172.50, 'BEAMON', 'HYACINTH', 1, 0)
--------------

Query OK, 1 row affected (0.01 sec)

--------------
INSERT INTO Reservations VALUES(83481, 'TAA', '2010/01/03', '2010/01/07', 67.50, 'ENGELSON', 'MIKKI', 2, 0)
--------------

Query OK, 1 row affected (0.00 sec)

--------------
INSERT INTO Reservations VALUES(38209, 'TAA', '2010/01/08', '2010/01/13', 86.25, 'ECKERT', 'EDIE', 1, 0)
--------------

Query OK, 1 row affected (0.00 sec)

--------------
INSERT INTO Reservations VALUES(89102, 'TAA', '2010/01/14', '2010/01/15', 67.50, 'CARBACK', 'ZOLA', 2, 0)
--------------

Query OK, 1 row affected (0.00 sec)

--------------
INSERT INTO Reservations VALUES(87915, 'TAA', '2010/01/18', '2010/01/24', 63.75, 'ACHENBACH', 'HERB', 1, 0)
--------------

Query OK, 1 row affected (0.01 sec)

--------------
INSERT INTO Reservations VALUES(57627, 'TAA', '2010/01/29', '2010/02/05', 67.50, 'SWEAZY', 'ROY', 1, 1)
--------------

Query OK, 1 row affected (0.01 sec)

--------------
INSERT INTO Reservations VALUES(77911, 'TAA', '2010/02/05', '2010/02/07', 75.00, 'WIDOWSKI', 'EUSEBIO', 2, 0)
--------------

Query OK, 1 row affected (0.02 sec)

--------------
INSERT INTO Reservations VALUES(56475, 'TAA', '2010/02/07', '2010/02/08', 93.75, 'KLIGER', 'TRICIA', 1, 0)
--------------

Query OK, 1 row affected (0.01 sec)

--------------
INSERT INTO Reservations VALUES(89519, 'TAA', '2010/02/09', '2010/02/10', 75.00, 'STIMSON', 'NICOLA', 1, 0)
--------------

Query OK, 1 row affected (0.01 sec)

--------------
INSERT INTO Reservations VALUES(62313, 'TAA', '2010/02/10', '2010/02/12', 86.25, 'WAEGNER', 'BROOKS', 1, 1)
--------------

Query OK, 1 row affected (0.01 sec)

--------------
INSERT INTO Reservations VALUES(68829, 'TAA', '2010/02/12', '2010/02/15', 67.50, 'POIRRIER', 'SUZETTE', 1, 1)
--------------

Query OK, 1 row affected (0.01 sec)

--------------
INSERT INTO Reservations VALUES(84756, 'TAA', '2010/02/19', '2010/02/22', 75.00, 'CARLYLE', 'BILLYE', 1, 1)
--------------

Query OK, 1 row affected (0.02 sec)

--------------
INSERT INTO Reservations VALUES(13972, 'TAA', '2010/02/22', '2010/02/25', 67.50, 'DAYA', 'COREY', 2, 0)
--------------

Query OK, 1 row affected (0.01 sec)

--------------
INSERT INTO Reservations VALUES(55985, 'TAA', '2010/02/25', '2010/02/26', 86.25, 'BASSI', 'DUSTY', 1, 0)
--------------

Query OK, 1 row affected (0.01 sec)

--------------
INSERT INTO Reservations VALUES(92508, 'TAA', '2010/02/26', '2010/02/27', 75.00, 'MULE', 'DIONNA', 2, 0)
--------------

Query OK, 1 row affected (0.00 sec)

--------------
INSERT INTO Reservations VALUES(56344, 'TAA', '2010/03/02', '2010/03/03', 86.25, 'INGUARDSEN', 'HARRISON', 1, 0)
--------------

Query OK, 1 row affected (0.01 sec)

--------------
INSERT INTO Reservations VALUES(24420, 'TAA', '2010/03/03', '2010/03/12', 75.00, 'SCHLESSER', 'FLOYD', 1, 1)
--------------

Query OK, 1 row affected (0.01 sec)

--------------
INSERT INTO Reservations VALUES(74927, 'TAA', '2010/03/24', '2010/03/26', 67.50, 'MACROSTIE', 'SABRINA', 1, 0)
--------------

Query OK, 1 row affected (0.01 sec)

--------------
INSERT INTO Reservations VALUES(69499, 'TAA', '2010/03/27', '2010/03/29', 75.00, 'AKHTAR', 'BENTON', 1, 0)
--------------

Query OK, 1 row affected (0.01 sec)

--------------
INSERT INTO Reservations VALUES(44771, 'TAA', '2010/03/29', '2010/03/30', 67.50, 'NOBLIN', 'BELKIS', 2, 0)
--------------

Query OK, 1 row affected (0.01 sec)

--------------
INSERT INTO Reservations VALUES(31636, 'TAA', '2010/04/09', '2010/04/11', 75.00, 'FAGERSTROM', 'ALLAN', 1, 0)
--------------

Query OK, 1 row affected (0.01 sec)

--------------
INSERT INTO Reservations VALUES(36855, 'TAA', '2010/04/13', '2010/04/14', 67.50, 'TRAMM', 'SANG', 1, 0)
--------------

Query OK, 1 row affected (0.00 sec)

--------------
INSERT INTO Reservations VALUES(92463, 'TAA', '2010/04/14', '2010/04/15', 75.00, 'DAOUD', 'STEPHEN', 1, 0)
--------------

Query OK, 1 row affected (0.00 sec)

--------------
INSERT INTO Reservations VALUES(26423, 'TAA', '2010/04/15', '2010/04/18', 86.25, 'DEININGER', 'RICKIE', 1, 1)
--------------

Query OK, 1 row affected (0.01 sec)

--------------
INSERT INTO Reservations VALUES(49886, 'TAA', '2010/04/21', '2010/04/27', 86.25, 'BRINAR', 'WOODROW', 1, 1)
--------------

Query OK, 1 row affected (0.01 sec)

--------------
INSERT INTO Reservations VALUES(75081, 'TAA', '2010/04/27', '2010/05/07', 75.00, 'HANSEN', 'LAREE', 1, 0)
--------------

Query OK, 1 row affected (0.01 sec)

--------------
INSERT INTO Reservations VALUES(29496, 'TAA', '2010/05/07', '2010/05/14', 75.00, 'HONIGSBERG', 'PEARLENE', 1, 0)
--------------

Query OK, 1 row affected (0.01 sec)

--------------
INSERT INTO Reservations VALUES(97924, 'TAA', '2010/05/19', '2010/05/21', 75.00, 'SPECTOR', 'FRITZ', 2, 0)
--------------

Query OK, 1 row affected (0.01 sec)

--------------
INSERT INTO Reservations VALUES(61861, 'TAA', '2010/05/30', '2010/06/12', 86.25, 'EASTLING', 'AUNDREA', 1, 0)
--------------

Query OK, 1 row affected (0.00 sec)

--------------
INSERT INTO Reservations VALUES(27125, 'TAA', '2010/06/13', '2010/06/15', 75.00, 'BOESER', 'DIVINA', 1, 0)
--------------

Query OK, 1 row affected (0.01 sec)

--------------
INSERT INTO Reservations VALUES(26487, 'TAA', '2010/06/15', '2010/06/19', 63.75, 'JUHL', 'MILLARD', 1, 0)
--------------

Query OK, 1 row affected (0.01 sec)

--------------
INSERT INTO Reservations VALUES(97491, 'TAA', '2010/06/19', '2010/06/23', 86.25, 'BALCOM', 'JOEY', 1, 0)
--------------

Query OK, 1 row affected (0.01 sec)

--------------
INSERT INTO Reservations VALUES(49153, 'TAA', '2010/06/23', '2010/06/30', 86.25, 'ZEPEDA', 'ELANA', 1, 0)
--------------

Query OK, 1 row affected (0.01 sec)

--------------
INSERT INTO Reservations VALUES(68265, 'TAA', '2010/06/30', '2010/07/03', 67.50, 'BREGER', 'BOYD', 2, 0)
--------------

Query OK, 1 row affected (0.01 sec)

--------------
INSERT INTO Reservations VALUES(94949, 'TAA', '2010/07/03', '2010/07/09', 75.00, 'FINEFROCK', 'ALEXIS', 1, 1)
--------------

Query OK, 1 row affected (0.01 sec)

--------------
INSERT INTO Reservations VALUES(67917, 'TAA', '2010/07/09', '2010/07/13', 75.00, 'SALERNO', 'LOU', 1, 0)
--------------

Query OK, 1 row affected (0.02 sec)

--------------
INSERT INTO Reservations VALUES(86151, 'TAA', '2010/07/13', '2010/07/15', 67.50, 'RIOPEL', 'TANA', 1, 1)
--------------

Query OK, 1 row affected (0.01 sec)

--------------
INSERT INTO Reservations VALUES(32112, 'TAA', '2010/07/20', '2010/07/27', 75.00, 'SAMPLES', 'CLAIR', 1, 0)
--------------

Query OK, 1 row affected (0.01 sec)

--------------
INSERT INTO Reservations VALUES(94735, 'TAA', '2010/07/31', '2010/08/05', 75.00, 'ALMGREN', 'CHANTAY', 1, 1)
--------------

Query OK, 1 row affected (0.01 sec)

--------------
INSERT INTO Reservations VALUES(89433, 'TAA', '2010/08/08', '2010/08/18', 63.75, 'SHALHOUP', 'AMAL', 1, 0)
--------------

Query OK, 1 row affected (0.01 sec)

--------------
INSERT INTO Reservations VALUES(19017, 'TAA', '2010/08/18', '2010/08/30', 86.25, 'EERKES', 'CODY', 2, 0)
--------------

Query OK, 1 row affected (0.00 sec)

--------------
INSERT INTO Reservations VALUES(38017, 'TAA', '2010/09/05', '2010/09/07', 75.00, 'SHOULDER', 'FLORENTINO', 2, 0)
--------------

Query OK, 1 row affected (0.01 sec)

--------------
INSERT INTO Reservations VALUES(85547, 'TAA', '2010/09/11', '2010/09/16', 93.75, 'EMIGHOLZ', 'ERWIN', 1, 1)
--------------

Query OK, 1 row affected (0.01 sec)

--------------
INSERT INTO Reservations VALUES(35546, 'TAA', '2010/09/19', '2010/09/24', 67.50, 'YUK', 'TIM', 1, 0)
--------------

Query OK, 1 row affected (0.02 sec)

--------------
INSERT INTO Reservations VALUES(32552, 'TAA', '2010/10/11', '2010/10/12', 75.00, 'MIDTHUN', 'EMMANUEL', 1, 0)
--------------

Query OK, 1 row affected (0.01 sec)

--------------
INSERT INTO Reservations VALUES(16693, 'TAA', '2010/10/17', '2010/10/18', 67.50, 'ASHCROFT', 'RONALD', 1, 0)
--------------

Query OK, 1 row affected (0.01 sec)

--------------
INSERT INTO Reservations VALUES(20463, 'TAA', '2010/10/19', '2010/10/22', 75.00, 'VANBLARICUM', 'CRISTIE', 1, 1)
--------------

Query OK, 1 row affected (0.01 sec)

--------------
INSERT INTO Reservations VALUES(69654, 'TAA', '2010/10/23', '2010/10/29', 75.00, 'TOLLINCHI', 'CHRISTOPER', 2, 0)
--------------

Query OK, 1 row affected (0.02 sec)

--------------
INSERT INTO Reservations VALUES(67381, 'TAA', '2010/11/02', '2010/11/04', 75.00, 'GUERETTE', 'CLARETTA', 2, 0)
--------------

Query OK, 1 row affected (0.01 sec)

--------------
INSERT INTO Reservations VALUES(58942, 'TAA', '2010/11/04', '2010/11/08', 75.00, 'HULETTE', 'DARIUS', 1, 0)
--------------

Query OK, 1 row affected (0.01 sec)

--------------
INSERT INTO Reservations VALUES(76087, 'TAA', '2010/11/18', '2010/11/23', 67.50, 'SELIGA', 'LEOPOLDO', 1, 1)
--------------

Query OK, 1 row affected (0.01 sec)

--------------
INSERT INTO Reservations VALUES(81825, 'TAA', '2010/11/25', '2010/11/27', 86.25, 'DEVEY', 'GIUSEPPE', 1, 1)
--------------

Query OK, 1 row affected (0.01 sec)

--------------
INSERT INTO Reservations VALUES(90621, 'TAA', '2010/11/28', '2010/11/30', 86.25, 'RENDLEMAN', 'JULI', 1, 0)
--------------

Query OK, 1 row affected (0.02 sec)

--------------
INSERT INTO Reservations VALUES(42000, 'TAA', '2010/12/04', '2010/12/11', 93.75, 'STRINGFELLOW', 'GEARLDINE', 2, 0)
--------------

Query OK, 1 row affected (0.01 sec)

--------------
INSERT INTO Reservations VALUES(33013, 'TAA', '2010/12/16', '2010/12/18', 67.50, 'STYCH', 'DIA', 1, 0)
--------------

Query OK, 1 row affected (0.01 sec)

--------------
INSERT INTO Reservations VALUES(33339, 'TAA', '2010/12/22', '2010/12/27', 67.50, 'WISSINGER', 'JACQUES', 1, 0)
--------------

Query OK, 1 row affected (0.01 sec)

--------------
INSERT INTO Reservations VALUES(54274, 'TAA', '2010/12/27', '2010/12/28', 75.00, 'PEYATT', 'SHERON', 1, 0)
--------------

Query OK, 1 row affected (0.01 sec)

--------------
INSERT INTO Reservations VALUES(84497, 'TAA', '2010/12/28', '2010/12/29', 75.00, 'FRERICKS', 'RONNY', 2, 0)
--------------

Query OK, 1 row affected (0.02 sec)

--------------
INSERT INTO Reservations VALUES(46908, 'TAA', '2010/12/29', '2010/12/30', 86.25, 'PULOS', 'ROBERTO', 1, 0)
--------------

Query OK, 1 row affected (0.00 sec)

--------------
INSERT INTO Reservations VALUES(47108, 'TAA', '2010/12/30', '2011/01/12', 75.00, 'WILCUTT', 'BLAINE', 1, 0)
--------------

Query OK, 1 row affected (0.00 sec)

--------------
INSERT INTO Reservations VALUES(87722, 'CAS', '2010/01/01', '2010/01/07', 175.00, 'GIERLING', 'TRENT', 2, 0)
--------------

Query OK, 1 row affected (0.01 sec)

--------------
INSERT INTO Reservations VALUES(24980, 'CAS', '2010/01/07', '2010/01/08', 201.25, 'GRONDAHL', 'ELVINA', 1, 0)
--------------

Query OK, 1 row affected (0.02 sec)

--------------
INSERT INTO Reservations VALUES(38140, 'CAS', '2010/01/22', '2010/01/23', 218.75, 'KUDRON', 'CATHERIN', 3, 0)
--------------

Query OK, 1 row affected (0.01 sec)

--------------
INSERT INTO Reservations VALUES(75632, 'CAS', '2010/01/26', '2010/01/27', 148.75, 'DONIGAN', 'GLEN', 2, 1)
--------------

Query OK, 1 row affected (0.01 sec)

--------------
INSERT INTO Reservations VALUES(97542, 'CAS', '2010/01/27', '2010/01/29', 175.00, 'GARZONE', 'EDISON', 3, 0)
--------------

Query OK, 1 row affected (0.01 sec)

--------------
INSERT INTO Reservations VALUES(89101, 'CAS', '2010/01/29', '2010/01/30', 201.25, 'GIOVANINI', 'ROXANE', 1, 1)
--------------

Query OK, 1 row affected (0.01 sec)

--------------
INSERT INTO Reservations VALUES(57298, 'CAS', '2010/01/30', '2010/02/03', 148.75, 'KNOP', 'JEFFRY', 1, 0)
--------------

Query OK, 1 row affected (0.00 sec)

--------------
INSERT INTO Reservations VALUES(56797, 'CAS', '2010/02/03', '2010/02/05', 175.00, 'PFEUFFER', 'VALENTIN', 3, 0)
--------------

Query OK, 1 row affected (0.01 sec)

--------------
INSERT INTO Reservations VALUES(32138, 'CAS', '2010/02/05', '2010/02/07', 175.00, 'KOEHNE', 'YUONNE', 3, 1)
--------------

Query OK, 1 row affected (0.01 sec)

--------------
INSERT INTO Reservations VALUES(74036, 'CAS', '2010/02/08', '2010/02/14', 175.00, 'MANTERNACH', 'ALBERTA', 2, 0)
--------------

Query OK, 1 row affected (0.01 sec)

--------------
INSERT INTO Reservations VALUES(90483, 'CAS', '2010/02/14', '2010/02/25', 175.00, 'HUIZINGA', 'GILBERT', 2, 1)
--------------

Query OK, 1 row affected (0.02 sec)

--------------
INSERT INTO Reservations VALUES(83347, 'CAS', '2010/02/26', '2010/02/28', 201.25, 'MCCULLARS', 'ALEIDA', 2, 0)
--------------

Query OK, 1 row affected (0.01 sec)

--------------
INSERT INTO Reservations VALUES(99340, 'CAS', '2010/03/04', '2010/03/05', 175.00, 'DONIGAN', 'GLEN', 3, 0)
--------------

Query OK, 1 row affected (0.01 sec)

--------------
INSERT INTO Reservations VALUES(90569, 'CAS', '2010/03/06', '2010/03/07', 201.25, 'LIBBERTON', 'SAM', 1, 0)
--------------

Query OK, 1 row affected (0.01 sec)

--------------
INSERT INTO Reservations VALUES(36156, 'CAS', '2010/03/07', '2010/03/12', 175.00, 'GUILFOIL', 'KOREY', 2, 0)
--------------

Query OK, 1 row affected (0.01 sec)

--------------
INSERT INTO Reservations VALUES(66494, 'CAS', '2010/03/14', '2010/03/18', 157.50, 'KOLB', 'ENA', 3, 0)
--------------

Query OK, 1 row affected (0.02 sec)

--------------
INSERT INTO Reservations VALUES(11718, 'CAS', '2010/03/18', '2010/03/19', 157.50, 'GLIWSKI', 'DAN', 2, 1)
--------------

Query OK, 1 row affected (0.01 sec)

--------------
INSERT INTO Reservations VALUES(20991, 'CAS', '2010/03/19', '2010/04/01', 201.25, 'PLYMEL', 'STEPHEN', 1, 0)
--------------

Query OK, 1 row affected (0.01 sec)

--------------
INSERT INTO Reservations VALUES(92372, 'CAS', '2010/04/01', '2010/04/03', 175.00, 'GOODHUE', 'RUSSELL', 1, 0)
--------------

Query OK, 1 row affected (0.01 sec)

--------------
INSERT INTO Reservations VALUES(46496, 'CAS', '2010/04/08', '2010/04/12', 175.00, 'ALWINE', 'SHAWANDA', 3, 0)
--------------

Query OK, 1 row affected (0.01 sec)

--------------
INSERT INTO Reservations VALUES(31695, 'CAS', '2010/04/16', '2010/04/18', 148.75, 'KEPKE', 'HAROLD', 2, 0)
--------------

Query OK, 1 row affected (0.02 sec)

--------------
INSERT INTO Reservations VALUES(14644, 'CAS', '2010/04/23', '2010/04/24', 148.75, 'VOLANTE', 'EMERY', 4, 0)
--------------

Query OK, 1 row affected (0.01 sec)

--------------
INSERT INTO Reservations VALUES(12631, 'CAS', '2010/04/24', '2010/04/26', 175.00, 'ONEEL', 'PASQUALE', 1, 0)
--------------

Query OK, 1 row affected (0.01 sec)

--------------
INSERT INTO Reservations VALUES(83133, 'CAS', '2010/04/26', '2010/04/27', 175.00, 'JEE', 'HERMAN', 2, 2)
--------------

Query OK, 1 row affected (0.01 sec)

--------------
INSERT INTO Reservations VALUES(93732, 'CAS', '2010/04/30', '2010/05/02', 157.50, 'STARE', 'ELIJAH', 1, 0)
--------------

Query OK, 1 row affected (0.01 sec)

--------------
INSERT INTO Reservations VALUES(82884, 'CAS', '2010/05/07', '2010/05/08', 157.50, 'LEVAR', 'NYLA', 2, 1)
--------------

Query OK, 1 row affected (0.02 sec)

--------------
INSERT INTO Reservations VALUES(13192, 'CAS', '2010/05/08', '2010/05/15', 175.00, 'MCCORVEY', 'JESUS', 1, 0)
--------------

Query OK, 1 row affected (0.00 sec)

--------------
INSERT INTO Reservations VALUES(46797, 'CAS', '2010/05/15', '2010/05/16', 175.00, 'VANBLARICUM', 'CRISTIE', 3, 1)
--------------

Query OK, 1 row affected (0.00 sec)

--------------
INSERT INTO Reservations VALUES(93382, 'CAS', '2010/05/16', '2010/05/22', 175.00, 'PACHERO', 'MAGAN', 2, 2)
--------------

Query OK, 1 row affected (0.02 sec)

--------------
INSERT INTO Reservations VALUES(83866, 'CAS', '2010/06/01', '2010/06/05', 148.75, 'BARBER', 'CALEB', 3, 0)
--------------

Query OK, 1 row affected (0.01 sec)

--------------
INSERT INTO Reservations VALUES(70937, 'CAS', '2010/06/06', '2010/06/07', 148.75, 'BERTINI', 'DYAN', 3, 0)
--------------

Query OK, 1 row affected (0.01 sec)

--------------
INSERT INTO Reservations VALUES(92150, 'CAS', '2010/06/13', '2010/06/16', 157.50, 'BOBSEINE', 'HUMBERTO', 1, 2)
--------------

Query OK, 1 row affected (0.01 sec)

--------------
INSERT INTO Reservations VALUES(87631, 'CAS', '2010/06/16', '2010/06/23', 175.00, 'EDEMANN', 'KACI', 1, 0)
--------------

Query OK, 1 row affected (0.01 sec)

--------------
INSERT INTO Reservations VALUES(70863, 'CAS', '2010/06/23', '2010/07/05', 201.25, 'MUHLESTEIN', 'REINALDO', 1, 2)
--------------

Query OK, 1 row affected (0.02 sec)

--------------
INSERT INTO Reservations VALUES(29003, 'CAS', '2010/07/05', '2010/07/07', 175.00, 'MASSER', 'TROY', 1, 1)
--------------

Query OK, 1 row affected (0.01 sec)

--------------
INSERT INTO Reservations VALUES(21050, 'CAS', '2010/07/11', '2010/07/17', 175.00, 'CHATTERJEE', 'ALFRED', 3, 0)
--------------

Query OK, 1 row affected (0.01 sec)

--------------
INSERT INTO Reservations VALUES(59593, 'CAS', '2010/07/17', '2010/07/18', 218.75, 'GRULKEY', 'JULIO', 1, 3)
--------------

Query OK, 1 row affected (0.01 sec)

--------------
INSERT INTO Reservations VALUES(92515, 'CAS', '2010/07/18', '2010/07/25', 201.25, 'LIESTMAN', 'TOVA', 2, 0)
--------------

Query OK, 1 row affected (0.00 sec)

--------------
INSERT INTO Reservations VALUES(80282, 'CAS', '2010/07/27', '2010/07/29', 157.50, 'PETERSON', 'SHARRI', 1, 1)
--------------

Query OK, 1 row affected (0.00 sec)

--------------
INSERT INTO Reservations VALUES(42424, 'CAS', '2010/08/01', '2010/08/14', 157.50, 'SCARPINO', 'BERNITA', 2, 0)
--------------

Query OK, 1 row affected (0.01 sec)

--------------
INSERT INTO Reservations VALUES(19812, 'CAS', '2010/08/14', '2010/08/15', 157.50, 'MCCARTER', 'IVAN', 3, 1)
--------------

Query OK, 1 row affected (0.01 sec)

--------------
INSERT INTO Reservations VALUES(85102, 'CAS', '2010/08/15', '2010/08/16', 201.25, 'GIANOPULOS', 'LYLA', 1, 0)
--------------

Query OK, 1 row affected (0.01 sec)

--------------
INSERT INTO Reservations VALUES(90653, 'CAS', '2010/08/16', '2010/08/17', 175.00, 'SHIYOU', 'SYLVIE', 1, 0)
--------------

Query OK, 1 row affected (0.01 sec)

--------------
INSERT INTO Reservations VALUES(32565, 'CAS', '2010/08/21', '2010/08/26', 157.50, 'KALAFATIS', 'KEITH', 3, 0)
--------------

Query OK, 1 row affected (0.01 sec)

--------------
INSERT INTO Reservations VALUES(28447, 'CAS', '2010/08/26', '2010/08/27', 175.00, 'GEOHAGAN', 'ISSAC', 2, 2)
--------------

Query OK, 1 row affected (0.01 sec)

--------------
INSERT INTO Reservations VALUES(75770, 'CAS', '2010/08/27', '2010/08/29', 175.00, 'TRIGLETH', 'REYES', 3, 0)
--------------

Query OK, 1 row affected (0.01 sec)

--------------
INSERT INTO Reservations VALUES(26380, 'CAS', '2010/08/30', '2010/08/31', 201.25, 'KABZINSKI', 'MILLIE', 1, 0)
--------------

Query OK, 1 row affected (0.00 sec)

--------------
INSERT INTO Reservations VALUES(15059, 'CAS', '2010/08/31', '2010/09/07', 157.50, 'LERCH', 'NICKY', 3, 1)
--------------

Query OK, 1 row affected (0.00 sec)

--------------
INSERT INTO Reservations VALUES(21863, 'CAS', '2010/09/07', '2010/09/08', 175.00, 'ARGOTE', 'ODELIA', 1, 0)
--------------

Query OK, 1 row affected (0.01 sec)

--------------
INSERT INTO Reservations VALUES(62161, 'CAS', '2010/09/08', '2010/09/09', 157.50, 'IKEDA', 'FREEMAN', 1, 0)
--------------

Query OK, 1 row affected (0.02 sec)

--------------
INSERT INTO Reservations VALUES(32781, 'CAS', '2010/09/09', '2010/09/15', 175.00, 'DURAN', 'BO', 2, 2)
--------------

Query OK, 1 row affected (0.01 sec)

--------------
INSERT INTO Reservations VALUES(98805, 'CAS', '2010/09/16', '2010/09/18', 175.00, 'WITHFIELD', 'IVORY', 1, 1)
--------------

Query OK, 1 row affected (0.01 sec)

--------------
INSERT INTO Reservations VALUES(37456, 'CAS', '2010/09/18', '2010/09/19', 175.00, 'BOWEN', 'NIDA', 2, 0)
--------------

Query OK, 1 row affected (0.01 sec)

--------------
INSERT INTO Reservations VALUES(10990, 'CAS', '2010/09/21', '2010/09/27', 175.00, 'TRACHSEL', 'DAMIEN', 1, 3)
--------------

Query OK, 1 row affected (0.01 sec)

--------------
INSERT INTO Reservations VALUES(72813, 'CAS', '2010/09/29', '2010/10/03', 201.25, 'WEINLAND', 'BEV', 3, 1)
--------------

Query OK, 1 row affected (0.02 sec)

--------------
INSERT INTO Reservations VALUES(21216, 'CAS', '2010/10/03', '2010/10/04', 201.25, 'VANNAMAN', 'ERICH', 1, 0)
--------------

Query OK, 1 row affected (0.01 sec)

--------------
INSERT INTO Reservations VALUES(98711, 'CAS', '2010/10/08', '2010/10/09', 201.25, 'ROSSEY', 'ALLEN', 1, 0)
--------------

Query OK, 1 row affected (0.00 sec)

--------------
INSERT INTO Reservations VALUES(88863, 'CAS', '2010/10/22', '2010/10/23', 175.00, 'TOAN', 'YONG', 1, 0)
--------------

Query OK, 1 row affected (0.01 sec)

--------------
INSERT INTO Reservations VALUES(60313, 'CAS', '2010/10/28', '2010/10/30', 218.75, 'SLONE', 'LARITA', 1, 1)
--------------

Query OK, 1 row affected (0.01 sec)

--------------
INSERT INTO Reservations VALUES(80582, 'CAS', '2010/10/30', '2010/11/09', 201.25, 'PFEUFFER', 'FREDRICK', 1, 0)
--------------

Query OK, 1 row affected (0.00 sec)

--------------
INSERT INTO Reservations VALUES(98328, 'CAS', '2010/11/14', '2010/11/15', 201.25, 'MORAWSKI', 'KRIS', 1, 3)
--------------

Query OK, 1 row affected (0.00 sec)

--------------
INSERT INTO Reservations VALUES(16234, 'CAS', '2010/11/15', '2010/11/16', 157.50, 'GRABILL', 'JULEE', 2, 0)
--------------

Query OK, 1 row affected (0.02 sec)

--------------
INSERT INTO Reservations VALUES(32739, 'CAS', '2010/11/20', '2010/11/24', 148.75, 'SHAFE', 'TUAN', 1, 2)
--------------

Query OK, 1 row affected (0.01 sec)

--------------
INSERT INTO Reservations VALUES(94073, 'CAS', '2010/11/27', '2010/12/03', 175.00, 'MANSELL', 'FLORENTINO', 1, 0)
--------------

Query OK, 1 row affected (0.01 sec)

--------------
INSERT INTO Reservations VALUES(32015, 'CAS', '2010/12/03', '2010/12/05', 201.25, 'EADER', 'JACKIE', 2, 0)
--------------

Query OK, 1 row affected (0.01 sec)

--------------
INSERT INTO Reservations VALUES(59986, 'CAS', '2010/12/05', '2010/12/09', 175.00, 'WEINAND', 'HARRIETT', 1, 0)
--------------

Query OK, 1 row affected (0.01 sec)

--------------
INSERT INTO Reservations VALUES(36345, 'CAS', '2010/12/10', '2010/12/12', 157.50, 'TURVAVILLE', 'TYLER', 1, 0)
--------------

Query OK, 1 row affected (0.01 sec)

--------------
INSERT INTO Reservations VALUES(99478, 'CAS', '2010/12/29', '2010/12/31', 157.50, 'WENRICH', 'ELWOOD', 3, 0)
--------------

Query OK, 1 row affected (0.00 sec)

--------------
INSERT INTO Reservations VALUES(93389, 'CAS', '2010/12/31', '2011/01/08', 218.75, 'PELLOWSKI', 'ELKE', 1, 0)
--------------

Query OK, 1 row affected (0.00 sec)

--------------
INSERT INTO Reservations VALUES(32896, 'RTE', '2010/01/06', '2010/01/13', 157.50, 'LUTFY', 'LIZETTE', 1, 2)
--------------

Query OK, 1 row affected (0.01 sec)

--------------
INSERT INTO Reservations VALUES(24412, 'RTE', '2010/01/23', '2010/01/30', 175.00, 'PENEZ', 'AMIEE', 2, 0)
--------------

Query OK, 1 row affected (0.00 sec)

--------------
INSERT INTO Reservations VALUES(76432, 'RTE', '2010/01/30', '2010/02/03', 148.75, 'DIEUDONNE', 'KRYSTEN', 2, 2)
--------------

Query OK, 1 row affected (0.00 sec)

--------------
INSERT INTO Reservations VALUES(62024, 'RTE', '2010/02/06', '2010/02/12', 157.50, 'LUTTRELL', 'MONTY', 1, 3)
--------------

Query OK, 1 row affected (0.01 sec)

--------------
INSERT INTO Reservations VALUES(25374, 'RTE', '2010/02/15', '2010/02/17', 157.50, 'JASPERS', 'LIBBIE', 1, 0)
--------------

Query OK, 1 row affected (0.00 sec)

--------------
INSERT INTO Reservations VALUES(45483, 'RTE', '2010/02/17', '2010/02/18', 157.50, 'JENQUIN', 'JAY', 2, 0)
--------------

Query OK, 1 row affected (0.00 sec)

--------------
INSERT INTO Reservations VALUES(77094, 'RTE', '2010/02/23', '2010/02/27', 218.75, 'DISHAW', 'CODY', 1, 2)
--------------

Query OK, 1 row affected (0.00 sec)

--------------
INSERT INTO Reservations VALUES(93672, 'RTE', '2010/02/28', '2010/03/04', 148.75, 'SOMO', 'FELICITAS', 1, 1)
--------------

Query OK, 1 row affected (0.01 sec)

--------------
INSERT INTO Reservations VALUES(49606, 'RTE', '2010/03/04', '2010/03/05', 201.25, 'YOKUM', 'GARRY', 1, 3)
--------------

Query OK, 1 row affected (0.02 sec)

--------------
INSERT INTO Reservations VALUES(23740, 'RTE', '2010/03/07', '2010/03/12', 218.75, 'NOWLEY', 'ROMEO', 2, 0)
--------------

Query OK, 1 row affected (0.01 sec)

--------------
INSERT INTO Reservations VALUES(14447, 'RTE', '2010/03/14', '2010/03/18', 201.25, 'MAASCH', 'CHARISSA', 2, 0)
--------------

Query OK, 1 row affected (0.01 sec)

--------------
INSERT INTO Reservations VALUES(52353, 'RTE', '2010/03/31', '2010/04/07', 201.25, 'WISWELL', 'JERROD', 1, 0)
--------------

Query OK, 1 row affected (0.01 sec)

--------------
INSERT INTO Reservations VALUES(45279, 'RTE', '2010/04/08', '2010/04/12', 201.25, 'HALBERSTAM', 'SHERRILL', 4, 0)
--------------

Query OK, 1 row affected (0.01 sec)

--------------
INSERT INTO Reservations VALUES(50459, 'RTE', '2010/04/14', '2010/04/15', 218.75, 'LORENZANO', 'SON', 1, 2)
--------------

Query OK, 1 row affected (0.00 sec)

--------------
INSERT INTO Reservations VALUES(50458, 'RTE', '2010/04/18', '2010/04/20', 175.00, 'VOLANTE', 'EMERY', 1, 2)
--------------

Query OK, 1 row affected (0.01 sec)

--------------
INSERT INTO Reservations VALUES(98557, 'RTE', '2010/04/20', '2010/04/21', 218.75, 'MAIDENS', 'THOMASINE', 1, 2)
--------------

Query OK, 1 row affected (0.02 sec)

--------------
INSERT INTO Reservations VALUES(25010, 'RTE', '2010/04/22', '2010/05/01', 201.25, 'WESTRUM', 'TIMMY', 2, 2)
--------------

Query OK, 1 row affected (0.01 sec)

--------------
INSERT INTO Reservations VALUES(54061, 'RTE', '2010/05/05', '2010/05/12', 175.00, 'BARTHELL', 'RICARDA', 1, 0)
--------------

Query OK, 1 row affected (0.01 sec)

--------------
INSERT INTO Reservations VALUES(79213, 'RTE', '2010/05/17', '2010/05/29', 157.50, 'NEUZIL', 'MIREYA', 1, 3)
--------------

Query OK, 1 row affected (0.01 sec)

--------------
INSERT INTO Reservations VALUES(34999, 'RTE', '2010/06/15', '2010/06/19', 175.00, 'DANIELLO', 'RUDOLF', 1, 1)
--------------

Query OK, 1 row affected (0.00 sec)

--------------
INSERT INTO Reservations VALUES(37309, 'RTE', '2010/06/19', '2010/06/21', 175.00, 'PERRINO', 'DENNY', 3, 1)
--------------

Query OK, 1 row affected (0.01 sec)

--------------
INSERT INTO Reservations VALUES(48854, 'RTE', '2010/06/26', '2010/06/27', 175.00, 'TROKEY', 'INGRID', 2, 0)
--------------

Query OK, 1 row affected (0.01 sec)

--------------
INSERT INTO Reservations VALUES(22954, 'RTE', '2010/06/27', '2010/07/04', 157.50, 'ALLAIRE', 'RAMONA', 1, 1)
--------------

Query OK, 1 row affected (0.01 sec)

--------------
INSERT INTO Reservations VALUES(14896, 'RTE', '2010/07/04', '2010/07/06', 148.75, 'KUDRON', 'CATHERIN', 1, 1)
--------------

Query OK, 1 row affected (0.01 sec)

--------------
INSERT INTO Reservations VALUES(30186, 'RTE', '2010/07/06', '2010/07/07', 175.00, 'MAKI', 'ADAN', 1, 0)
--------------

Query OK, 1 row affected (0.01 sec)

--------------
INSERT INTO Reservations VALUES(53186, 'RTE', '2010/07/09', '2010/07/14', 157.50, 'MANARD', 'ARDELIA', 1, 0)
--------------

Query OK, 1 row affected (0.01 sec)

--------------
INSERT INTO Reservations VALUES(43707, 'RTE', '2010/07/14', '2010/07/16', 175.00, 'GUT', 'ALEJANDRA', 1, 1)
--------------

Query OK, 1 row affected (0.01 sec)

--------------
INSERT INTO Reservations VALUES(71343, 'RTE', '2010/07/19', '2010/07/21', 201.25, 'TOWBER', 'MODESTO', 1, 0)
--------------

Query OK, 1 row affected (0.02 sec)

--------------
INSERT INTO Reservations VALUES(81785, 'RTE', '2010/07/23', '2010/07/24', 157.50, 'FALT', 'SHAWN', 1, 0)
--------------

Query OK, 1 row affected (0.01 sec)

--------------
INSERT INTO Reservations VALUES(49802, 'RTE', '2010/07/30', '2010/08/04', 157.50, 'CONRAD', 'ELODIA', 1, 1)
--------------

Query OK, 1 row affected (0.01 sec)

--------------
INSERT INTO Reservations VALUES(77535, 'RTE', '2010/08/08', '2010/08/12', 201.25, 'KEBEDE', 'ARON', 1, 3)
--------------

Query OK, 1 row affected (0.01 sec)

--------------
INSERT INTO Reservations VALUES(12142, 'RTE', '2010/08/13', '2010/08/23', 175.00, 'JUNOR', 'LENNY', 3, 1)
--------------

Query OK, 1 row affected (0.01 sec)

--------------
INSERT INTO Reservations VALUES(18398, 'RTE', '2010/08/23', '2010/08/24', 175.00, 'PARAGAS', 'ALVIN', 1, 1)
--------------

Query OK, 1 row affected (0.01 sec)

--------------
INSERT INTO Reservations VALUES(79161, 'RTE', '2010/08/24', '2010/08/25', 175.00, 'RUBERTI', 'DOMINIC', 1, 0)
--------------

Query OK, 1 row affected (0.01 sec)

--------------
INSERT INTO Reservations VALUES(82503, 'RTE', '2010/08/27', '2010/08/29', 175.00, 'RIINA', 'TATIANA', 2, 2)
--------------

Query OK, 1 row affected (0.01 sec)

--------------
INSERT INTO Reservations VALUES(80760, 'RTE', '2010/09/03', '2010/09/04', 175.00, 'DELISSER', 'COLEMAN', 3, 1)
--------------

Query OK, 1 row affected (0.02 sec)

--------------
INSERT INTO Reservations VALUES(42688, 'RTE', '2010/09/04', '2010/09/08', 148.75, 'BRIERTON', 'MAJOR', 1, 2)
--------------

Query OK, 1 row affected (0.01 sec)

--------------
INSERT INTO Reservations VALUES(73364, 'RTE', '2010/09/09', '2010/09/10', 157.50, 'MAROUN', 'MARTH', 1, 0)
--------------

Query OK, 1 row affected (0.01 sec)

--------------
INSERT INTO Reservations VALUES(49609, 'RTE', '2010/09/12', '2010/09/17', 175.00, 'ZEPEDA', 'ELANA', 2, 2)
--------------

Query OK, 1 row affected (0.01 sec)

--------------
INSERT INTO Reservations VALUES(45022, 'RTE', '2010/09/20', '2010/09/21', 175.00, 'PAILET', 'GIUSEPPE', 3, 1)
--------------

Query OK, 1 row affected (0.01 sec)

--------------
INSERT INTO Reservations VALUES(15192, 'RTE', '2010/09/22', '2010/09/23', 175.00, 'JEFFRYES', 'DANILO', 1, 0)
--------------

Query OK, 1 row affected (0.02 sec)

--------------
INSERT INTO Reservations VALUES(15428, 'RTE', '2010/09/25', '2010/09/27', 175.00, 'BROOKSHEAR', 'NAPOLEON', 2, 0)
--------------

Query OK, 1 row affected (0.01 sec)

--------------
INSERT INTO Reservations VALUES(57909, 'RTE', '2010/10/02', '2010/10/06', 201.25, 'OULETTE', 'ALDO', 1, 0)
--------------

Query OK, 1 row affected (0.00 sec)

--------------
INSERT INTO Reservations VALUES(28353, 'RTE', '2010/10/06', '2010/10/08', 148.75, 'PINNELL', 'ANITA', 1, 2)
--------------

Query OK, 1 row affected (0.01 sec)

--------------
INSERT INTO Reservations VALUES(71802, 'RTE', '2010/10/23', '2010/10/29', 201.25, 'GOODHUE', 'RUSSELL', 1, 0)
--------------

Query OK, 1 row affected (0.01 sec)

--------------
INSERT INTO Reservations VALUES(87949, 'RTE', '2010/11/02', '2010/11/03', 201.25, 'SCHWEITZ', 'DANNETTE', 3, 1)
--------------

Query OK, 1 row affected (0.01 sec)

--------------
INSERT INTO Reservations VALUES(19701, 'RTE', '2010/11/14', '2010/11/15', 201.25, 'HOTELLING', 'REGENIA', 1, 0)
--------------

Query OK, 1 row affected (0.01 sec)

--------------
INSERT INTO Reservations VALUES(79296, 'RTE', '2010/11/15', '2010/11/17', 175.00, 'BLACKMORE', 'APRYL', 1, 0)
--------------

Query OK, 1 row affected (0.02 sec)

--------------
INSERT INTO Reservations VALUES(85166, 'RTE', '2010/11/17', '2010/11/19', 201.25, 'RAUGHT', 'DARON', 3, 1)
--------------

Query OK, 1 row affected (0.01 sec)

--------------
INSERT INTO Reservations VALUES(21490, 'RTE', '2010/11/23', '2010/11/24', 175.00, 'PAVLOCK', 'MARCELO', 2, 2)
--------------

Query OK, 1 row affected (0.01 sec)

--------------
INSERT INTO Reservations VALUES(45745, 'RTE', '2010/11/29', '2010/11/30', 175.00, 'MEGGS', 'CARY', 1, 0)
--------------

Query OK, 1 row affected (0.01 sec)

--------------
INSERT INTO Reservations VALUES(83487, 'RTE', '2010/11/30', '2010/12/02', 175.00, 'SHARRER', 'SHARA', 1, 0)
--------------

Query OK, 1 row affected (0.01 sec)

--------------
INSERT INTO Reservations VALUES(38293, 'RTE', '2010/12/17', '2010/12/19', 157.50, 'SCHOSSOW', 'BO', 3, 1)
--------------

Query OK, 1 row affected (0.01 sec)

--------------
INSERT INTO Reservations VALUES(17480, 'RTE', '2010/12/22', '2010/12/28', 157.50, 'DEBARDELABEN', 'NELL', 3, 0)
--------------

Query OK, 1 row affected (0.01 sec)

--------------
INSERT INTO Reservations VALUES(64785, 'RTE', '2010/12/28', '2011/01/04', 148.75, 'MAEWEATHER', 'AUGUST', 3, 0)
--------------

Query OK, 1 row affected (0.00 sec)

--------------
INSERT INTO Reservations VALUES(56517, 'FNA', '2010/01/01', '2010/01/04', 225.00, 'TUPPEN', 'HANS', 1, 1)
--------------

Query OK, 1 row affected (0.02 sec)

--------------
INSERT INTO Reservations VALUES(65186, 'FNA', '2010/01/13', '2010/01/15', 250.00, 'GOSSERAND', 'CURTIS', 2, 1)
--------------

Query OK, 1 row affected (0.01 sec)

--------------
INSERT INTO Reservations VALUES(25966, 'FNA', '2010/01/15', '2010/01/17', 212.50, 'DUMAN', 'LUKE', 3, 1)
--------------

Query OK, 1 row affected (0.01 sec)

--------------
INSERT INTO Reservations VALUES(66899, 'FNA', '2010/01/18', '2010/01/19', 225.00, 'TUNE', 'MARISSA', 1, 0)
--------------

Query OK, 1 row affected (0.00 sec)

--------------
INSERT INTO Reservations VALUES(58779, 'FNA', '2010/01/19', '2010/01/21', 250.00, 'ZENTNER', 'ROBBIE', 1, 1)
--------------

Query OK, 1 row affected (0.01 sec)

--------------
INSERT INTO Reservations VALUES(93918, 'FNA', '2010/01/26', '2010/01/31', 250.00, 'HARDACRE', 'NEIL', 3, 0)
--------------

Query OK, 1 row affected (0.00 sec)

--------------
INSERT INTO Reservations VALUES(51685, 'FNA', '2010/02/03', '2010/02/04', 250.00, 'EIMER', 'LYNELLE', 2, 0)
--------------

Query OK, 1 row affected (0.02 sec)

--------------
INSERT INTO Reservations VALUES(28499, 'FNA', '2010/02/04', '2010/02/05', 212.50, 'DOMINGUEZ', 'STACEY', 1, 1)
--------------

Query OK, 1 row affected (0.01 sec)

--------------
INSERT INTO Reservations VALUES(95600, 'FNA', '2010/02/05', '2010/02/07', 225.00, 'MOUTON', 'CASANDRA', 4, 0)
--------------

Query OK, 1 row affected (0.01 sec)

--------------
INSERT INTO Reservations VALUES(14834, 'FNA', '2010/02/07', '2010/02/13', 225.00, 'WITTROCK', 'DEBBIE', 1, 2)
--------------

Query OK, 1 row affected (0.01 sec)

--------------
INSERT INTO Reservations VALUES(71009, 'FNA', '2010/02/18', '2010/02/20', 250.00, 'OXBORROW', 'CARLETTA', 2, 0)
--------------

Query OK, 1 row affected (0.01 sec)

--------------
INSERT INTO Reservations VALUES(63153, 'FNA', '2010/02/20', '2010/02/22', 312.50, 'TROKEY', 'INGRID', 4, 0)
--------------

Query OK, 1 row affected (0.02 sec)

--------------
INSERT INTO Reservations VALUES(28771, 'FNA', '2010/02/26', '2010/03/09', 250.00, 'MORRISSETTE', 'FAVIOLA', 3, 1)
--------------

Query OK, 1 row affected (0.01 sec)

--------------
INSERT INTO Reservations VALUES(13205, 'FNA', '2010/03/14', '2010/03/18', 250.00, 'VANDOREN', 'MAJOR', 1, 0)
--------------

Query OK, 1 row affected (0.01 sec)

--------------
INSERT INTO Reservations VALUES(72656, 'FNA', '2010/03/18', '2010/03/19', 250.00, 'PICHARD', 'HOLLIS', 1, 3)
--------------

Query OK, 1 row affected (0.01 sec)

--------------
INSERT INTO Reservations VALUES(67292, 'FNA', '2010/03/24', '2010/03/28', 287.50, 'GUEDESSE', 'SOL', 3, 0)
--------------

Query OK, 1 row affected (0.01 sec)

--------------
INSERT INTO Reservations VALUES(22169, 'FNA', '2010/04/06', '2010/04/07', 287.50, 'SCHUL', 'HOYT', 1, 0)
--------------

Query OK, 1 row affected (0.01 sec)

--------------
INSERT INTO Reservations VALUES(65283, 'FNA', '2010/04/08', '2010/04/09', 287.50, 'ALLAIRE', 'RAMONA', 2, 0)
--------------

Query OK, 1 row affected (0.00 sec)

--------------
INSERT INTO Reservations VALUES(11631, 'FNA', '2010/04/10', '2010/04/12', 312.50, 'ESPINO', 'MARCELINA', 2, 1)
--------------

Query OK, 1 row affected (0.01 sec)

--------------
INSERT INTO Reservations VALUES(83396, 'FNA', '2010/04/12', '2010/04/13', 250.00, 'DRDA', 'LESTER', 1, 1)
--------------

Query OK, 1 row affected (0.02 sec)

--------------
INSERT INTO Reservations VALUES(99863, 'FNA', '2010/04/17', '2010/04/19', 250.00, 'ARBUCKLE', 'LORENA', 4, 0)
--------------

Query OK, 1 row affected (0.01 sec)

--------------
INSERT INTO Reservations VALUES(54811, 'FNA', '2010/04/19', '2010/04/20', 225.00, 'KLEVER', 'ERASMO', 2, 1)
--------------

Query OK, 1 row affected (0.01 sec)

--------------
INSERT INTO Reservations VALUES(47352, 'FNA', '2010/04/20', '2010/04/24', 225.00, 'MARZETT', 'JOSEPH', 1, 1)
--------------

Query OK, 1 row affected (0.01 sec)

--------------
INSERT INTO Reservations VALUES(28691, 'FNA', '2010/04/24', '2010/04/26', 225.00, 'SLUKA', 'AIKO', 1, 1)
--------------

Query OK, 1 row affected (0.01 sec)

--------------
INSERT INTO Reservations VALUES(73732, 'FNA', '2010/04/26', '2010/04/28', 250.00, 'RODERICK', 'JOSLYN', 1, 0)
--------------

Query OK, 1 row affected (0.02 sec)

--------------
INSERT INTO Reservations VALUES(26561, 'FNA', '2010/04/29', '2010/05/03', 250.00, 'DYDA', 'DORIAN', 2, 2)
--------------

Query OK, 1 row affected (0.01 sec)

--------------
INSERT INTO Reservations VALUES(80964, 'FNA', '2010/05/03', '2010/05/10', 225.00, 'RHYME', 'QUINN', 4, 0)
--------------

Query OK, 1 row affected (0.01 sec)

--------------
INSERT INTO Reservations VALUES(85215, 'FNA', '2010/05/14', '2010/05/21', 250.00, 'TEHNEY', 'DARRYL', 1, 0)
--------------

Query OK, 1 row affected (0.01 sec)

--------------
INSERT INTO Reservations VALUES(60205, 'FNA', '2010/05/22', '2010/05/31', 225.00, 'FRAINE', 'MANDA', 1, 1)
--------------

Query OK, 1 row affected (0.01 sec)

--------------
INSERT INTO Reservations VALUES(37773, 'FNA', '2010/05/31', '2010/06/06', 312.50, 'BOUGIE', 'MONTE', 1, 1)
--------------

Query OK, 1 row affected (0.02 sec)

--------------
INSERT INTO Reservations VALUES(69796, 'FNA', '2010/06/09', '2010/06/11', 250.00, 'LUANGSINGOTHA', 'WILHELMINA', 1, 3)
--------------

Query OK, 1 row affected (0.01 sec)

--------------
INSERT INTO Reservations VALUES(19494, 'FNA', '2010/06/12', '2010/06/19', 287.50, 'VORWERK', 'DORINE', 1, 0)
--------------

Query OK, 1 row affected (0.01 sec)

--------------
INSERT INTO Reservations VALUES(41037, 'FNA', '2010/06/19', '2010/07/02', 225.00, 'DUB', 'SUZANNE', 1, 0)
--------------

Query OK, 1 row affected (0.01 sec)

--------------
INSERT INTO Reservations VALUES(74117, 'FNA', '2010/07/02', '2010/07/04', 225.00, 'HORTILLOSA', 'FREDDY', 1, 0)
--------------

Query OK, 1 row affected (0.01 sec)

--------------
INSERT INTO Reservations VALUES(17338, 'FNA', '2010/07/04', '2010/07/05', 287.50, 'RUBY', 'QUENTIN', 2, 2)
--------------

Query OK, 1 row affected (0.02 sec)

--------------
INSERT INTO Reservations VALUES(71818, 'FNA', '2010/07/05', '2010/07/06', 250.00, 'SALOWITZ', 'QUEEN', 2, 1)
--------------

Query OK, 1 row affected (0.01 sec)

--------------
INSERT INTO Reservations VALUES(99419, 'FNA', '2010/07/11', '2010/07/12', 250.00, 'DALGLEISH', 'RYAN', 4, 0)
--------------

Query OK, 1 row affected (0.01 sec)

--------------
INSERT INTO Reservations VALUES(87412, 'FNA', '2010/07/16', '2010/07/22', 250.00, 'HARE', 'ELSIE', 2, 2)
--------------

Query OK, 1 row affected (0.01 sec)

--------------
INSERT INTO Reservations VALUES(71902, 'FNA', '2010/07/27', '2010/07/31', 250.00, 'ANNABLE', 'IRA', 1, 0)
--------------

Query OK, 1 row affected (0.01 sec)

--------------
INSERT INTO Reservations VALUES(94437, 'FNA', '2010/07/31', '2010/08/02', 250.00, 'SVATEK', 'KELLY', 2, 0)
--------------

Query OK, 1 row affected (0.02 sec)

--------------
INSERT INTO Reservations VALUES(82515, 'FNA', '2010/08/02', '2010/08/03', 287.50, 'ALWINE', 'SHAWANDA', 1, 2)
--------------

Query OK, 1 row affected (0.01 sec)

--------------
INSERT INTO Reservations VALUES(79615, 'FNA', '2010/08/03', '2010/08/05', 250.00, 'CONRAD', 'ELODIA', 1, 2)
--------------

Query OK, 1 row affected (0.01 sec)

--------------
INSERT INTO Reservations VALUES(22615, 'FNA', '2010/08/09', '2010/08/10', 212.50, 'QUISPE', 'MARGARITO', 1, 1)
--------------

Query OK, 1 row affected (0.01 sec)

--------------
INSERT INTO Reservations VALUES(59166, 'FNA', '2010/08/20', '2010/08/21', 250.00, 'TANI', 'DOMINICK', 3, 0)
--------------

Query OK, 1 row affected (0.00 sec)

--------------
INSERT INTO Reservations VALUES(23302, 'FNA', '2010/08/21', '2010/08/22', 287.50, 'CONSTABLE', 'RASHAD', 1, 2)
--------------

Query OK, 1 row affected (0.02 sec)

--------------
INSERT INTO Reservations VALUES(53668, 'FNA', '2010/08/22', '2010/08/24', 287.50, 'FIGUROA', 'BEN', 1, 0)
--------------

Query OK, 1 row affected (0.01 sec)

--------------
INSERT INTO Reservations VALUES(30671, 'FNA', '2010/08/29', '2010/09/01', 225.00, 'KON', 'DEWAYNE', 1, 1)
--------------

Query OK, 1 row affected (0.01 sec)

--------------
INSERT INTO Reservations VALUES(35922, 'FNA', '2010/09/01', '2010/09/02', 287.50, 'SINGERMAN', 'YAN', 1, 0)
--------------

Query OK, 1 row affected (0.01 sec)

--------------
INSERT INTO Reservations VALUES(75457, 'FNA', '2010/09/05', '2010/09/07', 225.00, 'SEGO', 'HUNG', 1, 0)
--------------

Query OK, 1 row affected (0.01 sec)

--------------
INSERT INTO Reservations VALUES(16061, 'FNA', '2010/09/11', '2010/09/14', 312.50, 'ENDLER', 'ODIS', 2, 1)
--------------

Query OK, 1 row affected (0.02 sec)

--------------
INSERT INTO Reservations VALUES(25389, 'FNA', '2010/09/19', '2010/09/21', 212.50, 'INTERRANTE', 'EMMITT', 3, 1)
--------------

Query OK, 1 row affected (0.00 sec)

--------------
INSERT INTO Reservations VALUES(60454, 'FNA', '2010/10/06', '2010/10/08', 225.00, 'GOLSTON', 'CONSUELA', 2, 2)
--------------

Query OK, 1 row affected (0.00 sec)

--------------
INSERT INTO Reservations VALUES(28198, 'FNA', '2010/10/08', '2010/10/18', 225.00, 'SAPORITO', 'ANDREAS', 1, 0)
--------------

Query OK, 1 row affected (0.01 sec)

--------------
INSERT INTO Reservations VALUES(39910, 'FNA', '2010/10/19', '2010/10/21', 250.00, 'KAMINSKY', 'DANNY', 1, 0)
--------------

Query OK, 1 row affected (0.01 sec)

--------------
INSERT INTO Reservations VALUES(92303, 'FNA', '2010/11/04', '2010/11/10', 287.50, 'BRISENDINE', 'JEWEL', 1, 0)
--------------

Query OK, 1 row affected (0.02 sec)

--------------
INSERT INTO Reservations VALUES(26345, 'FNA', '2010/11/10', '2010/11/12', 250.00, 'QUEROS', 'MAHALIA', 1, 1)
--------------

Query OK, 1 row affected (0.01 sec)

--------------
INSERT INTO Reservations VALUES(99236, 'FNA', '2010/11/16', '2010/11/17', 287.50, 'SCHOENING', 'LEROY', 1, 1)
--------------

Query OK, 1 row affected (0.01 sec)

--------------
INSERT INTO Reservations VALUES(85417, 'FNA', '2010/11/21', '2010/11/26', 225.00, 'MULKEY', 'EMERY', 2, 0)
--------------

Query OK, 1 row affected (0.01 sec)

--------------
INSERT INTO Reservations VALUES(10574, 'FNA', '2010/11/26', '2010/12/03', 287.50, 'SWEAZY', 'ROY', 2, 1)
--------------

Query OK, 1 row affected (0.01 sec)

--------------
INSERT INTO Reservations VALUES(29568, 'FNA', '2010/12/03', '2010/12/08', 225.00, 'BOETTNER', 'REIKO', 3, 0)
--------------

Query OK, 1 row affected (0.02 sec)

--------------
INSERT INTO Reservations VALUES(28106, 'FNA', '2010/12/11', '2010/12/17', 312.50, 'VANDERSCHAEGE', 'MITZIE', 2, 0)
--------------

Query OK, 1 row affected (0.01 sec)

--------------
INSERT INTO Reservations VALUES(56373, 'FNA', '2010/12/18', '2010/12/20', 225.00, 'BEGEN', 'ASHLYN', 3, 0)
--------------

Query OK, 1 row affected (0.01 sec)

--------------
INSERT INTO Reservations VALUES(94004, 'FNA', '2010/12/21', '2010/12/24', 250.00, 'JARVI', 'JOHNNIE', 4, 0)
--------------

Query OK, 1 row affected (0.01 sec)

--------------
INSERT INTO Reservations VALUES(28948, 'FNA', '2010/12/24', '2010/12/26', 287.50, 'RUPE', 'QUIANA', 2, 0)
--------------

Query OK, 1 row affected (0.01 sec)

--------------
INSERT INTO Reservations VALUES(71987, 'FNA', '2010/12/30', '2010/12/31', 250.00, 'HARE', 'ELSIE', 2, 0)
--------------

Query OK, 1 row affected (0.02 sec)

--------------
INSERT INTO Reservations VALUES(67409, 'FNA', '2010/12/31', '2011/01/04', 250.00, 'MADRON', 'DONNIE', 2, 1)
--------------

Query OK, 1 row affected (0.01 sec)

--------------
SELECT * FROM Rooms
--------------

+--------+--------------------------+------+---------+--------------+-----------+-------------+
| RoomId | roomName                 | beds | bedType | maxOccupancy | basePrice | decor       |
+--------+--------------------------+------+---------+--------------+-----------+-------------+
| AOB    | Abscond or bolster       |    2 | Queen   |            4 |       175 | traditional |
| CAS    | Convoke and sanguine     |    2 | King    |            4 |       175 | traditional |
| FNA    | Frugal not apropos       |    2 | King    |            4 |       250 | traditional |
| HBB    | Harbinger but bequest    |    1 | Queen   |            2 |       100 | modern      |
| IBD    | Immutable before decorum |    2 | Queen   |            4 |       150 | rustic      |
| IBS    | Interim but salutary     |    1 | King    |            2 |       150 | traditional |
| MWC    | Mendicant with cryptic   |    2 | Double  |            4 |       125 | modern      |
| RND    | Recluse and defiance     |    1 | King    |            2 |       150 | modern      |
| RTE    | Riddle to exculpate      |    2 | Queen   |            4 |       175 | rustic      |
| TAA    | Thrift and accolade      |    1 | Double  |            2 |        75 | modern      |
+--------+--------------------------+------+---------+--------------+-----------+-------------+
10 rows in set (0.00 sec)

--------------
SELECT COUNT(*) FROM Rooms
--------------

+----------+
| COUNT(*) |
+----------+
|       10 |
+----------+
1 row in set (0.00 sec)

--------------
SELECT * FROM Reservations
--------------

+-------+------+------------+------------+--------+---------------+------------+--------+------+
| Code  | Room | CheckIn    | CheckOut   | Rate   | LastName      | FirstName  | Adults | Kids |
+-------+------+------------+------------+--------+---------------+------------+--------+------+
| 10105 | HBB  | 2010-10-23 | 2010-10-25 |    100 | SELBIG        | CONRAD     |      1 |    0 |
| 10183 | IBD  | 2010-09-19 | 2010-09-20 |    150 | GABLER        | DOLLIE     |      2 |    0 |
| 10449 | RND  | 2010-09-30 | 2010-10-01 |    150 | KLESS         | NELSON     |      1 |    0 |
| 10489 | AOB  | 2010-02-02 | 2010-02-05 | 218.75 | CARISTO       | MARKITA    |      2 |    1 |
| 10500 | HBB  | 2010-08-11 | 2010-08-12 |     90 | YESSIOS       | ANNIS      |      1 |    0 |
| 10574 | FNA  | 2010-11-26 | 2010-12-03 |  287.5 | SWEAZY        | ROY        |      2 |    1 |
| 10984 | AOB  | 2010-12-28 | 2011-01-01 | 201.25 | ZULLO         | WILLY      |      2 |    1 |
| 10990 | CAS  | 2010-09-21 | 2010-09-27 |    175 | TRACHSEL      | DAMIEN     |      1 |    3 |
| 11631 | FNA  | 2010-04-10 | 2010-04-12 |  312.5 | ESPINO        | MARCELINA  |      2 |    1 |
| 11645 | IBD  | 2010-05-13 | 2010-05-19 |    135 | SWAIT         | DAN        |      2 |    1 |
| 11703 | IBD  | 2010-09-10 | 2010-09-11 |  172.5 | HAVIS         | SHERILYN   |      2 |    0 |
| 11718 | CAS  | 2010-03-18 | 2010-03-19 |  157.5 | GLIWSKI       | DAN        |      2 |    1 |
| 11857 | IBD  | 2010-10-27 | 2010-10-29 |  187.5 | HARDINA       | LORITA     |      4 |    0 |
| 11996 | IBS  | 2010-09-14 | 2010-09-16 |  187.5 | BURBANK       | ROBERT     |      1 |    0 |
| 12085 | IBD  | 2010-09-04 | 2010-09-08 |    135 | GLASGLOW      | EMMANUEL   |      2 |    0 |
| 12138 | IBS  | 2010-02-28 | 2010-03-05 |    150 | SHARIAT       | JARRED     |      1 |    0 |
| 12142 | RTE  | 2010-08-13 | 2010-08-23 |    175 | JUNOR         | LENNY      |      3 |    1 |
| 12258 | AOB  | 2010-04-23 | 2010-04-27 |    175 | KANNEL        | RODGER     |      1 |    0 |
| 12631 | CAS  | 2010-04-24 | 2010-04-26 |    175 | ONEEL         | PASQUALE   |      1 |    0 |
| 12686 | HBB  | 2010-07-22 | 2010-07-25 |     85 | GROWNEY       | MELVIN     |      2 |    0 |
| 13058 | AOB  | 2010-08-17 | 2010-08-18 |  157.5 | ABATIELL      | CATHRYN    |      1 |    2 |
| 13136 | IBD  | 2010-04-16 | 2010-04-17 |  187.5 | FEYLER        | EMILIA     |      1 |    0 |
| 13192 | CAS  | 2010-05-08 | 2010-05-15 |    175 | MCCORVEY      | JESUS      |      1 |    0 |
| 13205 | FNA  | 2010-03-14 | 2010-03-18 |    250 | VANDOREN      | MAJOR      |      1 |    0 |
| 13972 | TAA  | 2010-02-22 | 2010-02-25 |   67.5 | DAYA          | COREY      |      2 |    0 |
| 14001 | IBS  | 2010-05-11 | 2010-05-12 |  187.5 | COSTON        | LANNY      |      1 |    0 |
| 14149 | IBD  | 2010-09-20 | 2010-09-22 |    150 | HOULIHAN      | LEVI       |      2 |    1 |
| 14226 | IBD  | 2010-01-11 | 2010-01-12 |    150 | SCHOENHUT     | VERNICE    |      2 |    1 |
| 14273 | MWC  | 2010-05-28 | 2010-05-30 |    125 | STARE         | ELIJAH     |      1 |    0 |
| 14447 | RTE  | 2010-03-14 | 2010-03-18 | 201.25 | MAASCH        | CHARISSA   |      2 |    0 |
| 14644 | CAS  | 2010-04-23 | 2010-04-24 | 148.75 | VOLANTE       | EMERY      |      4 |    0 |
| 14678 | IBD  | 2010-01-28 | 2010-01-30 |    150 | SATERFIELD    | FRANCISCO  |      3 |    1 |
| 14834 | FNA  | 2010-02-07 | 2010-02-13 |    225 | WITTROCK      | DEBBIE     |      1 |    2 |
| 14845 | RND  | 2010-09-27 | 2010-09-30 |    150 | ROTCH         | FLORIDA    |      1 |    1 |
| 14896 | RTE  | 2010-07-04 | 2010-07-06 | 148.75 | KUDRON        | CATHERIN   |      1 |    1 |
| 14940 | AOB  | 2010-06-01 | 2010-06-12 |    175 | BISHOFF       | ISREAL     |      2 |    0 |
| 15059 | CAS  | 2010-08-31 | 2010-09-07 |  157.5 | LERCH         | NICKY      |      3 |    1 |
| 15192 | RTE  | 2010-09-22 | 2010-09-23 |    175 | JEFFRYES      | DANILO     |      1 |    0 |
| 15428 | RTE  | 2010-09-25 | 2010-09-27 |    175 | BROOKSHEAR    | NAPOLEON   |      2 |    0 |
| 15534 | RND  | 2010-08-28 | 2010-09-01 |    150 | GAUD          | REINALDO   |      1 |    0 |
| 15733 | IBS  | 2010-02-11 | 2010-02-13 |  172.5 | BEALLE        | RASHAD     |      1 |    0 |
| 15870 | AOB  | 2010-02-15 | 2010-02-19 |    175 | CORIATY       | BERTA      |      1 |    3 |
| 16061 | FNA  | 2010-09-11 | 2010-09-14 |  312.5 | ENDLER        | ODIS       |      2 |    1 |
| 16136 | MWC  | 2010-07-09 | 2010-07-12 | 143.75 | FERENCE       | MORGAN     |      1 |    0 |
| 16234 | CAS  | 2010-11-15 | 2010-11-16 |  157.5 | GRABILL       | JULEE      |      2 |    0 |
| 16693 | TAA  | 2010-10-17 | 2010-10-18 |   67.5 | ASHCROFT      | RONALD     |      1 |    0 |
| 16748 | RND  | 2010-02-21 | 2010-02-23 |    135 | KLIMKO        | DONTE      |      1 |    0 |
| 16933 | IBS  | 2010-04-01 | 2010-04-03 |    150 | NORSWORTHY    | AUBREY     |      2 |    0 |
| 17222 | IBD  | 2010-07-28 | 2010-08-07 |    150 | BOHMAN        | LAYNE      |      1 |    3 |
| 17265 | AOB  | 2010-01-01 | 2010-01-06 |    175 | HENLY         | RUPERT     |      4 |    0 |
| 17270 | AOB  | 2010-08-20 | 2010-08-23 |    175 | RELLIHAN      | COURTNEY   |      1 |    0 |
| 17338 | FNA  | 2010-07-04 | 2010-07-05 |  287.5 | RUBY          | QUENTIN    |      2 |    2 |
| 17344 | AOB  | 2010-05-25 | 2010-05-26 | 218.75 | GALOW         | RICKEY     |      1 |    1 |
| 17405 | IBD  | 2010-10-02 | 2010-10-03 |  127.5 | KESTER        | KIZZY      |      3 |    1 |
| 17480 | RTE  | 2010-12-22 | 2010-12-28 |  157.5 | DEBARDELABEN  | NELL       |      3 |    0 |
| 17672 | HBB  | 2010-12-21 | 2010-12-22 |     90 | DECHELLIS     | AARON      |      1 |    0 |
| 17955 | AOB  | 2010-05-05 | 2010-05-09 | 201.25 | PANARELLO     | TODD       |      2 |    0 |
| 18019 | HBB  | 2010-05-03 | 2010-05-05 |    115 | ARNDELL       | JEFFEREY   |      1 |    1 |
| 18311 | MWC  | 2010-07-27 | 2010-07-31 |    125 | LUEDKE        | BRYNN      |      1 |    1 |
| 18398 | RTE  | 2010-08-23 | 2010-08-24 |    175 | PARAGAS       | ALVIN      |      1 |    1 |
| 18465 | AOB  | 2010-06-30 | 2010-07-07 |    175 | KRIEGH        | AMADO      |      2 |    0 |
| 18822 | RND  | 2010-06-12 | 2010-06-14 |    150 | NORN          | GARLAND    |      2 |    0 |
| 18834 | AOB  | 2010-12-08 | 2010-12-10 | 148.75 | DUCHARME      | MIGUELINA  |      2 |    0 |
| 18900 | IBS  | 2010-04-03 | 2010-04-05 |  172.5 | LAURY         | EMILY      |      2 |    0 |
| 19017 | TAA  | 2010-08-18 | 2010-08-30 |  86.25 | EERKES        | CODY       |      2 |    0 |
| 19194 | HBB  | 2010-10-29 | 2010-11-05 |    125 | WORKINGER     | CLIFTON    |      1 |    0 |
| 19394 | IBD  | 2010-05-23 | 2010-05-25 |    150 | HARPE         | GERMAN     |      1 |    2 |
| 19494 | FNA  | 2010-06-12 | 2010-06-19 |  287.5 | VORWERK       | DORINE     |      1 |    0 |
| 19701 | RTE  | 2010-11-14 | 2010-11-15 | 201.25 | HOTELLING     | REGENIA    |      1 |    0 |
| 19812 | CAS  | 2010-08-14 | 2010-08-15 |  157.5 | MCCARTER      | IVAN       |      3 |    1 |
| 20107 | IBD  | 2010-04-14 | 2010-04-16 |    135 | ARBUCKLE      | LORENA     |      2 |    1 |
| 20269 | IBD  | 2010-08-12 | 2010-08-19 |    135 | BILLICK       | NIEVES     |      1 |    0 |
| 20463 | TAA  | 2010-10-19 | 2010-10-22 |     75 | VANBLARICUM   | CRISTIE    |      1 |    1 |
| 20572 | HBB  | 2010-09-28 | 2010-09-29 |    115 | SANDLER       | JENISE     |      2 |    0 |
| 20991 | CAS  | 2010-03-19 | 2010-04-01 | 201.25 | PLYMEL        | STEPHEN    |      1 |    0 |
| 21050 | CAS  | 2010-07-11 | 2010-07-17 |    175 | CHATTERJEE    | ALFRED     |      3 |    0 |
| 21202 | HBB  | 2010-10-21 | 2010-10-23 |    125 | CASAGRANDA    | BRAIN      |      2 |    0 |
| 21216 | CAS  | 2010-10-03 | 2010-10-04 | 201.25 | VANNAMAN      | ERICH      |      1 |    0 |
| 21490 | RTE  | 2010-11-23 | 2010-11-24 |    175 | PAVLOCK       | MARCELO    |      2 |    2 |
| 21553 | RND  | 2010-05-01 | 2010-05-05 |  172.5 | MECHLING      | KERRI      |      1 |    0 |
| 21625 | IBD  | 2010-10-03 | 2010-10-14 |  187.5 | BOSE          | FRANCISCO  |      1 |    2 |
| 21848 | MWC  | 2010-10-17 | 2010-10-18 |  112.5 | CLOFFI        | CHAROLETTE |      1 |    0 |
| 21863 | CAS  | 2010-09-07 | 2010-09-08 |    175 | ARGOTE        | ODELIA     |      1 |    0 |
| 21980 | HBB  | 2010-02-05 | 2010-02-08 |    115 | SIDDELL       | MACY       |      1 |    1 |
| 22169 | FNA  | 2010-04-06 | 2010-04-07 |  287.5 | SCHUL         | HOYT       |      1 |    0 |
| 22561 | IBS  | 2010-11-15 | 2010-11-21 |  127.5 | VUTURO        | DEVORAH    |      1 |    0 |
| 22615 | FNA  | 2010-08-09 | 2010-08-10 |  212.5 | QUISPE        | MARGARITO  |      1 |    1 |
| 22954 | RTE  | 2010-06-27 | 2010-07-04 |  157.5 | ALLAIRE       | RAMONA     |      1 |    1 |
| 22981 | IBS  | 2010-07-21 | 2010-07-23 |  172.5 | KNERIEN       | GRANT      |      1 |    0 |
| 23302 | FNA  | 2010-08-21 | 2010-08-22 |  287.5 | CONSTABLE     | RASHAD     |      1 |    2 |
| 23740 | RTE  | 2010-03-07 | 2010-03-12 | 218.75 | NOWLEY        | ROMEO      |      2 |    0 |
| 23850 | RND  | 2010-04-11 | 2010-04-17 |    150 | PENNELLA      | LAKIA      |      2 |    0 |
| 24300 | AOB  | 2010-08-09 | 2010-08-15 | 201.25 | CANDON        | PIERRE     |      4 |    0 |
| 24326 | IBD  | 2010-08-19 | 2010-08-21 |    135 | CULMER        | LLOYD      |      1 |    3 |
| 24408 | HBB  | 2010-01-18 | 2010-01-19 |    100 | RADIN         | RUSTY      |      1 |    0 |
| 24412 | RTE  | 2010-01-23 | 2010-01-30 |    175 | PENEZ         | AMIEE      |      2 |    0 |
| 24420 | TAA  | 2010-03-03 | 2010-03-12 |     75 | SCHLESSER     | FLOYD      |      1 |    1 |
| 24667 | RND  | 2010-12-08 | 2010-12-09 |  187.5 | BAUGUESS      | ERYN       |      1 |    0 |
| 24980 | CAS  | 2010-01-07 | 2010-01-08 | 201.25 | GRONDAHL      | ELVINA     |      1 |    0 |
| 24986 | IBD  | 2010-08-30 | 2010-09-01 |    150 | HEATH         | PASQUALE   |      4 |    0 |
| 25010 | RTE  | 2010-04-22 | 2010-05-01 | 201.25 | WESTRUM       | TIMMY      |      2 |    2 |
| 25134 | MWC  | 2010-05-31 | 2010-06-02 | 143.75 | HARDYMAN      | CLAYTON    |      1 |    1 |
| 25262 | HBB  | 2010-08-09 | 2010-08-11 |    115 | YAPLE         | CLAUDIE    |      1 |    0 |
| 25374 | RTE  | 2010-02-15 | 2010-02-17 |  157.5 | JASPERS       | LIBBIE     |      1 |    0 |
| 25389 | FNA  | 2010-09-19 | 2010-09-21 |  212.5 | INTERRANTE    | EMMITT     |      3 |    1 |
| 25558 | HBB  | 2010-03-17 | 2010-03-19 |    125 | SHOULDER      | FLORENTINO |      1 |    1 |
| 25616 | HBB  | 2010-10-05 | 2010-10-06 |    100 | KOSANOVIC     | EWA        |      1 |    0 |
| 25966 | FNA  | 2010-01-15 | 2010-01-17 |  212.5 | DUMAN         | LUKE       |      3 |    1 |
| 26135 | IBS  | 2010-08-09 | 2010-08-14 |    150 | STORDAHL      | NATOSHA    |      1 |    0 |
| 26345 | FNA  | 2010-11-10 | 2010-11-12 |    250 | QUEROS        | MAHALIA    |      1 |    1 |
| 26380 | CAS  | 2010-08-30 | 2010-08-31 | 201.25 | KABZINSKI     | MILLIE     |      1 |    0 |
| 26423 | TAA  | 2010-04-15 | 2010-04-18 |  86.25 | DEININGER     | RICKIE     |      1 |    1 |
| 26487 | TAA  | 2010-06-15 | 2010-06-19 |  63.75 | JUHL          | MILLARD    |      1 |    0 |
| 26561 | FNA  | 2010-04-29 | 2010-05-03 |    250 | DYDA          | DORIAN     |      2 |    2 |
| 26701 | RND  | 2010-12-28 | 2010-12-30 |    150 | DEJAEGER      | WELDON     |      2 |    0 |
| 26798 | IBD  | 2010-11-30 | 2010-12-06 |    135 | BONJORNO      | IGNACIO    |      1 |    1 |
| 27125 | TAA  | 2010-06-13 | 2010-06-15 |     75 | BOESER        | DIVINA     |      1 |    0 |
| 27490 | IBS  | 2010-12-06 | 2010-12-08 |    150 | PENDLEY       | SCOTTIE    |      1 |    1 |
| 27983 | IBD  | 2010-07-22 | 2010-07-24 |    135 | SWARTWOOD     | JENI       |      3 |    1 |
| 28106 | FNA  | 2010-12-11 | 2010-12-17 |  312.5 | VANDERSCHAEGE | MITZIE     |      2 |    0 |
| 28198 | FNA  | 2010-10-08 | 2010-10-18 |    225 | SAPORITO      | ANDREAS    |      1 |    0 |
| 28227 | IBS  | 2010-05-30 | 2010-06-04 |  172.5 | STUART        | IVA        |      2 |    0 |
| 28353 | RTE  | 2010-10-06 | 2010-10-08 | 148.75 | PINNELL       | ANITA      |      1 |    2 |
| 28406 | AOB  | 2010-01-23 | 2010-01-29 |    175 | COOKUS        | KASHA      |      2 |    1 |
| 28447 | CAS  | 2010-08-26 | 2010-08-27 |    175 | GEOHAGAN      | ISSAC      |      2 |    2 |
| 28455 | AOB  | 2010-05-29 | 2010-05-31 |    175 | RISHA         | NORBERTO   |      1 |    1 |
| 28465 | RND  | 2010-05-05 | 2010-05-06 |    150 | SALLE         | SANTANA    |      1 |    0 |
| 28494 | RND  | 2010-10-01 | 2010-10-13 |    135 | DERKAS        | GUS        |      1 |    0 |
| 28499 | FNA  | 2010-02-04 | 2010-02-05 |  212.5 | DOMINGUEZ     | STACEY     |      1 |    1 |
| 28589 | HBB  | 2010-08-25 | 2010-08-26 |    115 | RIMAR         | KEELY      |      2 |    0 |
| 28691 | FNA  | 2010-04-24 | 2010-04-26 |    225 | SLUKA         | AIKO       |      1 |    1 |
| 28771 | FNA  | 2010-02-26 | 2010-03-09 |    250 | MORRISSETTE   | FAVIOLA    |      3 |    1 |
| 28948 | FNA  | 2010-12-24 | 2010-12-26 |  287.5 | RUPE          | QUIANA     |      2 |    0 |
| 29003 | CAS  | 2010-07-05 | 2010-07-07 |    175 | MASSER        | TROY       |      1 |    1 |
| 29253 | AOB  | 2010-07-31 | 2010-08-03 |    175 | HILDRED       | MARTY      |      3 |    1 |
| 29287 | AOB  | 2010-12-01 | 2010-12-08 | 218.75 | FRYDAY        | HERBERT    |      2 |    0 |
| 29496 | TAA  | 2010-05-07 | 2010-05-14 |     75 | HONIGSBERG    | PEARLENE   |      1 |    0 |
| 29568 | FNA  | 2010-12-03 | 2010-12-08 |    225 | BOETTNER      | REIKO      |      3 |    0 |
| 29937 | IBD  | 2010-09-08 | 2010-09-10 |    150 | OBERHAUSEN    | JODY       |      2 |    1 |
| 30020 | RND  | 2010-12-21 | 2010-12-28 |    135 | PORTO         | MARIANO    |      1 |    1 |
| 30043 | RND  | 2010-03-17 | 2010-03-18 |    150 | HELFRITZ      | RHEA       |      2 |    0 |
| 30186 | RTE  | 2010-07-06 | 2010-07-07 |    175 | MAKI          | ADAN       |      1 |    0 |
| 30300 | RND  | 2010-07-19 | 2010-07-20 |    135 | PRIAL         | MYLES      |      1 |    0 |
| 30363 | IBD  | 2010-01-30 | 2010-02-09 |  172.5 | JAHALY        | DELORSE    |      3 |    0 |
| 30479 | MWC  | 2010-05-01 | 2010-05-10 | 143.75 | QUISPE        | MARGARITO  |      1 |    1 |
| 30671 | FNA  | 2010-08-29 | 2010-09-01 |    225 | KON           | DEWAYNE    |      1 |    1 |
| 30723 | HBB  | 2010-04-16 | 2010-04-23 |    125 | MASSER        | TROY       |      2 |    0 |
| 30937 | AOB  | 2010-02-14 | 2010-02-15 |    175 | FITZGERREL    | DENNY      |      1 |    3 |
| 31371 | MWC  | 2010-02-05 | 2010-02-06 |    125 | TARZIA        | KAYLEE     |      2 |    0 |
| 31508 | MWC  | 2010-02-10 | 2010-02-14 |  112.5 | FULK          | GENE       |      4 |    0 |
| 31636 | TAA  | 2010-04-09 | 2010-04-11 |     75 | FAGERSTROM    | ALLAN      |      1 |    0 |
| 31695 | CAS  | 2010-04-16 | 2010-04-18 | 148.75 | KEPKE         | HAROLD     |      2 |    0 |
| 31993 | AOB  | 2010-02-08 | 2010-02-10 | 201.25 | ZIEBARTH      | ADELAIDE   |      1 |    3 |
| 32015 | CAS  | 2010-12-03 | 2010-12-05 | 201.25 | EADER         | JACKIE     |      2 |    0 |
| 32049 | RND  | 2010-11-22 | 2010-12-04 |    135 | PANOS         | LESTER     |      1 |    1 |
| 32112 | TAA  | 2010-07-20 | 2010-07-27 |     75 | SAMPLES       | CLAIR      |      1 |    0 |
| 32116 | MWC  | 2010-10-15 | 2010-10-17 | 143.75 | RUSSO         | MELODY     |      1 |    1 |
| 32138 | CAS  | 2010-02-05 | 2010-02-07 |    175 | KOEHNE        | YUONNE     |      3 |    1 |
| 32552 | TAA  | 2010-10-11 | 2010-10-12 |     75 | MIDTHUN       | EMMANUEL   |      1 |    0 |
| 32565 | CAS  | 2010-08-21 | 2010-08-26 |  157.5 | KALAFATIS     | KEITH      |      3 |    0 |
| 32739 | CAS  | 2010-11-20 | 2010-11-24 | 148.75 | SHAFE         | TUAN       |      1 |    2 |
| 32781 | CAS  | 2010-09-09 | 2010-09-15 |    175 | DURAN         | BO         |      2 |    2 |
| 32896 | RTE  | 2010-01-06 | 2010-01-13 |  157.5 | LUTFY         | LIZETTE    |      1 |    2 |
| 32933 | IBD  | 2010-06-05 | 2010-06-06 |    135 | MURASSO       | JAMIE      |      2 |    1 |
| 33013 | TAA  | 2010-12-16 | 2010-12-18 |   67.5 | STYCH         | DIA        |      1 |    0 |
| 33155 | MWC  | 2010-12-14 | 2010-12-16 | 143.75 | FOLGER        | ELOISA     |      1 |    0 |
| 33195 | IBD  | 2010-12-06 | 2010-12-12 |    150 | DEHLINGER     | VANCE      |      3 |    1 |
| 33271 | MWC  | 2010-11-29 | 2010-12-02 | 143.75 | YONKERS       | RHETT      |      2 |    2 |
| 33339 | TAA  | 2010-12-22 | 2010-12-27 |   67.5 | WISSINGER     | JACQUES    |      1 |    0 |
| 33395 | IBD  | 2010-10-31 | 2010-11-02 |    150 | METER         | ROSA       |      2 |    0 |
| 33427 | IBD  | 2010-04-17 | 2010-04-21 |    135 | BEALLE        | RASHAD     |      1 |    0 |
| 33748 | AOB  | 2010-09-14 | 2010-09-16 |    175 | PIGNONE       | JOEL       |      1 |    3 |
| 33806 | AOB  | 2010-05-27 | 2010-05-28 |    175 | OXFORD        | KATRICE    |      1 |    2 |
| 34034 | RND  | 2010-06-14 | 2010-06-20 |  172.5 | GABBETT       | ALLEN      |      1 |    0 |
| 34244 | MWC  | 2010-06-04 | 2010-06-06 |  112.5 | SPIKE         | ROSENDA    |      4 |    0 |
| 34855 | HBB  | 2010-07-01 | 2010-07-04 |    100 | YURICK        | SHARA      |      2 |    0 |
| 34999 | RTE  | 2010-06-15 | 2010-06-19 |    175 | DANIELLO      | RUDOLF     |      1 |    1 |
| 35136 | MWC  | 2010-09-10 | 2010-09-12 |  112.5 | MALCHOW       | RAMIRO     |      1 |    0 |
| 35180 | MWC  | 2010-04-07 | 2010-04-08 |    125 | POWNELL       | BRIDGET    |      1 |    0 |
| 35546 | TAA  | 2010-09-19 | 2010-09-24 |   67.5 | YUK           | TIM        |      1 |    0 |
| 35870 | IBS  | 2010-11-09 | 2010-11-11 |    135 | DONIGAN       | GLEN       |      1 |    1 |
| 35922 | FNA  | 2010-09-01 | 2010-09-02 |  287.5 | SINGERMAN     | YAN        |      1 |    0 |
| 35959 | HBB  | 2010-11-07 | 2010-11-09 |    100 | BRAND         | TROY       |      1 |    0 |
| 36156 | CAS  | 2010-03-07 | 2010-03-12 |    175 | GUILFOIL      | KOREY      |      2 |    0 |
| 36345 | CAS  | 2010-12-10 | 2010-12-12 |  157.5 | TURVAVILLE    | TYLER      |      1 |    0 |
| 36356 | MWC  | 2010-03-29 | 2010-04-04 |    125 | SPECTOR       | FRITZ      |      2 |    1 |
| 36855 | TAA  | 2010-04-13 | 2010-04-14 |   67.5 | TRAMM         | SANG       |      1 |    0 |
| 36890 | AOB  | 2010-12-26 | 2010-12-28 |    175 | PHILBERT      | CHRISTIE   |      2 |    1 |
| 37060 | IBD  | 2010-10-21 | 2010-10-23 |    150 | PASSANTINO    | DALLAS     |      1 |    3 |
| 37309 | RTE  | 2010-06-19 | 2010-06-21 |    175 | PERRINO       | DENNY      |      3 |    1 |
| 37425 | IBD  | 2010-07-26 | 2010-07-28 |    150 | FIERECK       | ALBERTA    |      4 |    0 |
| 37456 | CAS  | 2010-09-18 | 2010-09-19 |    175 | BOWEN         | NIDA       |      2 |    0 |
| 37585 | IBS  | 2010-09-06 | 2010-09-08 |    135 | NOAH          | DOROTHEA   |      2 |    0 |
| 37773 | FNA  | 2010-05-31 | 2010-06-06 |  312.5 | BOUGIE        | MONTE      |      1 |    1 |
| 37845 | IBD  | 2010-08-29 | 2010-08-30 |  127.5 | PENEZ         | AMIEE      |      1 |    0 |
| 37985 | MWC  | 2010-02-15 | 2010-02-18 |  112.5 | PEDERSON      | DOTTIE     |      1 |    1 |
| 38013 | AOB  | 2010-07-08 | 2010-07-15 |    175 | RURY          | SENA       |      1 |    1 |
| 38017 | TAA  | 2010-09-05 | 2010-09-07 |     75 | SHOULDER      | FLORENTINO |      2 |    0 |
| 38140 | CAS  | 2010-01-22 | 2010-01-23 | 218.75 | KUDRON        | CATHERIN   |      3 |    0 |
| 38209 | TAA  | 2010-01-08 | 2010-01-13 |  86.25 | ECKERT        | EDIE       |      1 |    0 |
| 38293 | RTE  | 2010-12-17 | 2010-12-19 |  157.5 | SCHOSSOW      | BO         |      3 |    1 |
| 38368 | RND  | 2010-05-30 | 2010-06-06 |    150 | FOCKE         | HONEY      |      1 |    1 |
| 38636 | HBB  | 2010-12-29 | 2010-12-31 |    115 | FORESTA       | JORDON     |      1 |    0 |
| 38677 | MWC  | 2010-10-05 | 2010-10-11 | 156.25 | HORELICK      | BYRON      |      2 |    0 |
| 39602 | IBS  | 2010-02-13 | 2010-02-23 |    150 | STUART        | IVA        |      1 |    1 |
| 39640 | MWC  | 2010-02-01 | 2010-02-05 | 143.75 | HERZING       | DELPHIA    |      2 |    1 |
| 39910 | FNA  | 2010-10-19 | 2010-10-21 |    250 | KAMINSKY      | DANNY      |      1 |    0 |
| 40043 | MWC  | 2010-12-04 | 2010-12-14 |    125 | LANSBERRY     | JESUSITA   |      3 |    1 |
| 40241 | HBB  | 2010-09-13 | 2010-09-15 |     85 | CORSARO       | SHELLA     |      1 |    1 |
| 40675 | IBS  | 2010-12-13 | 2010-12-14 |    150 | HANUS         | THEOLA     |      1 |    0 |
| 40678 | MWC  | 2010-03-22 | 2010-03-29 |  112.5 | KENNETT       | QUEEN      |      3 |    0 |
| 41037 | FNA  | 2010-06-19 | 2010-07-02 |    225 | DUB           | SUZANNE    |      1 |    0 |
| 41112 | RND  | 2010-01-06 | 2010-01-11 |    135 | HOOLEY        | EUGENIO    |      1 |    0 |
| 41619 | AOB  | 2010-10-15 | 2010-10-22 |    175 | MASSEY        | DORIAN     |      4 |    0 |
| 41754 | IBS  | 2010-02-24 | 2010-02-25 |  172.5 | ANA           | ELLAN      |      1 |    0 |
| 41783 | RND  | 2010-12-19 | 2010-12-20 |  187.5 | LEDOUX        | LENA       |      1 |    0 |
| 41880 | HBB  | 2010-08-07 | 2010-08-09 |    100 | PLAKE         | KARMEN     |      1 |    0 |
| 42000 | TAA  | 2010-12-04 | 2010-12-11 |  93.75 | STRINGFELLOW  | GEARLDINE  |      2 |    0 |
| 42424 | CAS  | 2010-08-01 | 2010-08-14 |  157.5 | SCARPINO      | BERNITA    |      2 |    0 |
| 42688 | RTE  | 2010-09-04 | 2010-09-08 | 148.75 | BRIERTON      | MAJOR      |      1 |    2 |
| 42731 | IBS  | 2010-11-11 | 2010-11-15 |  172.5 | HOTARD        | ALYSIA     |      2 |    0 |
| 43157 | HBB  | 2010-12-31 | 2011-01-06 |    100 | STURN         | NEVADA     |      2 |    0 |
| 43225 | AOB  | 2010-06-12 | 2010-06-13 |  157.5 | CAPRON        | CASSAUNDRA |      1 |    1 |
| 43303 | IBD  | 2010-01-27 | 2010-01-28 |    150 | MENINO        | STEVEN     |      1 |    1 |
| 43584 | IBD  | 2010-11-02 | 2010-11-04 |    135 | BRUSKI        | MONTY      |      1 |    2 |
| 43651 | IBD  | 2010-10-19 | 2010-10-21 |    150 | LAGERMAN      | LEOLA      |      2 |    0 |
| 43654 | IBD  | 2010-02-27 | 2010-02-28 |  172.5 | BORROMEO      | EBONY      |      2 |    1 |
| 43692 | IBD  | 2010-12-31 | 2011-01-01 |  172.5 | BEAMON        | HYACINTH   |      1 |    0 |
| 43707 | RTE  | 2010-07-14 | 2010-07-16 |    175 | GUT           | ALEJANDRA  |      1 |    1 |
| 43911 | RND  | 2010-03-12 | 2010-03-13 |  127.5 | NEIN          | TEODORO    |      1 |    0 |
| 44040 | HBB  | 2010-10-15 | 2010-10-16 |     90 | ZELAYA        | PRINCE     |      1 |    0 |
| 44310 | IBD  | 2010-11-15 | 2010-11-21 |    135 | DIEZ          | NADIA      |      4 |    0 |
| 44358 | RND  | 2010-01-25 | 2010-01-27 |    150 | BOBROW        | CLINTON    |      2 |    0 |
| 44378 | MWC  | 2010-07-12 | 2010-07-13 |    125 | COTMAN        | JOLYNN     |      1 |    3 |
| 44426 | IBS  | 2010-06-22 | 2010-06-23 |    150 | CHEESE        | TRINIDAD   |      1 |    0 |
| 44428 | IBS  | 2010-08-04 | 2010-08-06 |  172.5 | ZAVADOSKI     | CLAIR      |      1 |    0 |
| 44771 | TAA  | 2010-03-29 | 2010-03-30 |   67.5 | NOBLIN        | BELKIS     |      2 |    0 |
| 44836 | AOB  | 2010-10-31 | 2010-11-03 | 148.75 | DEFRANG       | DWAIN      |      1 |    0 |
| 44933 | RND  | 2010-07-27 | 2010-07-29 |    150 | FURIA         | ELWANDA    |      2 |    0 |
| 45022 | RTE  | 2010-09-20 | 2010-09-21 |    175 | PAILET        | GIUSEPPE   |      3 |    1 |
| 45157 | HBB  | 2010-05-11 | 2010-05-18 |    115 | WICKLIN       | WYNELL     |      2 |    0 |
| 45279 | RTE  | 2010-04-08 | 2010-04-12 | 201.25 | HALBERSTAM    | SHERRILL   |      4 |    0 |
| 45483 | RTE  | 2010-02-17 | 2010-02-18 |  157.5 | JENQUIN       | JAY        |      2 |    0 |
| 45745 | RTE  | 2010-11-29 | 2010-11-30 |    175 | MEGGS         | CARY       |      1 |    0 |
| 46496 | CAS  | 2010-04-08 | 2010-04-12 |    175 | ALWINE        | SHAWANDA   |      3 |    0 |
| 46577 | RND  | 2010-12-12 | 2010-12-14 |    135 | MAURER        | TEODORO    |      1 |    0 |
| 46665 | HBB  | 2010-08-31 | 2010-09-09 |    100 | MABRA         | MARGET     |      1 |    0 |
| 46797 | CAS  | 2010-05-15 | 2010-05-16 |    175 | VANBLARICUM   | CRISTIE    |      3 |    1 |
| 46908 | TAA  | 2010-12-29 | 2010-12-30 |  86.25 | PULOS         | ROBERTO    |      1 |    0 |
| 47004 | AOB  | 2010-07-15 | 2010-07-28 |    175 | STEBNER       | MAXIE      |      1 |    1 |
| 47108 | TAA  | 2010-12-30 | 2011-01-12 |     75 | WILCUTT       | BLAINE     |      1 |    0 |
| 47146 | AOB  | 2010-09-16 | 2010-09-23 | 201.25 | GATTSHALL     | REGAN      |      1 |    0 |
| 47352 | FNA  | 2010-04-20 | 2010-04-24 |    225 | MARZETT       | JOSEPH     |      1 |    1 |
| 47496 | RND  | 2010-01-01 | 2010-01-06 |    150 | KLEVER        | ERASMO     |      1 |    0 |
| 47511 | IBD  | 2010-11-21 | 2010-11-22 |  172.5 | VELIE         | NIKKI      |      1 |    2 |
| 48113 | AOB  | 2010-05-24 | 2010-05-25 |    175 | BABU          | SARAI      |      2 |    0 |
| 48382 | RND  | 2010-03-13 | 2010-03-14 |    150 | SCHLADWEILER  | ELEASE     |      1 |    0 |
| 48532 | RND  | 2010-11-20 | 2010-11-22 |    135 | VANDEBRINK    | TRESSIE    |      1 |    0 |
| 48539 | RND  | 2010-03-21 | 2010-03-28 |    135 | CHINAULT      | EDWARDO    |      2 |    0 |
| 48604 | HBB  | 2010-09-16 | 2010-09-22 |    115 | GARCES        | CRISTIE    |      1 |    1 |
| 48665 | HBB  | 2010-09-26 | 2010-09-28 |     90 | STOUDYMIRE    | COLUMBUS   |      1 |    1 |
| 48822 | RND  | 2010-06-08 | 2010-06-12 |  187.5 | HULETTE       | DARIUS     |      1 |    0 |
| 48854 | RTE  | 2010-06-26 | 2010-06-27 |    175 | TROKEY        | INGRID     |      2 |    0 |
| 49153 | TAA  | 2010-06-23 | 2010-06-30 |  86.25 | ZEPEDA        | ELANA      |      1 |    0 |
| 49253 | RND  | 2010-02-03 | 2010-02-06 |    150 | NANI          | GARRY      |      1 |    0 |
| 49467 | HBB  | 2010-07-09 | 2010-07-16 |    115 | SUSMILCH      | RAYMUNDO   |      1 |    0 |
| 49482 | IBS  | 2010-11-21 | 2010-12-02 |  172.5 | ATTEBURG      | ELMIRA     |      2 |    0 |
| 49606 | RTE  | 2010-03-04 | 2010-03-05 | 201.25 | YOKUM         | GARRY      |      1 |    3 |
| 49609 | RTE  | 2010-09-12 | 2010-09-17 |    175 | ZEPEDA        | ELANA      |      2 |    2 |
| 49802 | RTE  | 2010-07-30 | 2010-08-04 |  157.5 | CONRAD        | ELODIA     |      1 |    1 |
| 49886 | TAA  | 2010-04-21 | 2010-04-27 |  86.25 | BRINAR        | WOODROW    |      1 |    1 |
| 50207 | AOB  | 2010-04-20 | 2010-04-21 |    175 | ROSENDO       | TAREN      |      1 |    0 |
| 50223 | IBS  | 2010-04-12 | 2010-04-14 |    135 | CALLICUTT     | HONG       |      1 |    0 |
| 50458 | RTE  | 2010-04-18 | 2010-04-20 |    175 | VOLANTE       | EMERY      |      1 |    2 |
| 50459 | RTE  | 2010-04-14 | 2010-04-15 | 218.75 | LORENZANO     | SON        |      1 |    2 |
| 51097 | IBS  | 2010-12-18 | 2010-12-20 |    135 | TOODLE        | NOLA       |      2 |    0 |
| 51685 | FNA  | 2010-02-03 | 2010-02-04 |    250 | EIMER         | LYNELLE    |      2 |    0 |
| 52353 | RTE  | 2010-03-31 | 2010-04-07 | 201.25 | WISWELL       | JERROD     |      1 |    0 |
| 52470 | RND  | 2010-06-20 | 2010-06-21 |  127.5 | BAIRAM        | BRADLY     |      1 |    1 |
| 52597 | AOB  | 2010-01-11 | 2010-01-14 |    175 | CASMORE       | MARINE     |      3 |    0 |
| 52799 | HBB  | 2010-08-05 | 2010-08-07 |     85 | WANDREI       | ISSAC      |      1 |    0 |
| 53186 | RTE  | 2010-07-09 | 2010-07-14 |  157.5 | MANARD        | ARDELIA    |      1 |    0 |
| 53295 | MWC  | 2010-08-17 | 2010-08-22 | 106.25 | HANUS         | THEOLA     |      2 |    1 |
| 53535 | IBS  | 2010-03-22 | 2010-03-25 |  172.5 | ALLENDE       | VIRGIL     |      1 |    1 |
| 53668 | FNA  | 2010-08-22 | 2010-08-24 |  287.5 | FIGUROA       | BEN        |      1 |    0 |
| 53723 | IBS  | 2010-09-11 | 2010-09-12 |    135 | KVETON        | FREDRICK   |      2 |    0 |
| 53747 | IBS  | 2010-09-22 | 2010-09-23 |    135 | SPEARIN       | TOMMY      |      1 |    1 |
| 53876 | MWC  | 2010-01-14 | 2010-01-15 |    125 | KEBEDE        | ARON       |      3 |    0 |
| 54061 | RTE  | 2010-05-05 | 2010-05-12 |    175 | BARTHELL      | RICARDA    |      1 |    0 |
| 54274 | TAA  | 2010-12-27 | 2010-12-28 |     75 | PEYATT        | SHERON     |      1 |    0 |
| 54323 | MWC  | 2010-07-13 | 2010-07-14 | 106.25 | LUNNEY        | YVETTE     |      3 |    0 |
| 54369 | RND  | 2010-12-04 | 2010-12-06 |  172.5 | MULE          | DIONNA     |      1 |    0 |
| 54781 | MWC  | 2010-11-07 | 2010-11-11 |    125 | KUTA          | HERMAN     |      1 |    2 |
| 54811 | FNA  | 2010-04-19 | 2010-04-20 |    225 | KLEVER        | ERASMO     |      2 |    1 |
| 54831 | AOB  | 2010-06-15 | 2010-06-21 | 201.25 | BAUGUESS      | ERYN       |      1 |    3 |
| 54966 | MWC  | 2010-02-23 | 2010-02-24 |    125 | MAZUREK       | LEIGHANN   |      1 |    0 |
| 55344 | RND  | 2010-01-30 | 2010-01-31 |    135 | RENSCH        | LIANA      |      1 |    0 |
| 55363 | IBS  | 2010-09-20 | 2010-09-22 |    135 | VERDINE       | ANTONINA   |      1 |    0 |
| 55551 | RND  | 2010-11-04 | 2010-11-08 |  127.5 | COOKUS        | KASHA      |      2 |    0 |
| 55641 | IBS  | 2010-04-23 | 2010-04-25 |    150 | ISHIBASHI     | CAPRICE    |      1 |    1 |
| 55862 | HBB  | 2010-11-28 | 2010-12-05 |     85 | BIERWAGEN     | MARK       |      1 |    1 |
| 55870 | IBD  | 2010-05-08 | 2010-05-13 |    135 | BELONGIE      | BIBI       |      1 |    3 |
| 55985 | TAA  | 2010-02-25 | 2010-02-26 |  86.25 | BASSI         | DUSTY      |      1 |    0 |
| 56286 | AOB  | 2010-07-29 | 2010-07-31 | 201.25 | BRICKEL       | ROCKY      |      3 |    1 |
| 56344 | TAA  | 2010-03-02 | 2010-03-03 |  86.25 | INGUARDSEN    | HARRISON   |      1 |    0 |
| 56373 | FNA  | 2010-12-18 | 2010-12-20 |    225 | BEGEN         | ASHLYN     |      3 |    0 |
| 56475 | TAA  | 2010-02-07 | 2010-02-08 |  93.75 | KLIGER        | TRICIA     |      1 |    0 |
| 56509 | IBD  | 2010-03-08 | 2010-03-10 |    150 | VONDRA        | HUMBERTO   |      3 |    0 |
| 56517 | FNA  | 2010-01-01 | 2010-01-04 |    225 | TUPPEN        | HANS       |      1 |    1 |
| 56737 | HBB  | 2010-11-17 | 2010-11-18 |    100 | PETTINE       | NUMBERS    |      2 |    0 |
| 56797 | CAS  | 2010-02-03 | 2010-02-05 |    175 | PFEUFFER      | VALENTIN   |      3 |    0 |
| 57015 | MWC  | 2010-12-19 | 2010-12-20 | 106.25 | BUSTER        | TOM        |      1 |    0 |
| 57275 | IBD  | 2010-03-28 | 2010-04-02 |    150 | MABRA         | MARGET     |      3 |    0 |
| 57298 | CAS  | 2010-01-30 | 2010-02-03 | 148.75 | KNOP          | JEFFRY     |      1 |    0 |
| 57527 | AOB  | 2010-03-26 | 2010-03-28 | 201.25 | ABAJA         | RHEA       |      2 |    0 |
| 57627 | TAA  | 2010-01-29 | 2010-02-05 |   67.5 | SWEAZY        | ROY        |      1 |    1 |
| 57705 | RND  | 2010-11-12 | 2010-11-15 |  172.5 | ROTHMAN       | GLENNIS    |      1 |    0 |
| 57909 | RTE  | 2010-10-02 | 2010-10-06 | 201.25 | OULETTE       | ALDO       |      1 |    0 |
| 58148 | IBS  | 2010-10-11 | 2010-10-13 |  172.5 | VOLANTE       | EMERY      |      1 |    0 |
| 58196 | IBS  | 2010-12-24 | 2010-12-30 |    150 | ZELINSKI      | ARTHUR     |      1 |    0 |
| 58266 | MWC  | 2010-01-08 | 2010-01-14 |    125 | PICKARD       | HORTENCIA  |      1 |    0 |
| 58668 | HBB  | 2010-12-14 | 2010-12-19 |    125 | COASTER       | MERLE      |      1 |    1 |
| 58755 | AOB  | 2010-04-30 | 2010-05-01 |    175 | MALNAR        | GROVER     |      1 |    0 |
| 58762 | IBS  | 2010-04-05 | 2010-04-07 |  127.5 | REDEPENNING   | FAITH      |      1 |    0 |
| 58779 | FNA  | 2010-01-19 | 2010-01-21 |    250 | ZENTNER       | ROBBIE     |      1 |    1 |
| 58881 | IBS  | 2010-03-27 | 2010-03-29 |    150 | RONFELDT      | JERMAINE   |      1 |    0 |
| 58934 | AOB  | 2010-12-15 | 2010-12-22 | 201.25 | RICHARD       | ROBBY      |      1 |    1 |
| 58942 | TAA  | 2010-11-04 | 2010-11-08 |     75 | HULETTE       | DARIUS     |      1 |    0 |
| 58972 | AOB  | 2010-05-17 | 2010-05-19 |  157.5 | BERS          | BRENDA     |      2 |    1 |
| 59083 | RND  | 2010-09-03 | 2010-09-10 |  172.5 | HARTFORD      | NATHANAEL  |      2 |    0 |
| 59166 | FNA  | 2010-08-20 | 2010-08-21 |    250 | TANI          | DOMINICK   |      3 |    0 |
| 59225 | AOB  | 2010-06-26 | 2010-06-30 | 201.25 | DURAN         | BO         |      1 |    0 |
| 59593 | CAS  | 2010-07-17 | 2010-07-18 | 218.75 | GRULKEY       | JULIO      |      1 |    3 |
| 59610 | IBS  | 2010-09-23 | 2010-09-30 |    150 | EGELSTON      | EMANUEL    |      2 |    0 |
| 59986 | CAS  | 2010-12-05 | 2010-12-09 |    175 | WEINAND       | HARRIETT   |      1 |    0 |
| 60169 | MWC  | 2010-05-10 | 2010-05-16 |    125 | ROSATI        | LORENA     |      1 |    3 |
| 60205 | FNA  | 2010-05-22 | 2010-05-31 |    225 | FRAINE        | MANDA      |      1 |    1 |
| 60313 | CAS  | 2010-10-28 | 2010-10-30 | 218.75 | SLONE         | LARITA     |      1 |    1 |
| 60454 | FNA  | 2010-10-06 | 2010-10-08 |    225 | GOLSTON       | CONSUELA   |      2 |    2 |
| 60749 | IBS  | 2010-12-22 | 2010-12-24 |    135 | DONAHER       | LAKIA      |      1 |    0 |
| 61861 | TAA  | 2010-05-30 | 2010-06-12 |  86.25 | EASTLING      | AUNDREA    |      1 |    0 |
| 62024 | RTE  | 2010-02-06 | 2010-02-12 |  157.5 | LUTTRELL      | MONTY      |      1 |    3 |
| 62078 | IBD  | 2010-01-12 | 2010-01-25 |  172.5 | BRODOWSKI     | RODERICK   |      1 |    0 |
| 62147 | RND  | 2010-05-06 | 2010-05-13 |    135 | BURCHAM       | JONATHON   |      1 |    1 |
| 62161 | CAS  | 2010-09-08 | 2010-09-09 |  157.5 | IKEDA         | FREEMAN    |      1 |    0 |
| 62305 | IBS  | 2010-10-15 | 2010-10-22 |    150 | KAMROWSKI     | EVITA      |      2 |    0 |
| 62313 | TAA  | 2010-02-10 | 2010-02-12 |  86.25 | WAEGNER       | BROOKS     |      1 |    1 |
| 62333 | IBS  | 2010-02-06 | 2010-02-07 |    150 | ABATIELL      | CATHRYN    |      2 |    0 |
| 62816 | IBS  | 2010-07-07 | 2010-07-11 |  127.5 | MAEWEATHER    | AUGUST     |      1 |    0 |
| 62874 | HBB  | 2010-08-26 | 2010-08-27 |    100 | SKIBA         | MITCHELL   |      1 |    1 |
| 63043 | HBB  | 2010-12-06 | 2010-12-07 |     85 | CIERPKE       | DOT        |      1 |    1 |
| 63078 | HBB  | 2010-12-05 | 2010-12-06 |     90 | WHITTEN       | MITZI      |      1 |    0 |
| 63153 | FNA  | 2010-02-20 | 2010-02-22 |  312.5 | TROKEY        | INGRID     |      4 |    0 |
| 63293 | RND  | 2010-10-25 | 2010-11-01 |  127.5 | KUTA          | HERMAN     |      1 |    1 |
| 63458 | RND  | 2010-07-31 | 2010-08-01 |  172.5 | LELEUX        | PORTER     |      1 |    1 |
| 63523 | HBB  | 2010-04-15 | 2010-04-16 |    115 | RATTANA       | WINFRED    |      1 |    0 |
| 63558 | IBS  | 2010-03-20 | 2010-03-22 |    150 | KEPKE         | HAROLD     |      1 |    1 |
| 63600 | IBD  | 2010-08-21 | 2010-08-28 |    150 | WEARS         | LIBBIE     |      3 |    0 |
| 63652 | IBS  | 2010-05-14 | 2010-05-20 |  172.5 | COVERT        | ADAM       |      1 |    1 |
| 63746 | IBS  | 2010-03-25 | 2010-03-27 |  187.5 | SCARLES       | LANDON     |      1 |    1 |
| 64456 | MWC  | 2010-06-07 | 2010-06-09 |    125 | MCCLENNINGHAM | BRADLY     |      1 |    2 |
| 64503 | RND  | 2010-08-06 | 2010-08-11 |  172.5 | MAURER        | TEODORO    |      2 |    0 |
| 64657 | HBB  | 2010-03-01 | 2010-03-06 |    115 | VIPPERMAN     | PABLO      |      2 |    0 |
| 64785 | RTE  | 2010-12-28 | 2011-01-04 | 148.75 | MAEWEATHER    | AUGUST     |      3 |    0 |
| 64987 | MWC  | 2010-02-28 | 2010-03-05 |    125 | BRESSE        | BURTON     |      1 |    0 |
| 65153 | IBD  | 2010-06-12 | 2010-06-14 |    150 | VEGHER        | ANGELA     |      1 |    2 |
| 65186 | FNA  | 2010-01-13 | 2010-01-15 |    250 | GOSSERAND     | CURTIS     |      2 |    1 |
| 65206 | HBB  | 2010-07-16 | 2010-07-21 |    100 | HIRONS        | RANDAL     |      1 |    1 |
| 65283 | FNA  | 2010-04-08 | 2010-04-09 |  287.5 | ALLAIRE       | RAMONA     |      2 |    0 |
| 65416 | RND  | 2010-09-11 | 2010-09-13 |  127.5 | STRICK        | NICHOLLE   |      1 |    0 |
| 65417 | AOB  | 2010-04-13 | 2010-04-15 |    175 | ACHTER        | GRETA      |      1 |    1 |
| 65909 | MWC  | 2010-07-31 | 2010-08-01 |  112.5 | BENDICKSON    | NEWTON     |      2 |    0 |
| 66089 | IBD  | 2010-04-06 | 2010-04-07 |    135 | WINNEN        | TYLER      |      2 |    1 |
| 66189 | MWC  | 2010-12-30 | 2011-01-04 | 143.75 | FROEHNER      | LATRISHA   |      3 |    0 |
| 66331 | IBS  | 2010-12-02 | 2010-12-06 |    135 | SEVILLANO     | LILLI      |      1 |    1 |
| 66494 | CAS  | 2010-03-14 | 2010-03-18 |  157.5 | KOLB          | ENA        |      3 |    0 |
| 66548 | IBD  | 2010-10-23 | 2010-10-26 |    150 | FEASTER       | KRISTOPHER |      3 |    0 |
| 66899 | FNA  | 2010-01-18 | 2010-01-19 |    225 | TUNE          | MARISSA    |      1 |    0 |
| 67066 | IBD  | 2010-01-07 | 2010-01-11 |    135 | EDHOLM        | ALFRED     |      3 |    1 |
| 67200 | AOB  | 2010-01-16 | 2010-01-23 | 148.75 | CHET          | CHARLEEN   |      1 |    2 |
| 67292 | FNA  | 2010-03-24 | 2010-03-28 |  287.5 | GUEDESSE      | SOL        |      3 |    0 |
| 67343 | RND  | 2010-10-14 | 2010-10-25 |  172.5 | ALBROUGH      | OLYMPIA    |      2 |    0 |
| 67381 | TAA  | 2010-11-02 | 2010-11-04 |     75 | GUERETTE      | CLARETTA   |      2 |    0 |
| 67409 | FNA  | 2010-12-31 | 2011-01-04 |    250 | MADRON        | DONNIE     |      2 |    1 |
| 67427 | AOB  | 2010-09-02 | 2010-09-14 |    175 | STRACK        | PORTER     |      1 |    3 |
| 67464 | MWC  | 2010-09-27 | 2010-09-30 |  112.5 | KVETON        | FREDRICK   |      1 |    1 |
| 67689 | IBS  | 2010-09-08 | 2010-09-11 |  172.5 | DELGUIDICE    | DAN        |      2 |    0 |
| 67917 | TAA  | 2010-07-09 | 2010-07-13 |     75 | SALERNO       | LOU        |      1 |    0 |
| 68265 | TAA  | 2010-06-30 | 2010-07-03 |   67.5 | BREGER        | BOYD       |      2 |    0 |
| 68385 | RND  | 2010-12-10 | 2010-12-12 |  172.5 | ALBERO        | ABBEY      |      1 |    0 |
| 68829 | TAA  | 2010-02-12 | 2010-02-15 |   67.5 | POIRRIER      | SUZETTE    |      1 |    1 |
| 69035 | AOB  | 2010-11-18 | 2010-11-26 | 218.75 | KU            | MERIDETH   |      1 |    3 |
| 69316 | RND  | 2010-02-26 | 2010-03-07 |    150 | SULOUFF       | JESSICA    |      1 |    0 |
| 69494 | RND  | 2010-09-21 | 2010-09-22 |    135 | MINDEN        | STACEY     |      1 |    0 |
| 69499 | TAA  | 2010-03-27 | 2010-03-29 |     75 | AKHTAR        | BENTON     |      1 |    0 |
| 69598 | RND  | 2010-12-30 | 2010-12-31 |    150 | RENIER        | MARCELLUS  |      1 |    0 |
| 69654 | TAA  | 2010-10-23 | 2010-10-29 |     75 | TOLLINCHI     | CHRISTOPER |      2 |    0 |
| 69796 | FNA  | 2010-06-09 | 2010-06-11 |    250 | LUANGSINGOTHA | WILHELMINA |      1 |    3 |
| 69840 | MWC  | 2010-08-30 | 2010-09-03 |  112.5 | KNERIEN       | GRANT      |      2 |    1 |
| 69844 | RND  | 2010-03-07 | 2010-03-11 |  172.5 | BONIOL        | CLINT      |      1 |    0 |
| 69945 | HBB  | 2010-06-07 | 2010-06-09 |    115 | FLEURILUS     | KATTIE     |      1 |    0 |
| 70172 | RND  | 2010-01-23 | 2010-01-25 |    150 | ALMANZA       | PHEBE      |      1 |    0 |
| 70287 | MWC  | 2010-08-02 | 2010-08-11 | 143.75 | MAEDA         | DUSTY      |      1 |    0 |
| 70440 | RND  | 2010-07-23 | 2010-07-27 |    150 | DEVEY         | GIUSEPPE   |      1 |    0 |
| 70741 | IBD  | 2010-04-09 | 2010-04-14 |    150 | EERKES        | CODY       |      3 |    0 |
| 70863 | CAS  | 2010-06-23 | 2010-07-05 | 201.25 | MUHLESTEIN    | REINALDO   |      1 |    2 |
| 70889 | IBD  | 2010-12-25 | 2010-12-26 |  172.5 | DINUNZIO      | FELIPE     |      1 |    3 |
| 70937 | CAS  | 2010-06-06 | 2010-06-07 | 148.75 | BERTINI       | DYAN       |      3 |    0 |
| 71009 | FNA  | 2010-02-18 | 2010-02-20 |    250 | OXBORROW      | CARLETTA   |      2 |    0 |
| 71343 | RTE  | 2010-07-19 | 2010-07-21 | 201.25 | TOWBER        | MODESTO    |      1 |    0 |
| 71443 | HBB  | 2010-08-02 | 2010-08-05 |    100 | KLIMAVICIUS   | ULRIKE     |      1 |    0 |
| 71679 | IBD  | 2010-12-27 | 2010-12-31 |  172.5 | MIKEL         | BRIGIDA    |      1 |    0 |
| 71802 | RTE  | 2010-10-23 | 2010-10-29 | 201.25 | GOODHUE       | RUSSELL    |      1 |    0 |
| 71818 | FNA  | 2010-07-05 | 2010-07-06 |    250 | SALOWITZ      | QUEEN      |      2 |    1 |
| 71902 | FNA  | 2010-07-27 | 2010-07-31 |    250 | ANNABLE       | IRA        |      1 |    0 |
| 71987 | FNA  | 2010-12-30 | 2010-12-31 |    250 | HARE          | ELSIE      |      2 |    0 |
| 72456 | IBS  | 2010-02-08 | 2010-02-10 |    150 | STARTIN       | BRUNA      |      1 |    1 |
| 72503 | IBS  | 2010-07-23 | 2010-07-30 |    150 | VELZEBOER     | HAN        |      2 |    0 |
| 72506 | IBD  | 2010-12-12 | 2010-12-25 |    150 | KNERIEN       | GRANT      |      2 |    0 |
| 72656 | FNA  | 2010-03-18 | 2010-03-19 |    250 | PICHARD       | HOLLIS     |      1 |    3 |
| 72813 | CAS  | 2010-09-29 | 2010-10-03 | 201.25 | WEINLAND      | BEV        |      3 |    1 |
| 72817 | MWC  | 2010-07-08 | 2010-07-09 | 143.75 | FINEFROCK     | ALEXIS     |      1 |    2 |
| 72890 | IBD  | 2010-12-26 | 2010-12-27 |  172.5 | AKHTAR        | BENTON     |      1 |    0 |
| 72945 | AOB  | 2010-04-12 | 2010-04-13 | 201.25 | KOHS          | BOB        |      1 |    1 |
| 73154 | HBB  | 2010-06-14 | 2010-06-19 |    115 | SAILORS       | SANDA      |      1 |    0 |
| 73364 | RTE  | 2010-09-09 | 2010-09-10 |  157.5 | MAROUN        | MARTH      |      1 |    0 |
| 73473 | MWC  | 2010-10-18 | 2010-10-27 |    125 | ROTCHFORD     | DWIGHT     |      3 |    0 |
| 73732 | FNA  | 2010-04-26 | 2010-04-28 |    250 | RODERICK      | JOSLYN     |      1 |    0 |
| 73785 | HBB  | 2010-12-07 | 2010-12-09 |    100 | ROGGE         | MEREDITH   |      2 |    0 |
| 74036 | CAS  | 2010-02-08 | 2010-02-14 |    175 | MANTERNACH    | ALBERTA    |      2 |    0 |
| 74117 | FNA  | 2010-07-02 | 2010-07-04 |    225 | HORTILLOSA    | FREDDY     |      1 |    0 |
| 74141 | HBB  | 2010-11-14 | 2010-11-16 |    100 | BRODOWSKI     | RODERICK   |      1 |    0 |
| 74548 | IBS  | 2010-01-13 | 2010-01-16 |  172.5 | BORROMEO      | EBONY      |      1 |    1 |
| 74927 | TAA  | 2010-03-24 | 2010-03-26 |   67.5 | MACROSTIE     | SABRINA    |      1 |    0 |
| 75081 | TAA  | 2010-04-27 | 2010-05-07 |     75 | HANSEN        | LAREE      |      1 |    0 |
| 75457 | FNA  | 2010-09-05 | 2010-09-07 |    225 | SEGO          | HUNG       |      1 |    0 |
| 75477 | IBS  | 2010-02-23 | 2010-02-24 |  172.5 | JAHR          | JESSIE     |      2 |    0 |
| 75632 | CAS  | 2010-01-26 | 2010-01-27 | 148.75 | DONIGAN       | GLEN       |      2 |    1 |
| 75770 | CAS  | 2010-08-27 | 2010-08-29 |    175 | TRIGLETH      | REYES      |      3 |    0 |
| 75853 | AOB  | 2010-05-10 | 2010-05-12 |    175 | MELOT         | JENNA      |      4 |    0 |
| 76087 | TAA  | 2010-11-18 | 2010-11-23 |   67.5 | SELIGA        | LEOPOLDO   |      1 |    1 |
| 76149 | AOB  | 2010-08-07 | 2010-08-09 | 201.25 | HONEYWELL     | JULIANA    |      2 |    2 |
| 76245 | RND  | 2010-07-18 | 2010-07-19 |    150 | TOSTI         | DAN        |      1 |    1 |
| 76432 | RTE  | 2010-01-30 | 2010-02-03 | 148.75 | DIEUDONNE     | KRYSTEN    |      2 |    2 |
| 76801 | HBB  | 2010-01-06 | 2010-01-18 |    125 | CRACE         | HERB       |      1 |    1 |
| 76809 | RND  | 2010-01-12 | 2010-01-14 |  187.5 | WISWELL       | JERROD     |      1 |    0 |
| 77032 | RND  | 2010-03-14 | 2010-03-17 |  172.5 | FRANC         | HERBERT    |      1 |    0 |
| 77094 | RTE  | 2010-02-23 | 2010-02-27 | 218.75 | DISHAW        | CODY       |      1 |    2 |
| 77319 | IBS  | 2010-10-09 | 2010-10-11 |  172.5 | WIDOWSKI      | EUSEBIO    |      2 |    0 |
| 77379 | HBB  | 2010-05-06 | 2010-05-08 |    115 | TORNQUIST     | JESS       |      1 |    0 |
| 77535 | RTE  | 2010-08-08 | 2010-08-12 | 201.25 | KEBEDE        | ARON       |      1 |    3 |
| 77574 | HBB  | 2010-05-22 | 2010-06-03 |     90 | CASMORE       | MARINE     |      1 |    1 |
| 77911 | TAA  | 2010-02-05 | 2010-02-07 |     75 | WIDOWSKI      | EUSEBIO    |      2 |    0 |
| 77967 | IBS  | 2010-01-30 | 2010-02-06 |  172.5 | MCNEELEY      | ARTHUR     |      1 |    0 |
| 78241 | HBB  | 2010-02-20 | 2010-02-28 |     85 | CHAMBLEE      | ALTHA      |      2 |    0 |
| 78565 | IBS  | 2010-08-28 | 2010-08-31 |  187.5 | WAGERS        | HOUSTON    |      2 |    0 |
| 78964 | RND  | 2010-08-05 | 2010-08-06 |    150 | SPERAZZA      | WILBUR     |      2 |    0 |
| 79056 | MWC  | 2010-04-19 | 2010-04-25 |    125 | GANZER        | HYMAN      |      2 |    0 |
| 79161 | RTE  | 2010-08-24 | 2010-08-25 |    175 | RUBERTI       | DOMINIC    |      1 |    0 |
| 79213 | RTE  | 2010-05-17 | 2010-05-29 |  157.5 | NEUZIL        | MIREYA     |      1 |    3 |
| 79219 | MWC  | 2010-08-27 | 2010-08-30 |    125 | KLAASS        | HYON       |      3 |    1 |
| 79296 | RTE  | 2010-11-15 | 2010-11-17 |    175 | BLACKMORE     | APRYL      |      1 |    0 |
| 79615 | FNA  | 2010-08-03 | 2010-08-05 |    250 | CONRAD        | ELODIA     |      1 |    2 |
| 80192 | MWC  | 2010-01-01 | 2010-01-03 |  112.5 | MUHLESTEIN    | REINALDO   |      3 |    1 |
| 80282 | CAS  | 2010-07-27 | 2010-07-29 |  157.5 | PETERSON      | SHARRI     |      1 |    1 |
| 80302 | HBB  | 2010-11-22 | 2010-11-24 |    115 | KLEIMAN       | MAURICIO   |      1 |    0 |
| 80390 | AOB  | 2010-10-22 | 2010-10-31 |  157.5 | PHILBERT      | CHRISTIE   |      2 |    2 |
| 80582 | CAS  | 2010-10-30 | 2010-11-09 | 201.25 | PFEUFFER      | FREDRICK   |      1 |    0 |
| 80613 | IBD  | 2010-02-09 | 2010-02-12 |    135 | CREDIT        | JANESSA    |      1 |    3 |
| 80760 | RTE  | 2010-09-03 | 2010-09-04 |    175 | DELISSER      | COLEMAN    |      3 |    1 |
| 80964 | FNA  | 2010-05-03 | 2010-05-10 |    225 | RHYME         | QUINN      |      4 |    0 |
| 80989 | IBD  | 2010-04-24 | 2010-05-06 |    150 | TIPPIN        | ASUNCION   |      1 |    0 |
| 81473 | RND  | 2010-02-01 | 2010-02-02 |  127.5 | EVERITT       | YUK        |      1 |    1 |
| 81780 | IBS  | 2010-06-09 | 2010-06-10 |    150 | ENTWISLE      | THOMAS     |      1 |    0 |
| 81785 | RTE  | 2010-07-23 | 2010-07-24 |  157.5 | FALT          | SHAWN      |      1 |    0 |
| 81825 | TAA  | 2010-11-25 | 2010-11-27 |  86.25 | DEVEY         | GIUSEPPE   |      1 |    1 |
| 82409 | MWC  | 2010-01-30 | 2010-02-01 |    125 | QUARTO        | VANDA      |      4 |    0 |
| 82502 | AOB  | 2010-12-25 | 2010-12-26 |    175 | KRULIK        | JEFFRY     |      1 |    2 |
| 82503 | RTE  | 2010-08-27 | 2010-08-29 |    175 | RIINA         | TATIANA    |      2 |    2 |
| 82515 | FNA  | 2010-08-02 | 2010-08-03 |  287.5 | ALWINE        | SHAWANDA   |      1 |    2 |
| 82874 | HBB  | 2010-03-30 | 2010-04-09 |    125 | ATTEBURG      | ELMIRA     |      1 |    1 |
| 82884 | CAS  | 2010-05-07 | 2010-05-08 |  157.5 | LEVAR         | NYLA       |      2 |    1 |
| 83021 | IBD  | 2010-06-06 | 2010-06-07 |  172.5 | KLAVETTER     | DOUGLASS   |      1 |    3 |
| 83133 | CAS  | 2010-04-26 | 2010-04-27 |    175 | JEE           | HERMAN     |      2 |    2 |
| 83347 | CAS  | 2010-02-26 | 2010-02-28 | 201.25 | MCCULLARS     | ALEIDA     |      2 |    0 |
| 83396 | FNA  | 2010-04-12 | 2010-04-13 |    250 | DRDA          | LESTER     |      1 |    1 |
| 83481 | TAA  | 2010-01-03 | 2010-01-07 |   67.5 | ENGELSON      | MIKKI      |      2 |    0 |
| 83487 | RTE  | 2010-11-30 | 2010-12-02 |    175 | SHARRER       | SHARA      |      1 |    0 |
| 83866 | CAS  | 2010-06-01 | 2010-06-05 | 148.75 | BARBER        | CALEB      |      3 |    0 |
| 84120 | MWC  | 2010-06-29 | 2010-07-05 | 143.75 | LOTTO         | MYRA       |      3 |    1 |
| 84244 | MWC  | 2010-06-06 | 2010-06-07 |    125 | TALAT         | MEAGHAN    |      2 |    1 |
| 84334 | HBB  | 2010-08-19 | 2010-08-25 |    125 | NEUBECKER     | GARY       |      2 |    0 |
| 84497 | TAA  | 2010-12-28 | 2010-12-29 |     75 | FRERICKS      | RONNY      |      2 |    0 |
| 84695 | HBB  | 2010-12-22 | 2010-12-23 |     90 | BRAND         | TROY       |      2 |    0 |
| 84715 | IBS  | 2010-04-18 | 2010-04-19 |    150 | BECKUM        | MISSY      |      1 |    0 |
| 84756 | TAA  | 2010-02-19 | 2010-02-22 |     75 | CARLYLE       | BILLYE     |      1 |    1 |
| 85102 | CAS  | 2010-08-15 | 2010-08-16 | 201.25 | GIANOPULOS    | LYLA       |      1 |    0 |
| 85166 | RTE  | 2010-11-17 | 2010-11-19 | 201.25 | RAUGHT        | DARON      |      3 |    1 |
| 85215 | FNA  | 2010-05-14 | 2010-05-21 |    250 | TEHNEY        | DARRYL     |      1 |    0 |
| 85417 | FNA  | 2010-11-21 | 2010-11-26 |    225 | MULKEY        | EMERY      |      2 |    0 |
| 85547 | TAA  | 2010-09-11 | 2010-09-16 |  93.75 | EMIGHOLZ      | ERWIN      |      1 |    1 |
| 86151 | TAA  | 2010-07-13 | 2010-07-15 |   67.5 | RIOPEL        | TANA       |      1 |    1 |
| 86375 | MWC  | 2010-06-12 | 2010-06-22 | 156.25 | RANAUDO       | SELINA     |      1 |    0 |
| 86394 | HBB  | 2010-07-07 | 2010-07-09 |    100 | WESTLING      | DACIA      |      2 |    0 |
| 86560 | IBD  | 2010-06-23 | 2010-06-24 |  187.5 | SHUTTERS      | CLARINDA   |      3 |    1 |
| 87086 | IBD  | 2010-06-28 | 2010-07-07 |    150 | WAGERS        | HOUSTON    |      1 |    0 |
| 87260 | HBB  | 2010-02-13 | 2010-02-15 |     90 | REPKE         | CHAE       |      1 |    1 |
| 87412 | FNA  | 2010-07-16 | 2010-07-22 |    250 | HARE          | ELSIE      |      2 |    2 |
| 87560 | RND  | 2010-09-01 | 2010-09-02 |    150 | SABALA        | MORTON     |      1 |    0 |
| 87631 | CAS  | 2010-06-16 | 2010-06-23 |    175 | EDEMANN       | KACI       |      1 |    0 |
| 87713 | HBB  | 2010-10-08 | 2010-10-10 |     90 | TANKER        | JONE       |      1 |    0 |
| 87722 | CAS  | 2010-01-01 | 2010-01-07 |    175 | GIERLING      | TRENT      |      2 |    0 |
| 87890 | MWC  | 2010-12-20 | 2010-12-22 | 143.75 | HELKE         | ISAAC      |      1 |    0 |
| 87915 | TAA  | 2010-01-18 | 2010-01-24 |  63.75 | ACHENBACH     | HERB       |      1 |    0 |
| 87943 | MWC  | 2010-05-21 | 2010-05-28 |    125 | LUTFY         | LIZETTE    |      2 |    0 |
| 87949 | RTE  | 2010-11-02 | 2010-11-03 | 201.25 | SCHWEITZ      | DANNETTE   |      3 |    1 |
| 88588 | MWC  | 2010-12-16 | 2010-12-17 |    125 | RELFORD       | MARYBELLE  |      2 |    0 |
| 88795 | IBS  | 2010-08-18 | 2010-08-26 |    150 | EURICH        | ANTONE     |      1 |    1 |
| 88863 | CAS  | 2010-10-22 | 2010-10-23 |    175 | TOAN          | YONG       |      1 |    0 |
| 88884 | HBB  | 2010-04-27 | 2010-04-30 |     85 | KIRAKOSYAN    | KAREEM     |      1 |    1 |
| 88892 | IBD  | 2010-11-22 | 2010-11-26 |  187.5 | MARKWORTH     | DESPINA    |      4 |    0 |
| 89101 | CAS  | 2010-01-29 | 2010-01-30 | 201.25 | GIOVANINI     | ROXANE     |      1 |    1 |
| 89102 | TAA  | 2010-01-14 | 2010-01-15 |   67.5 | CARBACK       | ZOLA       |      2 |    0 |
| 89123 | IBS  | 2010-01-20 | 2010-01-30 |  172.5 | GISSLER       | EFRAIN     |      1 |    0 |
| 89433 | TAA  | 2010-08-08 | 2010-08-18 |  63.75 | SHALHOUP      | AMAL       |      1 |    0 |
| 89519 | TAA  | 2010-02-09 | 2010-02-10 |     75 | STIMSON       | NICOLA     |      1 |    0 |
| 89780 | HBB  | 2010-04-09 | 2010-04-11 |    100 | WAHR          | CLINT      |      1 |    0 |
| 90108 | MWC  | 2010-04-30 | 2010-05-01 | 156.25 | FANZO         | TERRY      |      1 |    0 |
| 90483 | CAS  | 2010-02-14 | 2010-02-25 |    175 | HUIZINGA      | GILBERT    |      2 |    1 |
| 90569 | CAS  | 2010-03-06 | 2010-03-07 | 201.25 | LIBBERTON     | SAM        |      1 |    0 |
| 90621 | TAA  | 2010-11-28 | 2010-11-30 |  86.25 | RENDLEMAN     | JULI       |      1 |    0 |
| 90653 | CAS  | 2010-08-16 | 2010-08-17 |    175 | SHIYOU        | SYLVIE     |      1 |    0 |
| 91415 | MWC  | 2010-05-16 | 2010-05-18 |  112.5 | LEHRFELD      | CHERLY     |      3 |    0 |
| 91895 | RND  | 2010-09-10 | 2010-09-11 |    150 | BLADE         | RUBEN      |      1 |    0 |
| 92150 | CAS  | 2010-06-13 | 2010-06-16 |  157.5 | BOBSEINE      | HUMBERTO   |      1 |    2 |
| 92303 | FNA  | 2010-11-04 | 2010-11-10 |  287.5 | BRISENDINE    | JEWEL      |      1 |    0 |
| 92348 | MWC  | 2010-08-11 | 2010-08-17 |    125 | BARTHELL      | RICARDA    |      1 |    0 |
| 92372 | CAS  | 2010-04-01 | 2010-04-03 |    175 | GOODHUE       | RUSSELL    |      1 |    0 |
| 92463 | TAA  | 2010-04-14 | 2010-04-15 |     75 | DAOUD         | STEPHEN    |      1 |    0 |
| 92508 | TAA  | 2010-02-26 | 2010-02-27 |     75 | MULE          | DIONNA     |      2 |    0 |
| 92515 | CAS  | 2010-07-18 | 2010-07-25 | 201.25 | LIESTMAN      | TOVA       |      2 |    0 |
| 92608 | HBB  | 2010-07-30 | 2010-08-01 |    125 | PENCEK        | SILVIA     |      1 |    0 |
| 93165 | HBB  | 2010-12-10 | 2010-12-14 |     90 | LEDOUX        | LENA       |      1 |    0 |
| 93341 | AOB  | 2010-04-02 | 2010-04-08 |    175 | FROHMAN       | SHAYNE     |      3 |    1 |
| 93382 | CAS  | 2010-05-16 | 2010-05-22 |    175 | PACHERO       | MAGAN      |      2 |    2 |
| 93389 | CAS  | 2010-12-31 | 2011-01-08 | 218.75 | PELLOWSKI     | ELKE       |      1 |    0 |
| 93407 | IBS  | 2010-11-05 | 2010-11-07 |  187.5 | KOLP          | PAMELIA    |      1 |    0 |
| 93587 | MWC  | 2010-11-11 | 2010-11-12 |  112.5 | ZELAYA        | PRINCE     |      3 |    1 |
| 93672 | RTE  | 2010-02-28 | 2010-03-04 | 148.75 | SOMO          | FELICITAS  |      1 |    1 |
| 93732 | CAS  | 2010-04-30 | 2010-05-02 |  157.5 | STARE         | ELIJAH     |      1 |    0 |
| 93736 | IBD  | 2010-11-07 | 2010-11-10 |    135 | TREGRE        | COLTON     |      2 |    1 |
| 93918 | FNA  | 2010-01-26 | 2010-01-31 |    250 | HARDACRE      | NEIL       |      3 |    0 |
| 93984 | RND  | 2010-07-02 | 2010-07-03 |  187.5 | DEBARDELABEN  | NELL       |      1 |    0 |
| 94004 | FNA  | 2010-12-21 | 2010-12-24 |    250 | JARVI         | JOHNNIE    |      4 |    0 |
| 94073 | CAS  | 2010-11-27 | 2010-12-03 |    175 | MANSELL       | FLORENTINO |      1 |    0 |
| 94074 | IBS  | 2010-07-15 | 2010-07-16 |    135 | TRIBBY        | ADELIA     |      1 |    0 |
| 94375 | RND  | 2010-09-13 | 2010-09-19 |    150 | WEGER         | TOBY       |      1 |    0 |
| 94437 | FNA  | 2010-07-31 | 2010-08-02 |    250 | SVATEK        | KELLY      |      2 |    0 |
| 94545 | AOB  | 2010-03-03 | 2010-03-13 | 201.25 | SHERRANGE     | AUGUST     |      2 |    0 |
| 94735 | TAA  | 2010-07-31 | 2010-08-05 |     75 | ALMGREN       | CHANTAY    |      1 |    1 |
| 94949 | TAA  | 2010-07-03 | 2010-07-09 |     75 | FINEFROCK     | ALEXIS     |      1 |    1 |
| 95100 | IBS  | 2010-10-27 | 2010-11-05 |  172.5 | LABAT         | JEANMARIE  |      1 |    0 |
| 95204 | AOB  | 2010-10-08 | 2010-10-14 |  157.5 | CARRUTH       | SANDY      |      1 |    2 |
| 95260 | IBS  | 2010-03-07 | 2010-03-19 |  187.5 | PERRINO       | DENNY      |      1 |    0 |
| 95519 | IBD  | 2010-03-21 | 2010-03-23 |  172.5 | ZINDEL        | CHUNG      |      2 |    2 |
| 95600 | FNA  | 2010-02-05 | 2010-02-07 |    225 | MOUTON        | CASANDRA   |      4 |    0 |
| 95605 | AOB  | 2010-08-18 | 2010-08-20 | 218.75 | FIGLIOLI      | NANCI      |      1 |    2 |
| 95620 | MWC  | 2010-09-07 | 2010-09-10 |  112.5 | ZAHLER        | GORDON     |      1 |    0 |
| 95709 | RND  | 2010-06-21 | 2010-07-02 |    135 | TRUDEN        | LEWIS      |      1 |    0 |
| 96005 | IBD  | 2010-01-01 | 2010-01-07 |    150 | BUTALA        | YEVETTE    |      3 |    0 |
| 96658 | IBS  | 2010-12-30 | 2011-01-01 |  187.5 | SCHLESSELMAN  | NEVILLE    |      1 |    0 |
| 96839 | RND  | 2010-03-11 | 2010-03-12 |    150 | ARANAS        | ROD        |      1 |    0 |
| 96909 | MWC  | 2010-04-09 | 2010-04-15 |    125 | WILLIBRAND    | HEATHER    |      3 |    0 |
| 96983 | IBD  | 2010-06-18 | 2010-06-23 |  127.5 | CLOWERD       | ARNULFO    |      2 |    1 |
| 97000 | HBB  | 2010-06-20 | 2010-06-26 |    125 | OCHS          | ANGLA      |      1 |    0 |
| 97220 | IBS  | 2010-08-31 | 2010-09-04 |  187.5 | WIXOM         | MARCIA     |      1 |    1 |
| 97269 | HBB  | 2010-10-04 | 2010-10-05 |    115 | MELVE         | PHIL       |      1 |    1 |
| 97303 | RND  | 2010-04-21 | 2010-04-30 |    150 | WAEGNER       | STANFORD   |      1 |    0 |
| 97375 | MWC  | 2010-08-26 | 2010-08-27 |  112.5 | DONNELLEY     | GARNET     |      3 |    0 |
| 97491 | TAA  | 2010-06-19 | 2010-06-23 |  86.25 | BALCOM        | JOEY       |      1 |    0 |
| 97512 | RND  | 2010-12-31 | 2011-01-02 |    150 | FRAILEY       | JUANITA    |      1 |    0 |
| 97542 | CAS  | 2010-01-27 | 2010-01-29 |    175 | GARZONE       | EDISON     |      3 |    0 |
| 97585 | HBB  | 2010-08-15 | 2010-08-16 |     85 | PARISER       | ELIJAH     |      1 |    0 |
| 97924 | TAA  | 2010-05-19 | 2010-05-21 |     75 | SPECTOR       | FRITZ      |      2 |    0 |
| 97996 | IBD  | 2010-05-06 | 2010-05-07 |    135 | LUCIDO        | AHMAD      |      1 |    1 |
| 98216 | IBD  | 2010-02-18 | 2010-02-25 |    150 | RAMSDEN       | BILLIE     |      1 |    0 |
| 98328 | CAS  | 2010-11-14 | 2010-11-15 | 201.25 | MORAWSKI      | KRIS       |      1 |    3 |
| 98441 | MWC  | 2010-10-30 | 2010-11-07 | 106.25 | RAMPLEY       | HERMA      |      4 |    0 |
| 98557 | RTE  | 2010-04-20 | 2010-04-21 | 218.75 | MAIDENS       | THOMASINE  |      1 |    2 |
| 98711 | CAS  | 2010-10-08 | 2010-10-09 | 201.25 | ROSSEY        | ALLEN      |      1 |    0 |
| 98805 | CAS  | 2010-09-16 | 2010-09-18 |    175 | WITHFIELD     | IVORY      |      1 |    1 |
| 98882 | IBD  | 2010-07-07 | 2010-07-14 |  127.5 | GOON          | JONE       |      1 |    0 |
| 99236 | FNA  | 2010-11-16 | 2010-11-17 |  287.5 | SCHOENING     | LEROY      |      1 |    1 |
| 99268 | IBS  | 2010-04-30 | 2010-05-03 |    135 | LEEHY         | NENA       |      1 |    0 |
| 99340 | CAS  | 2010-03-04 | 2010-03-05 |    175 | DONIGAN       | GLEN       |      3 |    0 |
| 99419 | FNA  | 2010-07-11 | 2010-07-12 |    250 | DALGLEISH     | RYAN       |      4 |    0 |
| 99471 | RND  | 2010-01-31 | 2010-02-01 |    135 | ABRAHAMS      | ANNETT     |      1 |    0 |
| 99478 | CAS  | 2010-12-29 | 2010-12-31 |  157.5 | WENRICH       | ELWOOD     |      3 |    0 |
| 99845 | IBD  | 2010-05-27 | 2010-05-28 |    150 | SEVILLANO     | LILLI      |      3 |    0 |
| 99863 | FNA  | 2010-04-17 | 2010-04-19 |    250 | ARBUCKLE      | LORENA     |      4 |    0 |
+-------+------+------------+------------+--------+---------------+------------+--------+------+
600 rows in set (0.00 sec)

--------------
SELECT COUNT(*) FROM Reservations
--------------

+----------+
| COUNT(*) |
+----------+
|      600 |
+----------+
1 row in set (0.00 sec)

--------------
DROP TABLE Reservations
--------------

Query OK, 0 rows affected (0.01 sec)

--------------
DROP TABLE Rooms
--------------

Query OK, 0 rows affected (0.01 sec)

--------------
SHOW TABLES
--------------

Empty set (0.00 sec)

mysql> notee
